solid OpenSCAD_Model
  facet normal -1 0 0
    outer loop
      vertex 0 60 0
      vertex 0 49 2
      vertex 0 60 2
    endloop
  endfacet
  facet normal -1 0 0
    outer loop
      vertex 0 49 2
      vertex 0 46 2
      vertex 0 49 4
    endloop
  endfacet
  facet normal -1 0 0
    outer loop
      vertex 0 60 0
      vertex 0 46 2
      vertex 0 49 2
    endloop
  endfacet
  facet normal -1 0 0
    outer loop
      vertex 0 0 0
      vertex 0 46 2
      vertex 0 60 0
    endloop
  endfacet
  facet normal -1 0 0
    outer loop
      vertex 0 4 2
      vertex 0 1 2
      vertex 0 4 4
    endloop
  endfacet
  facet normal -1 -0 0
    outer loop
      vertex 0 46 2
      vertex 0 0 0
      vertex 0 4 2
    endloop
  endfacet
  facet normal -1 -0 0
    outer loop
      vertex 0 4 2
      vertex 0 0 0
      vertex 0 1 2
    endloop
  endfacet
  facet normal -1 -0 0
    outer loop
      vertex 0 1 2
      vertex 0 0 0
      vertex 0 0 2
    endloop
  endfacet
  facet normal -1 -0 0
    outer loop
      vertex 0 49 4
      vertex 0 46 2
      vertex 0 46 4
    endloop
  endfacet
  facet normal -1 -0 0
    outer loop
      vertex 0 4 4
      vertex 0 1 2
      vertex 0 1 4
    endloop
  endfacet
  facet normal 0 0 1
    outer loop
      vertex 7 4 2
      vertex 4.92388 4.38268 2
      vertex 5 4 2
    endloop
  endfacet
  facet normal -0 0 1
    outer loop
      vertex 4.70711 4.70711 2
      vertex 7 4 2
      vertex 4.81066 11.4393 2
    endloop
  endfacet
  facet normal 0 0 1
    outer loop
      vertex 7 4 2
      vertex 4.70711 4.70711 2
      vertex 4.92388 4.38268 2
    endloop
  endfacet
  facet normal 0 0 1
    outer loop
      vertex 4.81066 11.4393 2
      vertex 4.38268 4.92388 2
      vertex 4.70711 4.70711 2
    endloop
  endfacet
  facet normal -0 0 1
    outer loop
      vertex 4.32402 11.1142 2
      vertex 4.38268 4.92388 2
      vertex 4.81066 11.4393 2
    endloop
  endfacet
  facet normal 0 0 1
    outer loop
      vertex 4.32402 11.1142 2
      vertex 4 5 2
      vertex 4.38268 4.92388 2
    endloop
  endfacet
  facet normal -0 0 1
    outer loop
      vertex 3.75 11 2
      vertex 4 5 2
      vertex 4.32402 11.1142 2
    endloop
  endfacet
  facet normal 0 0 1
    outer loop
      vertex 3.17597 11.1142 2
      vertex 4 5 2
      vertex 3.75 11 2
    endloop
  endfacet
  facet normal 0 0 1
    outer loop
      vertex 1 5 2
      vertex 3.17597 11.1142 2
      vertex 2.68934 11.4393 2
    endloop
  endfacet
  facet normal 0 0 1
    outer loop
      vertex 0.617316 4.92388 2
      vertex 2.68934 11.4393 2
      vertex 2.36418 11.926 2
    endloop
  endfacet
  facet normal 0 0 1
    outer loop
      vertex 3.17597 11.1142 2
      vertex 1 5 2
      vertex 4 5 2
    endloop
  endfacet
  facet normal 0 0 1
    outer loop
      vertex 0.292892 4.70711 2
      vertex 2.36418 11.926 2
      vertex 2.25 12.5 2
    endloop
  endfacet
  facet normal -0 0 1
    outer loop
      vertex 5.13582 31.926 2
      vertex 5.25 17.5 2
      vertex 5.25 32.5 2
    endloop
  endfacet
  facet normal 0 0 1
    outer loop
      vertex 5.13582 31.926 2
      vertex 5.13582 18.074 2
      vertex 5.25 17.5 2
    endloop
  endfacet
  facet normal -0 0 1
    outer loop
      vertex 4.81066 31.4393 2
      vertex 5.13582 18.074 2
      vertex 5.13582 31.926 2
    endloop
  endfacet
  facet normal 0 0 1
    outer loop
      vertex 4.81066 31.4393 2
      vertex 4.81066 18.5607 2
      vertex 5.13582 18.074 2
    endloop
  endfacet
  facet normal -0 0 1
    outer loop
      vertex 4.32402 31.1142 2
      vertex 4.81066 18.5607 2
      vertex 4.81066 31.4393 2
    endloop
  endfacet
  facet normal 0 0 1
    outer loop
      vertex 4.32402 31.1142 2
      vertex 4.32402 18.8858 2
      vertex 4.81066 18.5607 2
    endloop
  endfacet
  facet normal 0 0 1
    outer loop
      vertex 4.32402 31.1142 2
      vertex 3.75 19 2
      vertex 4.32402 18.8858 2
    endloop
  endfacet
  facet normal -0 0 1
    outer loop
      vertex 3.75 31 2
      vertex 3.75 19 2
      vertex 4.32402 31.1142 2
    endloop
  endfacet
  facet normal 0 0 1
    outer loop
      vertex 3.17597 31.1142 2
      vertex 3.75 19 2
      vertex 3.75 31 2
    endloop
  endfacet
  facet normal 0 0 1
    outer loop
      vertex 3.17597 31.1142 2
      vertex 3.17597 18.8858 2
      vertex 3.75 19 2
    endloop
  endfacet
  facet normal 0 0 1
    outer loop
      vertex 2.68934 31.4393 2
      vertex 3.17597 18.8858 2
      vertex 3.17597 31.1142 2
    endloop
  endfacet
  facet normal 0 0 1
    outer loop
      vertex 2.68934 31.4393 2
      vertex 2.68934 18.5607 2
      vertex 3.17597 18.8858 2
    endloop
  endfacet
  facet normal 0 0 1
    outer loop
      vertex 2.36418 31.926 2
      vertex 2.68934 18.5607 2
      vertex 2.68934 31.4393 2
    endloop
  endfacet
  facet normal 0 0 1
    outer loop
      vertex 2.36418 31.926 2
      vertex 2.36418 18.074 2
      vertex 2.68934 18.5607 2
    endloop
  endfacet
  facet normal 0 0 1
    outer loop
      vertex 2.25 32.5 2
      vertex 2.36418 18.074 2
      vertex 2.36418 31.926 2
    endloop
  endfacet
  facet normal 0 0 1
    outer loop
      vertex 2.36418 18.074 2
      vertex 2.25 32.5 2
      vertex 2.25 17.5 2
    endloop
  endfacet
  facet normal 0 0 1
    outer loop
      vertex 12 60 2
      vertex 11.9239 49.3827 2
      vertex 12 49 2
    endloop
  endfacet
  facet normal 0 0 1
    outer loop
      vertex 12 60 2
      vertex 11.7071 49.7071 2
      vertex 11.9239 49.3827 2
    endloop
  endfacet
  facet normal 0 0 1
    outer loop
      vertex 12 60 2
      vertex 11.3827 49.9239 2
      vertex 11.7071 49.7071 2
    endloop
  endfacet
  facet normal 0 0 1
    outer loop
      vertex 12 60 2
      vertex 11 50 2
      vertex 11.3827 49.9239 2
    endloop
  endfacet
  facet normal 0 0 1
    outer loop
      vertex 12 60 2
      vertex 8 50 2
      vertex 11 50 2
    endloop
  endfacet
  facet normal 0 0 1
    outer loop
      vertex 12 60 2
      vertex 7.61732 49.9239 2
      vertex 8 50 2
    endloop
  endfacet
  facet normal 0 0 1
    outer loop
      vertex 4.38268 49.9239 2
      vertex 7.61732 49.9239 2
      vertex 12 60 2
    endloop
  endfacet
  facet normal 0 0 1
    outer loop
      vertex 7.61732 49.9239 2
      vertex 4.38268 49.9239 2
      vertex 7.29289 49.7071 2
    endloop
  endfacet
  facet normal 0 0 1
    outer loop
      vertex 5 46 2
      vertex 7 46 2
      vertex 7 49 2
    endloop
  endfacet
  facet normal 0 0 1
    outer loop
      vertex 7 46 2
      vertex 5.25 32.5 2
      vertex 7 4 2
    endloop
  endfacet
  facet normal 0 0 1
    outer loop
      vertex 7 46 2
      vertex 5.25 37.5 2
      vertex 5.25 32.5 2
    endloop
  endfacet
  facet normal 0 0 1
    outer loop
      vertex 7 46 2
      vertex 5.13582 38.074 2
      vertex 5.25 37.5 2
    endloop
  endfacet
  facet normal 0 0 1
    outer loop
      vertex 5 46 2
      vertex 7 49 2
      vertex 5 49 2
    endloop
  endfacet
  facet normal 0 0 1
    outer loop
      vertex 7.07612 49.3827 2
      vertex 5 49 2
      vertex 7 49 2
    endloop
  endfacet
  facet normal 0 -0 1
    outer loop
      vertex 4.70711 49.7071 2
      vertex 7.29289 49.7071 2
      vertex 4.38268 49.9239 2
    endloop
  endfacet
  facet normal 0 0 1
    outer loop
      vertex 7.07612 49.3827 2
      vertex 4.92388 49.3827 2
      vertex 5 49 2
    endloop
  endfacet
  facet normal 0 0 1
    outer loop
      vertex 7.07612 49.3827 2
      vertex 4.70711 49.7071 2
      vertex 4.92388 49.3827 2
    endloop
  endfacet
  facet normal 0 0 1
    outer loop
      vertex 7.29289 49.7071 2
      vertex 4.70711 49.7071 2
      vertex 7.07612 49.3827 2
    endloop
  endfacet
  facet normal -0 0 1
    outer loop
      vertex 0 60 2
      vertex 4.38268 49.9239 2
      vertex 12 60 2
    endloop
  endfacet
  facet normal 0 0 1
    outer loop
      vertex 4.38268 49.9239 2
      vertex 0 60 2
      vertex 4 50 2
    endloop
  endfacet
  facet normal 0 0 1
    outer loop
      vertex 4 50 2
      vertex 0 60 2
      vertex 1 50 2
    endloop
  endfacet
  facet normal 0 0 1
    outer loop
      vertex 1 50 2
      vertex 0 60 2
      vertex 0.617316 49.9239 2
    endloop
  endfacet
  facet normal 0 0 1
    outer loop
      vertex 0.617316 49.9239 2
      vertex 0 60 2
      vertex 0.292892 49.7071 2
    endloop
  endfacet
  facet normal 0 0 1
    outer loop
      vertex 0 60 2
      vertex 0.0761204 49.3827 2
      vertex 0.292892 49.7071 2
    endloop
  endfacet
  facet normal 0 0 1
    outer loop
      vertex 0.0761204 49.3827 2
      vertex 0 60 2
      vertex 0 49 2
    endloop
  endfacet
  facet normal -0 0 1
    outer loop
      vertex 11.9239 45.6173 2
      vertex 12 27.5 2
      vertex 12 46 2
    endloop
  endfacet
  facet normal -0 0 1
    outer loop
      vertex 11.7071 45.2929 2
      vertex 12 27.5 2
      vertex 11.9239 45.6173 2
    endloop
  endfacet
  facet normal -0 0 1
    outer loop
      vertex 11.3827 45.0761 2
      vertex 12 27.5 2
      vertex 11.7071 45.2929 2
    endloop
  endfacet
  facet normal -0 0 1
    outer loop
      vertex 11 45 2
      vertex 12 27.5 2
      vertex 11.3827 45.0761 2
    endloop
  endfacet
  facet normal 0 0 1
    outer loop
      vertex 11 45 2
      vertex 8.5 27.5 2
      vertex 12 27.5 2
    endloop
  endfacet
  facet normal -0 0 1
    outer loop
      vertex 8 45 2
      vertex 8.5 27.5 2
      vertex 11 45 2
    endloop
  endfacet
  facet normal 0 0 1
    outer loop
      vertex 8.5 27.5 2
      vertex 8 45 2
      vertex 8.11732 27.4239 2
    endloop
  endfacet
  facet normal 0 0 1
    outer loop
      vertex 7.61732 45.0761 2
      vertex 8.11732 27.4239 2
      vertex 8 45 2
    endloop
  endfacet
  facet normal 0 0 1
    outer loop
      vertex 8.11732 27.4239 2
      vertex 7.61732 45.0761 2
      vertex 7.79289 27.2071 2
    endloop
  endfacet
  facet normal 0 0 1
    outer loop
      vertex 7.29289 45.2929 2
      vertex 7.79289 27.2071 2
      vertex 7.61732 45.0761 2
    endloop
  endfacet
  facet normal 0 0 1
    outer loop
      vertex 7.79289 27.2071 2
      vertex 7.29289 45.2929 2
      vertex 7.57612 26.8827 2
    endloop
  endfacet
  facet normal 0 0 1
    outer loop
      vertex 7.57612 26.8827 2
      vertex 7.07612 45.6173 2
      vertex 7.5 26.5 2
    endloop
  endfacet
  facet normal 0 0 1
    outer loop
      vertex 7.07612 45.6173 2
      vertex 7.57612 26.8827 2
      vertex 7.29289 45.2929 2
    endloop
  endfacet
  facet normal 0 0 1
    outer loop
      vertex 12 22.5 2
      vertex 11.9239 4.38268 2
      vertex 12 4 2
    endloop
  endfacet
  facet normal 0 0 1
    outer loop
      vertex 12 22.5 2
      vertex 11.7071 4.70711 2
      vertex 11.9239 4.38268 2
    endloop
  endfacet
  facet normal 0 0 1
    outer loop
      vertex 12 22.5 2
      vertex 11.3827 4.92388 2
      vertex 11.7071 4.70711 2
    endloop
  endfacet
  facet normal 0 0 1
    outer loop
      vertex 12 22.5 2
      vertex 11 5 2
      vertex 11.3827 4.92388 2
    endloop
  endfacet
  facet normal -0 0 1
    outer loop
      vertex 8.5 22.5 2
      vertex 11 5 2
      vertex 12 22.5 2
    endloop
  endfacet
  facet normal 0 0 1
    outer loop
      vertex 8 5 2
      vertex 8.5 22.5 2
      vertex 8.11732 22.5761 2
    endloop
  endfacet
  facet normal 0 0 1
    outer loop
      vertex 8.5 22.5 2
      vertex 8 5 2
      vertex 11 5 2
    endloop
  endfacet
  facet normal 0 0 1
    outer loop
      vertex 7.61732 4.92388 2
      vertex 8.11732 22.5761 2
      vertex 7.79289 22.7929 2
    endloop
  endfacet
  facet normal 0 0 1
    outer loop
      vertex 8.11732 22.5761 2
      vertex 7.61732 4.92388 2
      vertex 8 5 2
    endloop
  endfacet
  facet normal 0 0 1
    outer loop
      vertex 7.29289 4.70711 2
      vertex 7.79289 22.7929 2
      vertex 7.57612 23.1173 2
    endloop
  endfacet
  facet normal 0 0 1
    outer loop
      vertex 7.07612 4.38268 2
      vertex 7.57612 23.1173 2
      vertex 7.5 23.5 2
    endloop
  endfacet
  facet normal 0 0 1
    outer loop
      vertex 7 46 2
      vertex 7.5 26.5 2
      vertex 7.07612 45.6173 2
    endloop
  endfacet
  facet normal 0 0 1
    outer loop
      vertex 7.79289 22.7929 2
      vertex 7.29289 4.70711 2
      vertex 7.61732 4.92388 2
    endloop
  endfacet
  facet normal 0 0 1
    outer loop
      vertex 7.5 26.5 2
      vertex 7 46 2
      vertex 7.5 23.5 2
    endloop
  endfacet
  facet normal 0 0 1
    outer loop
      vertex 7.57612 23.1173 2
      vertex 7.07612 4.38268 2
      vertex 7.29289 4.70711 2
    endloop
  endfacet
  facet normal 0 0 1
    outer loop
      vertex 7 4 2
      vertex 7.5 23.5 2
      vertex 7 46 2
    endloop
  endfacet
  facet normal 0 0 1
    outer loop
      vertex 7.5 23.5 2
      vertex 7 4 2
      vertex 7.07612 4.38268 2
    endloop
  endfacet
  facet normal -0 0 1
    outer loop
      vertex 5.25 17.5 2
      vertex 7 4 2
      vertex 5.25 32.5 2
    endloop
  endfacet
  facet normal -0 0 1
    outer loop
      vertex 5.25 12.5 2
      vertex 7 4 2
      vertex 5.25 17.5 2
    endloop
  endfacet
  facet normal -0 0 1
    outer loop
      vertex 5.13582 11.926 2
      vertex 7 4 2
      vertex 5.25 12.5 2
    endloop
  endfacet
  facet normal -0 0 1
    outer loop
      vertex 4.81066 11.4393 2
      vertex 7 4 2
      vertex 5.13582 11.926 2
    endloop
  endfacet
  facet normal 0 0 1
    outer loop
      vertex 7 4 2
      vertex 5 4 2
      vertex 7 1 2
    endloop
  endfacet
  facet normal 0 0 1
    outer loop
      vertex 5 1 2
      vertex 7 1 2
      vertex 5 4 2
    endloop
  endfacet
  facet normal 0 0 1
    outer loop
      vertex 7 1 2
      vertex 5 1 2
      vertex 7.07612 0.617316 2
    endloop
  endfacet
  facet normal 0 0 1
    outer loop
      vertex 4.92388 0.617316 2
      vertex 7.07612 0.617316 2
      vertex 5 1 2
    endloop
  endfacet
  facet normal 0 0 1
    outer loop
      vertex 7.07612 0.617316 2
      vertex 4.92388 0.617316 2
      vertex 7.29289 0.292892 2
    endloop
  endfacet
  facet normal 0 0 1
    outer loop
      vertex 4.70711 0.292892 2
      vertex 7.29289 0.292892 2
      vertex 4.92388 0.617316 2
    endloop
  endfacet
  facet normal 0 0 1
    outer loop
      vertex 7.29289 0.292892 2
      vertex 4.70711 0.292892 2
      vertex 7.61732 0.0761204 2
    endloop
  endfacet
  facet normal 0 0 1
    outer loop
      vertex 4.38268 0.0761204 2
      vertex 7.61732 0.0761204 2
      vertex 4.70711 0.292892 2
    endloop
  endfacet
  facet normal 0 0 1
    outer loop
      vertex 7.61732 0.0761204 2
      vertex 4.38268 0.0761204 2
      vertex 8 0 2
    endloop
  endfacet
  facet normal 0 0 1
    outer loop
      vertex 8 0 2
      vertex 4.38268 0.0761204 2
      vertex 4 0 2
    endloop
  endfacet
  facet normal 0 0 1
    outer loop
      vertex 7 46 2
      vertex 5 46 2
      vertex 4.92388 45.6173 2
    endloop
  endfacet
  facet normal 0 0 1
    outer loop
      vertex 4.70711 45.2929 2
      vertex 7 46 2
      vertex 4.92388 45.6173 2
    endloop
  endfacet
  facet normal 0 0 1
    outer loop
      vertex 7 46 2
      vertex 4.81066 38.5607 2
      vertex 5.13582 38.074 2
    endloop
  endfacet
  facet normal 0 0 1
    outer loop
      vertex 7 46 2
      vertex 4.70711 45.2929 2
      vertex 4.81066 38.5607 2
    endloop
  endfacet
  facet normal -0 0 1
    outer loop
      vertex 4.38268 45.0761 2
      vertex 4.81066 38.5607 2
      vertex 4.70711 45.2929 2
    endloop
  endfacet
  facet normal 0 0 1
    outer loop
      vertex 4.38268 45.0761 2
      vertex 4.32402 38.8858 2
      vertex 4.81066 38.5607 2
    endloop
  endfacet
  facet normal -0 0 1
    outer loop
      vertex 4 45 2
      vertex 4.32402 38.8858 2
      vertex 4.38268 45.0761 2
    endloop
  endfacet
  facet normal 0 0 1
    outer loop
      vertex 4 45 2
      vertex 3.75 39 2
      vertex 4.32402 38.8858 2
    endloop
  endfacet
  facet normal 0 0 1
    outer loop
      vertex 4 45 2
      vertex 3.17597 38.8858 2
      vertex 3.75 39 2
    endloop
  endfacet
  facet normal -0 0 1
    outer loop
      vertex 0.999999 45 2
      vertex 3.17597 38.8858 2
      vertex 4 45 2
    endloop
  endfacet
  facet normal 0 0 1
    outer loop
      vertex 3.17597 38.8858 2
      vertex 0.999999 45 2
      vertex 2.68934 38.5607 2
    endloop
  endfacet
  facet normal 0 0 1
    outer loop
      vertex 0.0761204 45.6173 2
      vertex 2.25 32.5 2
      vertex 2.25 37.5 2
    endloop
  endfacet
  facet normal 0 0 1
    outer loop
      vertex 2.25 32.5 2
      vertex 0.0761204 45.6173 2
      vertex 2.25 17.5 2
    endloop
  endfacet
  facet normal 0 0 1
    outer loop
      vertex 2.25 17.5 2
      vertex 0.0761204 4.38268 2
      vertex 2.25 12.5 2
    endloop
  endfacet
  facet normal 0 0 1
    outer loop
      vertex 0.617316 45.0761 2
      vertex 2.68934 38.5607 2
      vertex 0.999999 45 2
    endloop
  endfacet
  facet normal 0 0 1
    outer loop
      vertex 2.68934 38.5607 2
      vertex 0.617316 45.0761 2
      vertex 2.36418 38.074 2
    endloop
  endfacet
  facet normal 0 0 1
    outer loop
      vertex 0.292892 45.2929 2
      vertex 2.36418 38.074 2
      vertex 0.617316 45.0761 2
    endloop
  endfacet
  facet normal 0 0 1
    outer loop
      vertex 2.36418 38.074 2
      vertex 0.292892 45.2929 2
      vertex 2.25 37.5 2
    endloop
  endfacet
  facet normal 0 0 1
    outer loop
      vertex 2.68934 11.4393 2
      vertex 0.617316 4.92388 2
      vertex 1 5 2
    endloop
  endfacet
  facet normal 0 0 1
    outer loop
      vertex 0.0761204 45.6173 2
      vertex 2.25 37.5 2
      vertex 0.292892 45.2929 2
    endloop
  endfacet
  facet normal 0 0 1
    outer loop
      vertex 2.36418 11.926 2
      vertex 0.292892 4.70711 2
      vertex 0.617316 4.92388 2
    endloop
  endfacet
  facet normal 0 0 1
    outer loop
      vertex 2.25 17.5 2
      vertex 0.0761204 45.6173 2
      vertex 0.0761204 4.38268 2
    endloop
  endfacet
  facet normal 0 0 1
    outer loop
      vertex 2.25 12.5 2
      vertex 0.0761204 4.38268 2
      vertex 0.292892 4.70711 2
    endloop
  endfacet
  facet normal 0 0 1
    outer loop
      vertex 0 46 2
      vertex 0.0761204 4.38268 2
      vertex 0.0761204 45.6173 2
    endloop
  endfacet
  facet normal 0 0 1
    outer loop
      vertex 0.0761204 4.38268 2
      vertex 0 46 2
      vertex 0 4 2
    endloop
  endfacet
  facet normal -0 0 1
    outer loop
      vertex 11.9239 0.617316 2
      vertex 12 0 2
      vertex 12 1 2
    endloop
  endfacet
  facet normal -0 0 1
    outer loop
      vertex 11.7071 0.292892 2
      vertex 12 0 2
      vertex 11.9239 0.617316 2
    endloop
  endfacet
  facet normal -0 0 1
    outer loop
      vertex 11.3827 0.0761204 2
      vertex 12 0 2
      vertex 11.7071 0.292892 2
    endloop
  endfacet
  facet normal 0 0 1
    outer loop
      vertex 12 0 2
      vertex 11.3827 0.0761204 2
      vertex 11 0 2
    endloop
  endfacet
  facet normal 0 0 1
    outer loop
      vertex 0.617316 0.0761204 2
      vertex 0 0 2
      vertex 0.999999 0 2
    endloop
  endfacet
  facet normal 0 0 1
    outer loop
      vertex 0.292892 0.292892 2
      vertex 0 0 2
      vertex 0.617316 0.0761204 2
    endloop
  endfacet
  facet normal 0 0 1
    outer loop
      vertex 0.0761204 0.617316 2
      vertex 0 0 2
      vertex 0.292892 0.292892 2
    endloop
  endfacet
  facet normal 0 0 1
    outer loop
      vertex 0 0 2
      vertex 0.0761204 0.617316 2
      vertex 0 1 2
    endloop
  endfacet
  facet normal 1 0 0
    outer loop
      vertex 12 49 4
      vertex 12 46 4
      vertex 12 49 2
    endloop
  endfacet
  facet normal 1 -0 0
    outer loop
      vertex 12 49 2
      vertex 12 60 0
      vertex 12 60 2
    endloop
  endfacet
  facet normal 1 0 0
    outer loop
      vertex 12 46 2
      vertex 12 49 2
      vertex 12 46 4
    endloop
  endfacet
  facet normal 1 -0 0
    outer loop
      vertex 12 46 2
      vertex 12 60 0
      vertex 12 49 2
    endloop
  endfacet
  facet normal 1 0 0
    outer loop
      vertex 12 27.5 0
      vertex 12 46 2
      vertex 12 27.5 2
    endloop
  endfacet
  facet normal 1 0 0
    outer loop
      vertex 12 46 2
      vertex 12 27.5 0
      vertex 12 60 0
    endloop
  endfacet
  facet normal 1 0 0
    outer loop
      vertex 12 4 4
      vertex 12 1 4
      vertex 12 4 2
    endloop
  endfacet
  facet normal 1 -0 0
    outer loop
      vertex 12 4 2
      vertex 12 22.5 0
      vertex 12 22.5 2
    endloop
  endfacet
  facet normal 1 0 0
    outer loop
      vertex 12 1 2
      vertex 12 4 2
      vertex 12 1 4
    endloop
  endfacet
  facet normal 1 0 0
    outer loop
      vertex 12 0 0
      vertex 12 4 2
      vertex 12 1 2
    endloop
  endfacet
  facet normal 1 0 0
    outer loop
      vertex 12 0 0
      vertex 12 1 2
      vertex 12 0 2
    endloop
  endfacet
  facet normal 1 0 0
    outer loop
      vertex 12 4 2
      vertex 12 0 0
      vertex 12 22.5 0
    endloop
  endfacet
  facet normal 0 1 -0
    outer loop
      vertex 12 60 0
      vertex 0 60 2
      vertex 12 60 2
    endloop
  endfacet
  facet normal 0 1 0
    outer loop
      vertex 0 60 2
      vertex 12 60 0
      vertex 0 60 0
    endloop
  endfacet
  facet normal 0 0 -1
    outer loop
      vertex 3.75 19 0
      vertex 7.57612 23.1173 0
      vertex 4.32402 18.8858 0
    endloop
  endfacet
  facet normal 0 0 -1
    outer loop
      vertex 7.5 26.5 0
      vertex 5.13582 31.926 0
      vertex 5.25 32.5 0
    endloop
  endfacet
  facet normal -0 0 -1
    outer loop
      vertex 7.57612 23.1173 0
      vertex 3.75 19 0
      vertex 7.5 23.5 0
    endloop
  endfacet
  facet normal 0 0 -1
    outer loop
      vertex 7.5 26.5 0
      vertex 4.81066 31.4393 0
      vertex 5.13582 31.926 0
    endloop
  endfacet
  facet normal 0 0 -1
    outer loop
      vertex 3.17597 18.8858 0
      vertex 7.5 23.5 0
      vertex 3.75 19 0
    endloop
  endfacet
  facet normal 0 0 -1
    outer loop
      vertex 7.5 26.5 0
      vertex 4.32402 31.1142 0
      vertex 4.81066 31.4393 0
    endloop
  endfacet
  facet normal -0 0 -1
    outer loop
      vertex 7.5 23.5 0
      vertex 3.17597 18.8858 0
      vertex 7.5 26.5 0
    endloop
  endfacet
  facet normal 0 0 -1
    outer loop
      vertex 7.5 26.5 0
      vertex 3.75 31 0
      vertex 4.32402 31.1142 0
    endloop
  endfacet
  facet normal 0 0 -1
    outer loop
      vertex 3.17597 31.1142 0
      vertex 7.5 26.5 0
      vertex 3.17597 18.8858 0
    endloop
  endfacet
  facet normal 0 0 -1
    outer loop
      vertex 7.5 26.5 0
      vertex 3.17597 31.1142 0
      vertex 3.75 31 0
    endloop
  endfacet
  facet normal 0 0 -1
    outer loop
      vertex 2.68934 18.5607 0
      vertex 3.17597 31.1142 0
      vertex 3.17597 18.8858 0
    endloop
  endfacet
  facet normal 0 0 -1
    outer loop
      vertex 2.68934 18.5607 0
      vertex 2.68934 31.4393 0
      vertex 3.17597 31.1142 0
    endloop
  endfacet
  facet normal 0 0 -1
    outer loop
      vertex 2.36418 18.074 0
      vertex 2.68934 31.4393 0
      vertex 2.68934 18.5607 0
    endloop
  endfacet
  facet normal 0 0 -1
    outer loop
      vertex 2.36418 18.074 0
      vertex 2.36418 31.926 0
      vertex 2.68934 31.4393 0
    endloop
  endfacet
  facet normal 0 0 -1
    outer loop
      vertex 2.25 17.5 0
      vertex 2.36418 31.926 0
      vertex 2.36418 18.074 0
    endloop
  endfacet
  facet normal -0 0 -1
    outer loop
      vertex 2.36418 31.926 0
      vertex 2.25 17.5 0
      vertex 2.25 32.5 0
    endloop
  endfacet
  facet normal 0 0 -1
    outer loop
      vertex 5.25 12.5 0
      vertex 12 22.5 0
      vertex 12 0 0
    endloop
  endfacet
  facet normal 0 0 -1
    outer loop
      vertex 5.25 17.5 0
      vertex 12 22.5 0
      vertex 5.25 12.5 0
    endloop
  endfacet
  facet normal -0 0 -1
    outer loop
      vertex 12 22.5 0
      vertex 5.25 17.5 0
      vertex 8.5 22.5 0
    endloop
  endfacet
  facet normal 0 0 -1
    outer loop
      vertex 5.13582 18.074 0
      vertex 8.5 22.5 0
      vertex 5.25 17.5 0
    endloop
  endfacet
  facet normal -0 0 -1
    outer loop
      vertex 8.5 22.5 0
      vertex 5.13582 18.074 0
      vertex 8.11732 22.5761 0
    endloop
  endfacet
  facet normal -0 0 -1
    outer loop
      vertex 8.11732 22.5761 0
      vertex 4.81066 18.5607 0
      vertex 7.79289 22.7929 0
    endloop
  endfacet
  facet normal 0 0 -1
    outer loop
      vertex 4.81066 18.5607 0
      vertex 8.11732 22.5761 0
      vertex 5.13582 18.074 0
    endloop
  endfacet
  facet normal 0 0 -1
    outer loop
      vertex 12 0 0
      vertex 5.13582 11.926 0
      vertex 5.25 12.5 0
    endloop
  endfacet
  facet normal 0 0 -1
    outer loop
      vertex 12 0 0
      vertex 4.81066 11.4393 0
      vertex 5.13582 11.926 0
    endloop
  endfacet
  facet normal 0 0 -1
    outer loop
      vertex 12 0 0
      vertex 4.32402 11.1142 0
      vertex 4.81066 11.4393 0
    endloop
  endfacet
  facet normal 0 0 -1
    outer loop
      vertex 0 0 0
      vertex 4.32402 11.1142 0
      vertex 12 0 0
    endloop
  endfacet
  facet normal 0 0 -1
    outer loop
      vertex 4.32402 11.1142 0
      vertex 0 0 0
      vertex 3.75 11 0
    endloop
  endfacet
  facet normal -0 0 -1
    outer loop
      vertex 3.75 11 0
      vertex 0 0 0
      vertex 3.17597 11.1142 0
    endloop
  endfacet
  facet normal 0 0 -1
    outer loop
      vertex 0 0 0
      vertex 2.25 17.5 0
      vertex 2.25 12.5 0
    endloop
  endfacet
  facet normal -0 0 -1
    outer loop
      vertex 2.25 17.5 0
      vertex 0 0 0
      vertex 2.25 32.5 0
    endloop
  endfacet
  facet normal 0 0 -1
    outer loop
      vertex 0 60 0
      vertex 2.25 32.5 0
      vertex 0 0 0
    endloop
  endfacet
  facet normal -0 0 -1
    outer loop
      vertex 2.36418 11.926 0
      vertex 0 0 0
      vertex 2.25 12.5 0
    endloop
  endfacet
  facet normal -0 0 -1
    outer loop
      vertex 2.68934 11.4393 0
      vertex 0 0 0
      vertex 2.36418 11.926 0
    endloop
  endfacet
  facet normal -0 0 -1
    outer loop
      vertex 3.17597 11.1142 0
      vertex 0 0 0
      vertex 2.68934 11.4393 0
    endloop
  endfacet
  facet normal 0 0 -1
    outer loop
      vertex 5.25 32.5 0
      vertex 12 27.5 0
      vertex 8.5 27.5 0
    endloop
  endfacet
  facet normal 0 0 -1
    outer loop
      vertex 5.25 32.5 0
      vertex 8.5 27.5 0
      vertex 8.11732 27.4239 0
    endloop
  endfacet
  facet normal 0 0 -1
    outer loop
      vertex 5.25 32.5 0
      vertex 8.11732 27.4239 0
      vertex 7.79289 27.2071 0
    endloop
  endfacet
  facet normal 0 0 -1
    outer loop
      vertex 5.25 32.5 0
      vertex 7.79289 27.2071 0
      vertex 7.57612 26.8827 0
    endloop
  endfacet
  facet normal 0 0 -1
    outer loop
      vertex 5.25 32.5 0
      vertex 7.57612 26.8827 0
      vertex 7.5 26.5 0
    endloop
  endfacet
  facet normal 0 0 -1
    outer loop
      vertex 4.32402 18.8858 0
      vertex 7.79289 22.7929 0
      vertex 4.81066 18.5607 0
    endloop
  endfacet
  facet normal -0 0 -1
    outer loop
      vertex 7.79289 22.7929 0
      vertex 4.32402 18.8858 0
      vertex 7.57612 23.1173 0
    endloop
  endfacet
  facet normal 0 0 -1
    outer loop
      vertex 12 27.5 0
      vertex 5.25 32.5 0
      vertex 5.25 37.5 0
    endloop
  endfacet
  facet normal 0 0 -1
    outer loop
      vertex 5.13582 38.074 0
      vertex 12 27.5 0
      vertex 5.25 37.5 0
    endloop
  endfacet
  facet normal 0 0 -1
    outer loop
      vertex 12 27.5 0
      vertex 5.13582 38.074 0
      vertex 12 60 0
    endloop
  endfacet
  facet normal 0 0 -1
    outer loop
      vertex 4.81066 38.5607 0
      vertex 12 60 0
      vertex 5.13582 38.074 0
    endloop
  endfacet
  facet normal 0 0 -1
    outer loop
      vertex 4.32402 38.8858 0
      vertex 12 60 0
      vertex 4.81066 38.5607 0
    endloop
  endfacet
  facet normal 0 0 -1
    outer loop
      vertex 3.75 39 0
      vertex 12 60 0
      vertex 4.32402 38.8858 0
    endloop
  endfacet
  facet normal 0 0 -1
    outer loop
      vertex 0 60 0
      vertex 3.75 39 0
      vertex 3.17597 38.8858 0
    endloop
  endfacet
  facet normal 0 0 -1
    outer loop
      vertex 0 60 0
      vertex 3.17597 38.8858 0
      vertex 2.68934 38.5607 0
    endloop
  endfacet
  facet normal 0 0 -1
    outer loop
      vertex 0 60 0
      vertex 2.68934 38.5607 0
      vertex 2.36418 38.074 0
    endloop
  endfacet
  facet normal 0 0 -1
    outer loop
      vertex 3.75 39 0
      vertex 0 60 0
      vertex 12 60 0
    endloop
  endfacet
  facet normal 0 0 -1
    outer loop
      vertex 2.25 37.5 0
      vertex 0 60 0
      vertex 2.36418 38.074 0
    endloop
  endfacet
  facet normal 0 0 -1
    outer loop
      vertex 2.25 32.5 0
      vertex 0 60 0
      vertex 2.25 37.5 0
    endloop
  endfacet
  facet normal 0 -1 0
    outer loop
      vertex 0 0 0
      vertex 0.999999 0 2
      vertex 0 0 2
    endloop
  endfacet
  facet normal 0 -1 -0
    outer loop
      vertex 0.999999 0 2
      vertex 0 0 0
      vertex 4 0 2
    endloop
  endfacet
  facet normal 0 -1 -0
    outer loop
      vertex 4 0 2
      vertex 0 0 0
      vertex 8 0 2
    endloop
  endfacet
  facet normal 0 -1 0
    outer loop
      vertex 12 0 0
      vertex 8 0 2
      vertex 0 0 0
    endloop
  endfacet
  facet normal 0 -1 0
    outer loop
      vertex 8 0 2
      vertex 12 0 0
      vertex 11 0 2
    endloop
  endfacet
  facet normal 0 -1 0
    outer loop
      vertex 11 0 2
      vertex 12 0 0
      vertex 12 0 2
    endloop
  endfacet
  facet normal 0 -1 0
    outer loop
      vertex 0.999999 0 2
      vertex 4 0 4
      vertex 0.999999 0 4
    endloop
  endfacet
  facet normal 0 -1 -0
    outer loop
      vertex 4 0 4
      vertex 0.999999 0 2
      vertex 4 0 2
    endloop
  endfacet
  facet normal 0 -1 0
    outer loop
      vertex 8 0 2
      vertex 11 0 4
      vertex 8 0 4
    endloop
  endfacet
  facet normal 0 -1 -0
    outer loop
      vertex 11 0 4
      vertex 8 0 2
      vertex 11 0 2
    endloop
  endfacet
  facet normal 1 -0 0
    outer loop
      vertex 7.5 23.5 2
      vertex 7.5 26.5 0
      vertex 7.5 26.5 2
    endloop
  endfacet
  facet normal 1 0 0
    outer loop
      vertex 7.5 26.5 0
      vertex 7.5 23.5 2
      vertex 7.5 23.5 0
    endloop
  endfacet
  facet normal 0.980787 0.195081 0
    outer loop
      vertex 7.57612 23.1173 2
      vertex 7.5 23.5 0
      vertex 7.5 23.5 2
    endloop
  endfacet
  facet normal 0.980787 0.195081 0
    outer loop
      vertex 7.5 23.5 0
      vertex 7.57612 23.1173 2
      vertex 7.57612 23.1173 0
    endloop
  endfacet
  facet normal 0.980787 -0.195081 0
    outer loop
      vertex 7.5 26.5 2
      vertex 7.57612 26.8827 0
      vertex 7.57612 26.8827 2
    endloop
  endfacet
  facet normal 0.980787 -0.195081 0
    outer loop
      vertex 7.57612 26.8827 0
      vertex 7.5 26.5 2
      vertex 7.5 26.5 0
    endloop
  endfacet
  facet normal 0.831454 -0.555593 0
    outer loop
      vertex 7.57612 26.8827 2
      vertex 7.79289 27.2071 0
      vertex 7.79289 27.2071 2
    endloop
  endfacet
  facet normal 0.831454 -0.555593 0
    outer loop
      vertex 7.79289 27.2071 0
      vertex 7.57612 26.8827 2
      vertex 7.57612 26.8827 0
    endloop
  endfacet
  facet normal 0 1 -0
    outer loop
      vertex 12 22.5 0
      vertex 8.5 22.5 2
      vertex 12 22.5 2
    endloop
  endfacet
  facet normal 0 1 0
    outer loop
      vertex 8.5 22.5 2
      vertex 12 22.5 0
      vertex 8.5 22.5 0
    endloop
  endfacet
  facet normal 0 -1 0
    outer loop
      vertex 8.5 27.5 0
      vertex 12 27.5 2
      vertex 8.5 27.5 2
    endloop
  endfacet
  facet normal 0 -1 -0
    outer loop
      vertex 12 27.5 2
      vertex 8.5 27.5 0
      vertex 12 27.5 0
    endloop
  endfacet
  facet normal 0.555611 0.831443 -0
    outer loop
      vertex 8.11732 22.5761 0
      vertex 7.79289 22.7929 2
      vertex 8.11732 22.5761 2
    endloop
  endfacet
  facet normal 0.555611 0.831443 0
    outer loop
      vertex 7.79289 22.7929 2
      vertex 8.11732 22.5761 0
      vertex 7.79289 22.7929 0
    endloop
  endfacet
  facet normal 0.831454 0.555593 0
    outer loop
      vertex 7.79289 22.7929 2
      vertex 7.57612 23.1173 0
      vertex 7.57612 23.1173 2
    endloop
  endfacet
  facet normal 0.831454 0.555593 0
    outer loop
      vertex 7.57612 23.1173 0
      vertex 7.79289 22.7929 2
      vertex 7.79289 22.7929 0
    endloop
  endfacet
  facet normal 0.195042 0.980795 -0
    outer loop
      vertex 8.5 22.5 0
      vertex 8.11732 22.5761 2
      vertex 8.5 22.5 2
    endloop
  endfacet
  facet normal 0.195042 0.980795 0
    outer loop
      vertex 8.11732 22.5761 2
      vertex 8.5 22.5 0
      vertex 8.11732 22.5761 0
    endloop
  endfacet
  facet normal 0.555611 -0.831443 0
    outer loop
      vertex 7.79289 27.2071 0
      vertex 8.11732 27.4239 2
      vertex 7.79289 27.2071 2
    endloop
  endfacet
  facet normal 0.555611 -0.831443 0
    outer loop
      vertex 8.11732 27.4239 2
      vertex 7.79289 27.2071 0
      vertex 8.11732 27.4239 0
    endloop
  endfacet
  facet normal 0.195042 -0.980795 0
    outer loop
      vertex 8.11732 27.4239 0
      vertex 8.5 27.5 2
      vertex 8.11732 27.4239 2
    endloop
  endfacet
  facet normal 0.195042 -0.980795 0
    outer loop
      vertex 8.5 27.5 2
      vertex 8.11732 27.4239 0
      vertex 8.5 27.5 0
    endloop
  endfacet
  facet normal -0.980784 -0.195097 0
    outer loop
      vertex 5.25 17.5 0
      vertex 5.13582 18.074 2
      vertex 5.13582 18.074 0
    endloop
  endfacet
  facet normal -0.980784 -0.195097 0
    outer loop
      vertex 5.13582 18.074 2
      vertex 5.25 17.5 0
      vertex 5.25 17.5 2
    endloop
  endfacet
  facet normal 0.831503 0.55552 0
    outer loop
      vertex 2.68934 11.4393 2
      vertex 2.36418 11.926 0
      vertex 2.36418 11.926 2
    endloop
  endfacet
  facet normal 0.831503 0.55552 0
    outer loop
      vertex 2.36418 11.926 0
      vertex 2.68934 11.4393 2
      vertex 2.68934 11.4393 0
    endloop
  endfacet
  facet normal -1 0 0
    outer loop
      vertex 5.25 12.5 0
      vertex 5.25 17.5 2
      vertex 5.25 17.5 0
    endloop
  endfacet
  facet normal -1 -0 0
    outer loop
      vertex 5.25 17.5 2
      vertex 5.25 12.5 0
      vertex 5.25 12.5 2
    endloop
  endfacet
  facet normal 0.19512 0.980779 -0
    outer loop
      vertex 3.75 11 0
      vertex 3.17597 11.1142 2
      vertex 3.75 11 2
    endloop
  endfacet
  facet normal 0.19512 0.980779 0
    outer loop
      vertex 3.17597 11.1142 2
      vertex 3.75 11 0
      vertex 3.17597 11.1142 0
    endloop
  endfacet
  facet normal 1 -0 0
    outer loop
      vertex 2.25 12.5 2
      vertex 2.25 17.5 0
      vertex 2.25 17.5 2
    endloop
  endfacet
  facet normal 1 0 0
    outer loop
      vertex 2.25 17.5 0
      vertex 2.25 12.5 2
      vertex 2.25 12.5 0
    endloop
  endfacet
  facet normal 0.980784 0.195097 0
    outer loop
      vertex 2.36418 11.926 2
      vertex 2.25 12.5 0
      vertex 2.25 12.5 2
    endloop
  endfacet
  facet normal 0.980784 0.195097 0
    outer loop
      vertex 2.25 12.5 0
      vertex 2.36418 11.926 2
      vertex 2.36418 11.926 0
    endloop
  endfacet
  facet normal 0.555504 -0.831514 0
    outer loop
      vertex 2.68934 18.5607 0
      vertex 3.17597 18.8858 2
      vertex 2.68934 18.5607 2
    endloop
  endfacet
  facet normal 0.555504 -0.831514 0
    outer loop
      vertex 3.17597 18.8858 2
      vertex 2.68934 18.5607 0
      vertex 3.17597 18.8858 0
    endloop
  endfacet
  facet normal -0.831503 0.55552 0
    outer loop
      vertex 4.81066 11.4393 0
      vertex 5.13582 11.926 2
      vertex 5.13582 11.926 0
    endloop
  endfacet
  facet normal -0.831503 0.55552 0
    outer loop
      vertex 5.13582 11.926 2
      vertex 4.81066 11.4393 0
      vertex 4.81066 11.4393 2
    endloop
  endfacet
  facet normal 0.831503 -0.55552 0
    outer loop
      vertex 2.36418 18.074 2
      vertex 2.68934 18.5607 0
      vertex 2.68934 18.5607 2
    endloop
  endfacet
  facet normal 0.831503 -0.55552 0
    outer loop
      vertex 2.68934 18.5607 0
      vertex 2.36418 18.074 2
      vertex 2.36418 18.074 0
    endloop
  endfacet
  facet normal 0.980784 -0.195097 0
    outer loop
      vertex 2.25 17.5 2
      vertex 2.36418 18.074 0
      vertex 2.36418 18.074 2
    endloop
  endfacet
  facet normal 0.980784 -0.195097 0
    outer loop
      vertex 2.36418 18.074 0
      vertex 2.25 17.5 2
      vertex 2.25 17.5 0
    endloop
  endfacet
  facet normal -0.831503 -0.55552 0
    outer loop
      vertex 5.13582 18.074 0
      vertex 4.81066 18.5607 2
      vertex 4.81066 18.5607 0
    endloop
  endfacet
  facet normal -0.831503 -0.55552 0
    outer loop
      vertex 4.81066 18.5607 2
      vertex 5.13582 18.074 0
      vertex 5.13582 18.074 2
    endloop
  endfacet
  facet normal 0.19512 -0.980779 0
    outer loop
      vertex 3.17597 18.8858 0
      vertex 3.75 19 2
      vertex 3.17597 18.8858 2
    endloop
  endfacet
  facet normal 0.19512 -0.980779 0
    outer loop
      vertex 3.75 19 2
      vertex 3.17597 18.8858 0
      vertex 3.75 19 0
    endloop
  endfacet
  facet normal -0.195124 0.980779 0
    outer loop
      vertex 4.32402 11.1142 0
      vertex 3.75 11 2
      vertex 4.32402 11.1142 2
    endloop
  endfacet
  facet normal -0.195124 0.980779 0
    outer loop
      vertex 3.75 11 2
      vertex 4.32402 11.1142 0
      vertex 3.75 11 0
    endloop
  endfacet
  facet normal -0.980784 0.195097 0
    outer loop
      vertex 5.13582 11.926 0
      vertex 5.25 12.5 2
      vertex 5.25 12.5 0
    endloop
  endfacet
  facet normal -0.980784 0.195097 0
    outer loop
      vertex 5.25 12.5 2
      vertex 5.13582 11.926 0
      vertex 5.13582 11.926 2
    endloop
  endfacet
  facet normal 0.555504 0.831514 -0
    outer loop
      vertex 3.17597 11.1142 0
      vertex 2.68934 11.4393 2
      vertex 3.17597 11.1142 2
    endloop
  endfacet
  facet normal 0.555504 0.831514 0
    outer loop
      vertex 2.68934 11.4393 2
      vertex 3.17597 11.1142 0
      vertex 2.68934 11.4393 0
    endloop
  endfacet
  facet normal -0.195124 -0.980779 0
    outer loop
      vertex 3.75 19 0
      vertex 4.32402 18.8858 2
      vertex 3.75 19 2
    endloop
  endfacet
  facet normal -0.195124 -0.980779 -0
    outer loop
      vertex 4.32402 18.8858 2
      vertex 3.75 19 0
      vertex 4.32402 18.8858 0
    endloop
  endfacet
  facet normal -0.555496 0.831519 0
    outer loop
      vertex 4.81066 11.4393 0
      vertex 4.32402 11.1142 2
      vertex 4.81066 11.4393 2
    endloop
  endfacet
  facet normal -0.555496 0.831519 0
    outer loop
      vertex 4.32402 11.1142 2
      vertex 4.81066 11.4393 0
      vertex 4.32402 11.1142 0
    endloop
  endfacet
  facet normal -0.555496 -0.831519 0
    outer loop
      vertex 4.32402 18.8858 0
      vertex 4.81066 18.5607 2
      vertex 4.32402 18.8858 2
    endloop
  endfacet
  facet normal -0.555496 -0.831519 -0
    outer loop
      vertex 4.81066 18.5607 2
      vertex 4.32402 18.8858 0
      vertex 4.81066 18.5607 0
    endloop
  endfacet
  facet normal -0.980784 -0.195097 0
    outer loop
      vertex 5.25 37.5 0
      vertex 5.13582 38.074 2
      vertex 5.13582 38.074 0
    endloop
  endfacet
  facet normal -0.980784 -0.195097 0
    outer loop
      vertex 5.13582 38.074 2
      vertex 5.25 37.5 0
      vertex 5.25 37.5 2
    endloop
  endfacet
  facet normal 0.831503 0.55552 0
    outer loop
      vertex 2.68934 31.4393 2
      vertex 2.36418 31.926 0
      vertex 2.36418 31.926 2
    endloop
  endfacet
  facet normal 0.831503 0.55552 0
    outer loop
      vertex 2.36418 31.926 0
      vertex 2.68934 31.4393 2
      vertex 2.68934 31.4393 0
    endloop
  endfacet
  facet normal -1 0 0
    outer loop
      vertex 5.25 32.5 0
      vertex 5.25 37.5 2
      vertex 5.25 37.5 0
    endloop
  endfacet
  facet normal -1 -0 0
    outer loop
      vertex 5.25 37.5 2
      vertex 5.25 32.5 0
      vertex 5.25 32.5 2
    endloop
  endfacet
  facet normal 0.19512 0.980779 -0
    outer loop
      vertex 3.75 31 0
      vertex 3.17597 31.1142 2
      vertex 3.75 31 2
    endloop
  endfacet
  facet normal 0.19512 0.980779 0
    outer loop
      vertex 3.17597 31.1142 2
      vertex 3.75 31 0
      vertex 3.17597 31.1142 0
    endloop
  endfacet
  facet normal 1 -0 0
    outer loop
      vertex 2.25 32.5 2
      vertex 2.25 37.5 0
      vertex 2.25 37.5 2
    endloop
  endfacet
  facet normal 1 0 0
    outer loop
      vertex 2.25 37.5 0
      vertex 2.25 32.5 2
      vertex 2.25 32.5 0
    endloop
  endfacet
  facet normal 0.980784 0.195097 0
    outer loop
      vertex 2.36418 31.926 2
      vertex 2.25 32.5 0
      vertex 2.25 32.5 2
    endloop
  endfacet
  facet normal 0.980784 0.195097 0
    outer loop
      vertex 2.25 32.5 0
      vertex 2.36418 31.926 2
      vertex 2.36418 31.926 0
    endloop
  endfacet
  facet normal 0.555504 -0.831514 0
    outer loop
      vertex 2.68934 38.5607 0
      vertex 3.17597 38.8858 2
      vertex 2.68934 38.5607 2
    endloop
  endfacet
  facet normal 0.555504 -0.831514 0
    outer loop
      vertex 3.17597 38.8858 2
      vertex 2.68934 38.5607 0
      vertex 3.17597 38.8858 0
    endloop
  endfacet
  facet normal -0.831503 0.55552 0
    outer loop
      vertex 4.81066 31.4393 0
      vertex 5.13582 31.926 2
      vertex 5.13582 31.926 0
    endloop
  endfacet
  facet normal -0.831503 0.55552 0
    outer loop
      vertex 5.13582 31.926 2
      vertex 4.81066 31.4393 0
      vertex 4.81066 31.4393 2
    endloop
  endfacet
  facet normal 0.831503 -0.55552 0
    outer loop
      vertex 2.36418 38.074 2
      vertex 2.68934 38.5607 0
      vertex 2.68934 38.5607 2
    endloop
  endfacet
  facet normal 0.831503 -0.55552 0
    outer loop
      vertex 2.68934 38.5607 0
      vertex 2.36418 38.074 2
      vertex 2.36418 38.074 0
    endloop
  endfacet
  facet normal 0.980784 -0.195097 0
    outer loop
      vertex 2.25 37.5 2
      vertex 2.36418 38.074 0
      vertex 2.36418 38.074 2
    endloop
  endfacet
  facet normal 0.980784 -0.195097 0
    outer loop
      vertex 2.36418 38.074 0
      vertex 2.25 37.5 2
      vertex 2.25 37.5 0
    endloop
  endfacet
  facet normal -0.831503 -0.55552 0
    outer loop
      vertex 5.13582 38.074 0
      vertex 4.81066 38.5607 2
      vertex 4.81066 38.5607 0
    endloop
  endfacet
  facet normal -0.831503 -0.55552 0
    outer loop
      vertex 4.81066 38.5607 2
      vertex 5.13582 38.074 0
      vertex 5.13582 38.074 2
    endloop
  endfacet
  facet normal 0.19512 -0.980779 0
    outer loop
      vertex 3.17597 38.8858 0
      vertex 3.75 39 2
      vertex 3.17597 38.8858 2
    endloop
  endfacet
  facet normal 0.19512 -0.980779 0
    outer loop
      vertex 3.75 39 2
      vertex 3.17597 38.8858 0
      vertex 3.75 39 0
    endloop
  endfacet
  facet normal -0.195124 0.980779 0
    outer loop
      vertex 4.32402 31.1142 0
      vertex 3.75 31 2
      vertex 4.32402 31.1142 2
    endloop
  endfacet
  facet normal -0.195124 0.980779 0
    outer loop
      vertex 3.75 31 2
      vertex 4.32402 31.1142 0
      vertex 3.75 31 0
    endloop
  endfacet
  facet normal -0.980784 0.195097 0
    outer loop
      vertex 5.13582 31.926 0
      vertex 5.25 32.5 2
      vertex 5.25 32.5 0
    endloop
  endfacet
  facet normal -0.980784 0.195097 0
    outer loop
      vertex 5.25 32.5 2
      vertex 5.13582 31.926 0
      vertex 5.13582 31.926 2
    endloop
  endfacet
  facet normal 0.555504 0.831514 -0
    outer loop
      vertex 3.17597 31.1142 0
      vertex 2.68934 31.4393 2
      vertex 3.17597 31.1142 2
    endloop
  endfacet
  facet normal 0.555504 0.831514 0
    outer loop
      vertex 2.68934 31.4393 2
      vertex 3.17597 31.1142 0
      vertex 2.68934 31.4393 0
    endloop
  endfacet
  facet normal -0.195124 -0.980779 0
    outer loop
      vertex 3.75 39 0
      vertex 4.32402 38.8858 2
      vertex 3.75 39 2
    endloop
  endfacet
  facet normal -0.195124 -0.980779 -0
    outer loop
      vertex 4.32402 38.8858 2
      vertex 3.75 39 0
      vertex 4.32402 38.8858 0
    endloop
  endfacet
  facet normal -0.555496 0.831519 0
    outer loop
      vertex 4.81066 31.4393 0
      vertex 4.32402 31.1142 2
      vertex 4.81066 31.4393 2
    endloop
  endfacet
  facet normal -0.555496 0.831519 0
    outer loop
      vertex 4.32402 31.1142 2
      vertex 4.81066 31.4393 0
      vertex 4.32402 31.1142 0
    endloop
  endfacet
  facet normal -0.555496 -0.831519 0
    outer loop
      vertex 4.32402 38.8858 0
      vertex 4.81066 38.5607 2
      vertex 4.32402 38.8858 2
    endloop
  endfacet
  facet normal -0.555496 -0.831519 -0
    outer loop
      vertex 4.81066 38.5607 2
      vertex 4.32402 38.8858 0
      vertex 4.81066 38.5607 0
    endloop
  endfacet
  facet normal 0.980785 0.195091 0
    outer loop
      vertex 5 4 4
      vertex 4.92388 4.38268 2
      vertex 4.92388 4.38268 4
    endloop
  endfacet
  facet normal 0.980785 0.195091 0
    outer loop
      vertex 4.92388 4.38268 2
      vertex 5 4 4
      vertex 5 4 2
    endloop
  endfacet
  facet normal -0.831471 -0.555567 0
    outer loop
      vertex 0.292892 0.292892 2
      vertex 0.0761204 0.617316 4
      vertex 0.0761204 0.617316 2
    endloop
  endfacet
  facet normal -0.831471 -0.555567 0
    outer loop
      vertex 0.0761204 0.617316 4
      vertex 0.292892 0.292892 2
      vertex 0.292892 0.292892 4
    endloop
  endfacet
  facet normal 0 0 1
    outer loop
      vertex 4 5 4
      vertex 5 4 4
      vertex 4.92388 4.38268 4
    endloop
  endfacet
  facet normal 0 0 1
    outer loop
      vertex 5 4 4
      vertex 4 5 4
      vertex 5 1 4
    endloop
  endfacet
  facet normal 0 0 1
    outer loop
      vertex 4 5 4
      vertex 4.92388 4.38268 4
      vertex 4.70711 4.70711 4
    endloop
  endfacet
  facet normal 0 0 1
    outer loop
      vertex 4 0 4
      vertex 5 1 4
      vertex 4 5 4
    endloop
  endfacet
  facet normal 0 0 1
    outer loop
      vertex 4 5 4
      vertex 4.70711 4.70711 4
      vertex 4.38268 4.92388 4
    endloop
  endfacet
  facet normal 0 0 1
    outer loop
      vertex 5 1 4
      vertex 4 0 4
      vertex 4.92388 0.617316 4
    endloop
  endfacet
  facet normal 0 0 1
    outer loop
      vertex 4.92388 0.617316 4
      vertex 4 0 4
      vertex 4.70711 0.292892 4
    endloop
  endfacet
  facet normal 0 0 1
    outer loop
      vertex 4.70711 0.292892 4
      vertex 4 0 4
      vertex 4.38268 0.0761204 4
    endloop
  endfacet
  facet normal -0 0 1
    outer loop
      vertex 1 5 4
      vertex 4 0 4
      vertex 4 5 4
    endloop
  endfacet
  facet normal 0 0 1
    outer loop
      vertex 1 5 4
      vertex 0.999999 0 4
      vertex 4 0 4
    endloop
  endfacet
  facet normal 0 0 1
    outer loop
      vertex 0 4 4
      vertex 1 5 4
      vertex 0.617316 4.92388 4
    endloop
  endfacet
  facet normal 0 0 1
    outer loop
      vertex 1 5 4
      vertex 0 4 4
      vertex 0.999999 0 4
    endloop
  endfacet
  facet normal 0 0 1
    outer loop
      vertex 0 4 4
      vertex 0.617316 4.92388 4
      vertex 0.292892 4.70711 4
    endloop
  endfacet
  facet normal -0 0 1
    outer loop
      vertex 0 1 4
      vertex 0.999999 0 4
      vertex 0 4 4
    endloop
  endfacet
  facet normal 0 0 1
    outer loop
      vertex 0 4 4
      vertex 0.292892 4.70711 4
      vertex 0.0761204 4.38268 4
    endloop
  endfacet
  facet normal 0 0 1
    outer loop
      vertex 0.999999 0 4
      vertex 0 1 4
      vertex 0.617316 0.0761204 4
    endloop
  endfacet
  facet normal 0 0 1
    outer loop
      vertex 0.617316 0.0761204 4
      vertex 0 1 4
      vertex 0.292892 0.292892 4
    endloop
  endfacet
  facet normal 0 0 1
    outer loop
      vertex 0.292892 0.292892 4
      vertex 0 1 4
      vertex 0.0761204 0.617316 4
    endloop
  endfacet
  facet normal -0.980785 -0.19509 0
    outer loop
      vertex 0.0761204 0.617316 2
      vertex 0 1 4
      vertex 0 1 2
    endloop
  endfacet
  facet normal -0.980785 -0.19509 0
    outer loop
      vertex 0 1 4
      vertex 0.0761204 0.617316 2
      vertex 0.0761204 0.617316 4
    endloop
  endfacet
  facet normal 0 1 -0
    outer loop
      vertex 4 5 2
      vertex 1 5 4
      vertex 4 5 4
    endloop
  endfacet
  facet normal 0 1 0
    outer loop
      vertex 1 5 4
      vertex 4 5 2
      vertex 1 5 2
    endloop
  endfacet
  facet normal -0.980785 0.195092 0
    outer loop
      vertex 0 4 2
      vertex 0.0761204 4.38268 4
      vertex 0.0761204 4.38268 2
    endloop
  endfacet
  facet normal -0.980785 0.195092 0
    outer loop
      vertex 0.0761204 4.38268 4
      vertex 0 4 2
      vertex 0 4 4
    endloop
  endfacet
  facet normal -0.831476 0.55556 0
    outer loop
      vertex 0.0761204 4.38268 2
      vertex 0.292892 4.70711 4
      vertex 0.292892 4.70711 2
    endloop
  endfacet
  facet normal -0.831476 0.55556 0
    outer loop
      vertex 0.292892 4.70711 4
      vertex 0.0761204 4.38268 2
      vertex 0.0761204 4.38268 4
    endloop
  endfacet
  facet normal 1 -0 0
    outer loop
      vertex 5 1 4
      vertex 5 4 2
      vertex 5 4 4
    endloop
  endfacet
  facet normal 1 0 0
    outer loop
      vertex 5 4 2
      vertex 5 1 4
      vertex 5 1 2
    endloop
  endfacet
  facet normal 0.831473 -0.555565 0
    outer loop
      vertex 4.70711 0.292892 4
      vertex 4.92388 0.617316 2
      vertex 4.92388 0.617316 4
    endloop
  endfacet
  facet normal 0.831473 -0.555565 0
    outer loop
      vertex 4.92388 0.617316 2
      vertex 4.70711 0.292892 4
      vertex 4.70711 0.292892 2
    endloop
  endfacet
  facet normal -0.555567 -0.831471 0
    outer loop
      vertex 0.292892 0.292892 2
      vertex 0.617316 0.0761204 4
      vertex 0.292892 0.292892 4
    endloop
  endfacet
  facet normal -0.555567 -0.831471 -0
    outer loop
      vertex 0.617316 0.0761204 4
      vertex 0.292892 0.292892 2
      vertex 0.617316 0.0761204 2
    endloop
  endfacet
  facet normal 0.195091 0.980785 -0
    outer loop
      vertex 4.38268 4.92388 2
      vertex 4 5 4
      vertex 4.38268 4.92388 4
    endloop
  endfacet
  facet normal 0.195091 0.980785 0
    outer loop
      vertex 4 5 4
      vertex 4.38268 4.92388 2
      vertex 4 5 2
    endloop
  endfacet
  facet normal 0.831478 0.555557 0
    outer loop
      vertex 4.92388 4.38268 4
      vertex 4.70711 4.70711 2
      vertex 4.70711 4.70711 4
    endloop
  endfacet
  facet normal 0.831478 0.555557 0
    outer loop
      vertex 4.70711 4.70711 2
      vertex 4.92388 4.38268 4
      vertex 4.92388 4.38268 2
    endloop
  endfacet
  facet normal 0.195092 -0.980785 0
    outer loop
      vertex 4 0 2
      vertex 4.38268 0.0761204 4
      vertex 4 0 4
    endloop
  endfacet
  facet normal 0.195092 -0.980785 0
    outer loop
      vertex 4.38268 0.0761204 4
      vertex 4 0 2
      vertex 4.38268 0.0761204 2
    endloop
  endfacet
  facet normal 0.55556 -0.831476 0
    outer loop
      vertex 4.38268 0.0761204 2
      vertex 4.70711 0.292892 4
      vertex 4.38268 0.0761204 4
    endloop
  endfacet
  facet normal 0.55556 -0.831476 0
    outer loop
      vertex 4.70711 0.292892 4
      vertex 4.38268 0.0761204 2
      vertex 4.70711 0.292892 2
    endloop
  endfacet
  facet normal -0.19509 -0.980785 0
    outer loop
      vertex 0.617316 0.0761204 2
      vertex 0.999999 0 4
      vertex 0.617316 0.0761204 4
    endloop
  endfacet
  facet normal -0.19509 -0.980785 -0
    outer loop
      vertex 0.999999 0 4
      vertex 0.617316 0.0761204 2
      vertex 0.999999 0 2
    endloop
  endfacet
  facet normal 0.555557 0.831478 -0
    outer loop
      vertex 4.70711 4.70711 2
      vertex 4.38268 4.92388 4
      vertex 4.70711 4.70711 4
    endloop
  endfacet
  facet normal 0.555557 0.831478 0
    outer loop
      vertex 4.38268 4.92388 4
      vertex 4.70711 4.70711 2
      vertex 4.38268 4.92388 2
    endloop
  endfacet
  facet normal 0.980786 -0.195089 0
    outer loop
      vertex 4.92388 0.617316 4
      vertex 5 1 2
      vertex 5 1 4
    endloop
  endfacet
  facet normal 0.980786 -0.195089 0
    outer loop
      vertex 5 1 2
      vertex 4.92388 0.617316 4
      vertex 4.92388 0.617316 2
    endloop
  endfacet
  facet normal -0.555565 0.831473 0
    outer loop
      vertex 0.617316 4.92388 2
      vertex 0.292892 4.70711 4
      vertex 0.617316 4.92388 4
    endloop
  endfacet
  facet normal -0.555565 0.831473 0
    outer loop
      vertex 0.292892 4.70711 4
      vertex 0.617316 4.92388 2
      vertex 0.292892 4.70711 2
    endloop
  endfacet
  facet normal -0.195089 0.980786 0
    outer loop
      vertex 1 5 2
      vertex 0.617316 4.92388 4
      vertex 1 5 4
    endloop
  endfacet
  facet normal -0.195089 0.980786 0
    outer loop
      vertex 0.617316 4.92388 4
      vertex 1 5 2
      vertex 0.617316 4.92388 2
    endloop
  endfacet
  facet normal 0.980795 0.195042 0
    outer loop
      vertex 12 4 4
      vertex 11.9239 4.38268 2
      vertex 11.9239 4.38268 4
    endloop
  endfacet
  facet normal 0.980795 0.195042 0
    outer loop
      vertex 11.9239 4.38268 2
      vertex 12 4 4
      vertex 12 4 2
    endloop
  endfacet
  facet normal 0.831438 -0.555618 0
    outer loop
      vertex 11.7071 0.292892 4
      vertex 11.9239 0.617316 2
      vertex 11.9239 0.617316 4
    endloop
  endfacet
  facet normal 0.831438 -0.555618 0
    outer loop
      vertex 11.9239 0.617316 2
      vertex 11.7071 0.292892 4
      vertex 11.7071 0.292892 2
    endloop
  endfacet
  facet normal 0.555596 -0.831453 0
    outer loop
      vertex 11.3827 0.0761204 2
      vertex 11.7071 0.292892 4
      vertex 11.3827 0.0761204 4
    endloop
  endfacet
  facet normal 0.555596 -0.831453 0
    outer loop
      vertex 11.7071 0.292892 4
      vertex 11.3827 0.0761204 2
      vertex 11.7071 0.292892 2
    endloop
  endfacet
  facet normal -1 0 0
    outer loop
      vertex 7 1 2
      vertex 7 4 4
      vertex 7 4 2
    endloop
  endfacet
  facet normal -1 -0 0
    outer loop
      vertex 7 4 4
      vertex 7 1 2
      vertex 7 1 4
    endloop
  endfacet
  facet normal -0.980786 -0.195089 0
    outer loop
      vertex 7.07612 0.617316 2
      vertex 7 1 4
      vertex 7 1 2
    endloop
  endfacet
  facet normal -0.980786 -0.195089 0
    outer loop
      vertex 7 1 4
      vertex 7.07612 0.617316 2
      vertex 7.07612 0.617316 4
    endloop
  endfacet
  facet normal -0.980785 0.195091 0
    outer loop
      vertex 7 4 2
      vertex 7.07612 4.38268 4
      vertex 7.07612 4.38268 2
    endloop
  endfacet
  facet normal -0.980785 0.195091 0
    outer loop
      vertex 7.07612 4.38268 4
      vertex 7 4 2
      vertex 7 4 4
    endloop
  endfacet
  facet normal -0.831478 0.555557 0
    outer loop
      vertex 7.07612 4.38268 2
      vertex 7.29289 4.70711 4
      vertex 7.29289 4.70711 2
    endloop
  endfacet
  facet normal -0.831478 0.555557 0
    outer loop
      vertex 7.29289 4.70711 4
      vertex 7.07612 4.38268 2
      vertex 7.07612 4.38268 4
    endloop
  endfacet
  facet normal 0.831443 0.555611 0
    outer loop
      vertex 11.9239 4.38268 4
      vertex 11.7071 4.70711 2
      vertex 11.7071 4.70711 4
    endloop
  endfacet
  facet normal 0.831443 0.555611 0
    outer loop
      vertex 11.7071 4.70711 2
      vertex 11.9239 4.38268 4
      vertex 11.9239 4.38268 2
    endloop
  endfacet
  facet normal 0.555593 0.831454 -0
    outer loop
      vertex 11.7071 4.70711 2
      vertex 11.3827 4.92388 4
      vertex 11.7071 4.70711 4
    endloop
  endfacet
  facet normal 0.555593 0.831454 0
    outer loop
      vertex 11.3827 4.92388 4
      vertex 11.7071 4.70711 2
      vertex 11.3827 4.92388 2
    endloop
  endfacet
  facet normal 0.980795 -0.19504 0
    outer loop
      vertex 11.9239 0.617316 4
      vertex 12 1 2
      vertex 12 1 4
    endloop
  endfacet
  facet normal 0.980795 -0.19504 0
    outer loop
      vertex 12 1 2
      vertex 11.9239 0.617316 4
      vertex 11.9239 0.617316 2
    endloop
  endfacet
  facet normal 0.195082 -0.980787 0
    outer loop
      vertex 11 0 2
      vertex 11.3827 0.0761204 4
      vertex 11 0 4
    endloop
  endfacet
  facet normal 0.195082 -0.980787 0
    outer loop
      vertex 11.3827 0.0761204 4
      vertex 11 0 2
      vertex 11.3827 0.0761204 2
    endloop
  endfacet
  facet normal 0 0 1
    outer loop
      vertex 11 5 4
      vertex 12 4 4
      vertex 11.9239 4.38268 4
    endloop
  endfacet
  facet normal 0 0 1
    outer loop
      vertex 12 4 4
      vertex 11 5 4
      vertex 12 1 4
    endloop
  endfacet
  facet normal 0 0 1
    outer loop
      vertex 11 5 4
      vertex 11.9239 4.38268 4
      vertex 11.7071 4.70711 4
    endloop
  endfacet
  facet normal 0 0 1
    outer loop
      vertex 11 0 4
      vertex 12 1 4
      vertex 11 5 4
    endloop
  endfacet
  facet normal 0 0 1
    outer loop
      vertex 11 5 4
      vertex 11.7071 4.70711 4
      vertex 11.3827 4.92388 4
    endloop
  endfacet
  facet normal 0 0 1
    outer loop
      vertex 12 1 4
      vertex 11 0 4
      vertex 11.9239 0.617316 4
    endloop
  endfacet
  facet normal 0 0 1
    outer loop
      vertex 11.9239 0.617316 4
      vertex 11 0 4
      vertex 11.7071 0.292892 4
    endloop
  endfacet
  facet normal 0 0 1
    outer loop
      vertex 11.7071 0.292892 4
      vertex 11 0 4
      vertex 11.3827 0.0761204 4
    endloop
  endfacet
  facet normal -0 0 1
    outer loop
      vertex 8 5 4
      vertex 11 0 4
      vertex 11 5 4
    endloop
  endfacet
  facet normal 0 0 1
    outer loop
      vertex 8 5 4
      vertex 8 0 4
      vertex 11 0 4
    endloop
  endfacet
  facet normal 0 0 1
    outer loop
      vertex 7 4 4
      vertex 8 5 4
      vertex 7.61732 4.92388 4
    endloop
  endfacet
  facet normal 0 0 1
    outer loop
      vertex 8 5 4
      vertex 7 4 4
      vertex 8 0 4
    endloop
  endfacet
  facet normal 0 0 1
    outer loop
      vertex 7 4 4
      vertex 7.61732 4.92388 4
      vertex 7.29289 4.70711 4
    endloop
  endfacet
  facet normal -0 0 1
    outer loop
      vertex 7 1 4
      vertex 8 0 4
      vertex 7 4 4
    endloop
  endfacet
  facet normal 0 0 1
    outer loop
      vertex 7 4 4
      vertex 7.29289 4.70711 4
      vertex 7.07612 4.38268 4
    endloop
  endfacet
  facet normal 0 0 1
    outer loop
      vertex 8 0 4
      vertex 7 1 4
      vertex 7.61732 0.0761204 4
    endloop
  endfacet
  facet normal 0 0 1
    outer loop
      vertex 7.61732 0.0761204 4
      vertex 7 1 4
      vertex 7.29289 0.292892 4
    endloop
  endfacet
  facet normal 0 0 1
    outer loop
      vertex 7.29289 0.292892 4
      vertex 7 1 4
      vertex 7.07612 0.617316 4
    endloop
  endfacet
  facet normal 0 1 -0
    outer loop
      vertex 11 5 2
      vertex 8 5 4
      vertex 11 5 4
    endloop
  endfacet
  facet normal 0 1 0
    outer loop
      vertex 8 5 4
      vertex 11 5 2
      vertex 8 5 2
    endloop
  endfacet
  facet normal 0.195081 0.980787 -0
    outer loop
      vertex 11.3827 4.92388 2
      vertex 11 5 4
      vertex 11.3827 4.92388 4
    endloop
  endfacet
  facet normal 0.195081 0.980787 0
    outer loop
      vertex 11 5 4
      vertex 11.3827 4.92388 2
      vertex 11 5 2
    endloop
  endfacet
  facet normal -0.55556 -0.831476 0
    outer loop
      vertex 7.29289 0.292892 2
      vertex 7.61732 0.0761204 4
      vertex 7.29289 0.292892 4
    endloop
  endfacet
  facet normal -0.55556 -0.831476 -0
    outer loop
      vertex 7.61732 0.0761204 4
      vertex 7.29289 0.292892 2
      vertex 7.61732 0.0761204 2
    endloop
  endfacet
  facet normal -0.831473 -0.555565 0
    outer loop
      vertex 7.29289 0.292892 2
      vertex 7.07612 0.617316 4
      vertex 7.07612 0.617316 2
    endloop
  endfacet
  facet normal -0.831473 -0.555565 0
    outer loop
      vertex 7.07612 0.617316 4
      vertex 7.29289 0.292892 2
      vertex 7.29289 0.292892 4
    endloop
  endfacet
  facet normal -0.195092 -0.980785 0
    outer loop
      vertex 7.61732 0.0761204 2
      vertex 8 0 4
      vertex 7.61732 0.0761204 4
    endloop
  endfacet
  facet normal -0.195092 -0.980785 -0
    outer loop
      vertex 8 0 4
      vertex 7.61732 0.0761204 2
      vertex 8 0 2
    endloop
  endfacet
  facet normal -0.555557 0.831478 0
    outer loop
      vertex 7.61732 4.92388 2
      vertex 7.29289 4.70711 4
      vertex 7.61732 4.92388 4
    endloop
  endfacet
  facet normal -0.555557 0.831478 0
    outer loop
      vertex 7.29289 4.70711 4
      vertex 7.61732 4.92388 2
      vertex 7.29289 4.70711 2
    endloop
  endfacet
  facet normal -0.195091 0.980785 0
    outer loop
      vertex 8 5 2
      vertex 7.61732 4.92388 4
      vertex 8 5 4
    endloop
  endfacet
  facet normal -0.195091 0.980785 0
    outer loop
      vertex 7.61732 4.92388 4
      vertex 8 5 2
      vertex 7.61732 4.92388 2
    endloop
  endfacet
  facet normal -0.980787 -0.195082 0
    outer loop
      vertex 0.0761204 45.6173 2
      vertex 0 46 4
      vertex 0 46 2
    endloop
  endfacet
  facet normal -0.980787 -0.195082 0
    outer loop
      vertex 0 46 4
      vertex 0.0761204 45.6173 2
      vertex 0.0761204 45.6173 4
    endloop
  endfacet
  facet normal 0.980787 0.195081 0
    outer loop
      vertex 5 49 4
      vertex 4.92388 49.3827 2
      vertex 4.92388 49.3827 4
    endloop
  endfacet
  facet normal 0.980787 0.195081 0
    outer loop
      vertex 4.92388 49.3827 2
      vertex 5 49 4
      vertex 5 49 2
    endloop
  endfacet
  facet normal -0.831453 -0.555596 0
    outer loop
      vertex 0.292892 45.2929 2
      vertex 0.0761204 45.6173 4
      vertex 0.0761204 45.6173 2
    endloop
  endfacet
  facet normal -0.831453 -0.555596 0
    outer loop
      vertex 0.0761204 45.6173 4
      vertex 0.292892 45.2929 2
      vertex 0.292892 45.2929 4
    endloop
  endfacet
  facet normal 0 -1 0
    outer loop
      vertex 0.999999 45 2
      vertex 4 45 4
      vertex 0.999999 45 4
    endloop
  endfacet
  facet normal 0 -1 -0
    outer loop
      vertex 4 45 4
      vertex 0.999999 45 2
      vertex 4 45 2
    endloop
  endfacet
  facet normal 0 0 1
    outer loop
      vertex 4 50 4
      vertex 5 49 4
      vertex 4.92388 49.3827 4
    endloop
  endfacet
  facet normal 0 0 1
    outer loop
      vertex 5 49 4
      vertex 4 50 4
      vertex 5 46 4
    endloop
  endfacet
  facet normal 0 0 1
    outer loop
      vertex 4 50 4
      vertex 4.92388 49.3827 4
      vertex 4.70711 49.7071 4
    endloop
  endfacet
  facet normal 0 0 1
    outer loop
      vertex 4 45 4
      vertex 5 46 4
      vertex 4 50 4
    endloop
  endfacet
  facet normal 0 0 1
    outer loop
      vertex 4 50 4
      vertex 4.70711 49.7071 4
      vertex 4.38268 49.9239 4
    endloop
  endfacet
  facet normal 0 0 1
    outer loop
      vertex 5 46 4
      vertex 4 45 4
      vertex 4.92388 45.6173 4
    endloop
  endfacet
  facet normal 0 0 1
    outer loop
      vertex 4.92388 45.6173 4
      vertex 4 45 4
      vertex 4.70711 45.2929 4
    endloop
  endfacet
  facet normal 0 0 1
    outer loop
      vertex 4.70711 45.2929 4
      vertex 4 45 4
      vertex 4.38268 45.0761 4
    endloop
  endfacet
  facet normal -0 0 1
    outer loop
      vertex 1 50 4
      vertex 4 45 4
      vertex 4 50 4
    endloop
  endfacet
  facet normal 0 0 1
    outer loop
      vertex 1 50 4
      vertex 0.999999 45 4
      vertex 4 45 4
    endloop
  endfacet
  facet normal 0 0 1
    outer loop
      vertex 0 49 4
      vertex 1 50 4
      vertex 0.617316 49.9239 4
    endloop
  endfacet
  facet normal 0 0 1
    outer loop
      vertex 1 50 4
      vertex 0 49 4
      vertex 0.999999 45 4
    endloop
  endfacet
  facet normal 0 0 1
    outer loop
      vertex 0 49 4
      vertex 0.617316 49.9239 4
      vertex 0.292892 49.7071 4
    endloop
  endfacet
  facet normal -0 0 1
    outer loop
      vertex 0 46 4
      vertex 0.999999 45 4
      vertex 0 49 4
    endloop
  endfacet
  facet normal 0 0 1
    outer loop
      vertex 0 49 4
      vertex 0.292892 49.7071 4
      vertex 0.0761204 49.3827 4
    endloop
  endfacet
  facet normal 0 0 1
    outer loop
      vertex 0.999999 45 4
      vertex 0 46 4
      vertex 0.617316 45.0761 4
    endloop
  endfacet
  facet normal 0 0 1
    outer loop
      vertex 0.617316 45.0761 4
      vertex 0 46 4
      vertex 0.292892 45.2929 4
    endloop
  endfacet
  facet normal 0 0 1
    outer loop
      vertex 0.292892 45.2929 4
      vertex 0 46 4
      vertex 0.0761204 45.6173 4
    endloop
  endfacet
  facet normal 0 1 -0
    outer loop
      vertex 4 50 2
      vertex 1 50 4
      vertex 4 50 4
    endloop
  endfacet
  facet normal 0 1 0
    outer loop
      vertex 1 50 4
      vertex 4 50 2
      vertex 1 50 2
    endloop
  endfacet
  facet normal -0.980787 0.195082 0
    outer loop
      vertex 0 49 2
      vertex 0.0761204 49.3827 4
      vertex 0.0761204 49.3827 2
    endloop
  endfacet
  facet normal -0.980787 0.195082 0
    outer loop
      vertex 0.0761204 49.3827 4
      vertex 0 49 2
      vertex 0 49 4
    endloop
  endfacet
  facet normal -0.831453 0.555596 0
    outer loop
      vertex 0.0761204 49.3827 2
      vertex 0.292892 49.7071 4
      vertex 0.292892 49.7071 2
    endloop
  endfacet
  facet normal -0.831453 0.555596 0
    outer loop
      vertex 0.292892 49.7071 4
      vertex 0.0761204 49.3827 2
      vertex 0.0761204 49.3827 4
    endloop
  endfacet
  facet normal 1 -0 0
    outer loop
      vertex 5 46 4
      vertex 5 49 2
      vertex 5 49 4
    endloop
  endfacet
  facet normal 1 0 0
    outer loop
      vertex 5 49 2
      vertex 5 46 4
      vertex 5 46 2
    endloop
  endfacet
  facet normal -0.555618 -0.831438 0
    outer loop
      vertex 0.292892 45.2929 2
      vertex 0.617316 45.0761 4
      vertex 0.292892 45.2929 4
    endloop
  endfacet
  facet normal -0.555618 -0.831438 -0
    outer loop
      vertex 0.617316 45.0761 4
      vertex 0.292892 45.2929 2
      vertex 0.617316 45.0761 2
    endloop
  endfacet
  facet normal 0.195042 0.980795 -0
    outer loop
      vertex 4.38268 49.9239 2
      vertex 4 50 4
      vertex 4.38268 49.9239 4
    endloop
  endfacet
  facet normal 0.195042 0.980795 0
    outer loop
      vertex 4 50 4
      vertex 4.38268 49.9239 2
      vertex 4 50 2
    endloop
  endfacet
  facet normal 0.831454 0.555593 0
    outer loop
      vertex 4.92388 49.3827 4
      vertex 4.70711 49.7071 2
      vertex 4.70711 49.7071 4
    endloop
  endfacet
  facet normal 0.831454 0.555593 0
    outer loop
      vertex 4.70711 49.7071 2
      vertex 4.92388 49.3827 4
      vertex 4.92388 49.3827 2
    endloop
  endfacet
  facet normal 0.195042 -0.980795 0
    outer loop
      vertex 4 45 2
      vertex 4.38268 45.0761 4
      vertex 4 45 4
    endloop
  endfacet
  facet normal 0.195042 -0.980795 0
    outer loop
      vertex 4.38268 45.0761 4
      vertex 4 45 2
      vertex 4.38268 45.0761 2
    endloop
  endfacet
  facet normal 0.555611 -0.831443 0
    outer loop
      vertex 4.38268 45.0761 2
      vertex 4.70711 45.2929 4
      vertex 4.38268 45.0761 4
    endloop
  endfacet
  facet normal 0.555611 -0.831443 0
    outer loop
      vertex 4.70711 45.2929 4
      vertex 4.38268 45.0761 2
      vertex 4.70711 45.2929 2
    endloop
  endfacet
  facet normal -0.19504 -0.980795 0
    outer loop
      vertex 0.617316 45.0761 2
      vertex 0.999999 45 4
      vertex 0.617316 45.0761 4
    endloop
  endfacet
  facet normal -0.19504 -0.980795 -0
    outer loop
      vertex 0.999999 45 4
      vertex 0.617316 45.0761 2
      vertex 0.999999 45 2
    endloop
  endfacet
  facet normal 0.555611 0.831443 -0
    outer loop
      vertex 4.70711 49.7071 2
      vertex 4.38268 49.9239 4
      vertex 4.70711 49.7071 4
    endloop
  endfacet
  facet normal 0.555611 0.831443 0
    outer loop
      vertex 4.38268 49.9239 4
      vertex 4.70711 49.7071 2
      vertex 4.38268 49.9239 2
    endloop
  endfacet
  facet normal 0.980787 -0.195081 0
    outer loop
      vertex 4.92388 45.6173 4
      vertex 5 46 2
      vertex 5 46 4
    endloop
  endfacet
  facet normal 0.980787 -0.195081 0
    outer loop
      vertex 5 46 2
      vertex 4.92388 45.6173 4
      vertex 4.92388 45.6173 2
    endloop
  endfacet
  facet normal 0.831454 -0.555593 0
    outer loop
      vertex 4.70711 45.2929 4
      vertex 4.92388 45.6173 2
      vertex 4.92388 45.6173 4
    endloop
  endfacet
  facet normal 0.831454 -0.555593 0
    outer loop
      vertex 4.92388 45.6173 2
      vertex 4.70711 45.2929 4
      vertex 4.70711 45.2929 2
    endloop
  endfacet
  facet normal -0.555618 0.831438 0
    outer loop
      vertex 0.617316 49.9239 2
      vertex 0.292892 49.7071 4
      vertex 0.617316 49.9239 4
    endloop
  endfacet
  facet normal -0.555618 0.831438 0
    outer loop
      vertex 0.292892 49.7071 4
      vertex 0.617316 49.9239 2
      vertex 0.292892 49.7071 2
    endloop
  endfacet
  facet normal -0.19504 0.980795 0
    outer loop
      vertex 1 50 2
      vertex 0.617316 49.9239 4
      vertex 1 50 4
    endloop
  endfacet
  facet normal -0.19504 0.980795 0
    outer loop
      vertex 0.617316 49.9239 4
      vertex 1 50 2
      vertex 0.617316 49.9239 2
    endloop
  endfacet
  facet normal 0.831419 -0.555646 0
    outer loop
      vertex 11.7071 45.2929 4
      vertex 11.9239 45.6173 2
      vertex 11.9239 45.6173 4
    endloop
  endfacet
  facet normal 0.831419 -0.555646 0
    outer loop
      vertex 11.9239 45.6173 2
      vertex 11.7071 45.2929 4
      vertex 11.7071 45.2929 2
    endloop
  endfacet
  facet normal -1 0 0
    outer loop
      vertex 7 46 2
      vertex 7 49 4
      vertex 7 49 2
    endloop
  endfacet
  facet normal -1 -0 0
    outer loop
      vertex 7 49 4
      vertex 7 46 2
      vertex 7 46 4
    endloop
  endfacet
  facet normal -0.980787 -0.195081 0
    outer loop
      vertex 7.07612 45.6173 2
      vertex 7 46 4
      vertex 7 46 2
    endloop
  endfacet
  facet normal -0.980787 -0.195081 0
    outer loop
      vertex 7 46 4
      vertex 7.07612 45.6173 2
      vertex 7.07612 45.6173 4
    endloop
  endfacet
  facet normal -0.980787 0.195081 0
    outer loop
      vertex 7 49 2
      vertex 7.07612 49.3827 4
      vertex 7.07612 49.3827 2
    endloop
  endfacet
  facet normal -0.980787 0.195081 0
    outer loop
      vertex 7.07612 49.3827 4
      vertex 7 49 2
      vertex 7 49 4
    endloop
  endfacet
  facet normal -0.831454 0.555593 0
    outer loop
      vertex 7.07612 49.3827 2
      vertex 7.29289 49.7071 4
      vertex 7.29289 49.7071 2
    endloop
  endfacet
  facet normal -0.831454 0.555593 0
    outer loop
      vertex 7.29289 49.7071 4
      vertex 7.07612 49.3827 2
      vertex 7.07612 49.3827 4
    endloop
  endfacet
  facet normal 0.831419 0.555646 0
    outer loop
      vertex 11.9239 49.3827 4
      vertex 11.7071 49.7071 2
      vertex 11.7071 49.7071 4
    endloop
  endfacet
  facet normal 0.831419 0.555646 0
    outer loop
      vertex 11.7071 49.7071 2
      vertex 11.9239 49.3827 4
      vertex 11.9239 49.3827 2
    endloop
  endfacet
  facet normal 0.555646 0.831419 -0
    outer loop
      vertex 11.7071 49.7071 2
      vertex 11.3827 49.9239 4
      vertex 11.7071 49.7071 4
    endloop
  endfacet
  facet normal 0.555646 0.831419 0
    outer loop
      vertex 11.3827 49.9239 4
      vertex 11.7071 49.7071 2
      vertex 11.3827 49.9239 2
    endloop
  endfacet
  facet normal 0.980797 -0.195032 0
    outer loop
      vertex 11.9239 45.6173 4
      vertex 12 46 2
      vertex 12 46 4
    endloop
  endfacet
  facet normal 0.980797 -0.195032 0
    outer loop
      vertex 12 46 2
      vertex 11.9239 45.6173 4
      vertex 11.9239 45.6173 2
    endloop
  endfacet
  facet normal 0 -1 0
    outer loop
      vertex 8 45 2
      vertex 11 45 4
      vertex 8 45 4
    endloop
  endfacet
  facet normal 0 -1 -0
    outer loop
      vertex 11 45 4
      vertex 8 45 2
      vertex 11 45 2
    endloop
  endfacet
  facet normal 0.195032 -0.980797 0
    outer loop
      vertex 11 45 2
      vertex 11.3827 45.0761 4
      vertex 11 45 4
    endloop
  endfacet
  facet normal 0.195032 -0.980797 0
    outer loop
      vertex 11.3827 45.0761 4
      vertex 11 45 2
      vertex 11.3827 45.0761 2
    endloop
  endfacet
  facet normal 0 0 1
    outer loop
      vertex 11 50 4
      vertex 12 49 4
      vertex 11.9239 49.3827 4
    endloop
  endfacet
  facet normal 0 0 1
    outer loop
      vertex 12 49 4
      vertex 11 50 4
      vertex 12 46 4
    endloop
  endfacet
  facet normal 0 0 1
    outer loop
      vertex 11 50 4
      vertex 11.9239 49.3827 4
      vertex 11.7071 49.7071 4
    endloop
  endfacet
  facet normal 0 0 1
    outer loop
      vertex 11 45 4
      vertex 12 46 4
      vertex 11 50 4
    endloop
  endfacet
  facet normal 0 0 1
    outer loop
      vertex 11 50 4
      vertex 11.7071 49.7071 4
      vertex 11.3827 49.9239 4
    endloop
  endfacet
  facet normal 0 0 1
    outer loop
      vertex 12 46 4
      vertex 11 45 4
      vertex 11.9239 45.6173 4
    endloop
  endfacet
  facet normal 0 0 1
    outer loop
      vertex 11.9239 45.6173 4
      vertex 11 45 4
      vertex 11.7071 45.2929 4
    endloop
  endfacet
  facet normal 0 0 1
    outer loop
      vertex 11.7071 45.2929 4
      vertex 11 45 4
      vertex 11.3827 45.0761 4
    endloop
  endfacet
  facet normal -0 0 1
    outer loop
      vertex 8 50 4
      vertex 11 45 4
      vertex 11 50 4
    endloop
  endfacet
  facet normal 0 0 1
    outer loop
      vertex 8 50 4
      vertex 8 45 4
      vertex 11 45 4
    endloop
  endfacet
  facet normal 0 0 1
    outer loop
      vertex 7 49 4
      vertex 8 50 4
      vertex 7.61732 49.9239 4
    endloop
  endfacet
  facet normal 0 0 1
    outer loop
      vertex 8 50 4
      vertex 7 49 4
      vertex 8 45 4
    endloop
  endfacet
  facet normal 0 0 1
    outer loop
      vertex 7 49 4
      vertex 7.61732 49.9239 4
      vertex 7.29289 49.7071 4
    endloop
  endfacet
  facet normal -0 0 1
    outer loop
      vertex 7 46 4
      vertex 8 45 4
      vertex 7 49 4
    endloop
  endfacet
  facet normal 0 0 1
    outer loop
      vertex 7 49 4
      vertex 7.29289 49.7071 4
      vertex 7.07612 49.3827 4
    endloop
  endfacet
  facet normal 0 0 1
    outer loop
      vertex 8 45 4
      vertex 7 46 4
      vertex 7.61732 45.0761 4
    endloop
  endfacet
  facet normal 0 0 1
    outer loop
      vertex 7.61732 45.0761 4
      vertex 7 46 4
      vertex 7.29289 45.2929 4
    endloop
  endfacet
  facet normal 0 0 1
    outer loop
      vertex 7.29289 45.2929 4
      vertex 7 46 4
      vertex 7.07612 45.6173 4
    endloop
  endfacet
  facet normal 0 1 -0
    outer loop
      vertex 11 50 2
      vertex 8 50 4
      vertex 11 50 4
    endloop
  endfacet
  facet normal 0 1 0
    outer loop
      vertex 8 50 4
      vertex 11 50 2
      vertex 8 50 2
    endloop
  endfacet
  facet normal 0.195032 0.980797 -0
    outer loop
      vertex 11.3827 49.9239 2
      vertex 11 50 4
      vertex 11.3827 49.9239 4
    endloop
  endfacet
  facet normal 0.195032 0.980797 0
    outer loop
      vertex 11 50 4
      vertex 11.3827 49.9239 2
      vertex 11 50 2
    endloop
  endfacet
  facet normal 0.555646 -0.831419 0
    outer loop
      vertex 11.3827 45.0761 2
      vertex 11.7071 45.2929 4
      vertex 11.3827 45.0761 4
    endloop
  endfacet
  facet normal 0.555646 -0.831419 0
    outer loop
      vertex 11.7071 45.2929 4
      vertex 11.3827 45.0761 2
      vertex 11.7071 45.2929 2
    endloop
  endfacet
  facet normal -0.555611 -0.831443 0
    outer loop
      vertex 7.29289 45.2929 2
      vertex 7.61732 45.0761 4
      vertex 7.29289 45.2929 4
    endloop
  endfacet
  facet normal -0.555611 -0.831443 -0
    outer loop
      vertex 7.61732 45.0761 4
      vertex 7.29289 45.2929 2
      vertex 7.61732 45.0761 2
    endloop
  endfacet
  facet normal -0.831454 -0.555593 0
    outer loop
      vertex 7.29289 45.2929 2
      vertex 7.07612 45.6173 4
      vertex 7.07612 45.6173 2
    endloop
  endfacet
  facet normal -0.831454 -0.555593 0
    outer loop
      vertex 7.07612 45.6173 4
      vertex 7.29289 45.2929 2
      vertex 7.29289 45.2929 4
    endloop
  endfacet
  facet normal -0.195042 -0.980795 0
    outer loop
      vertex 7.61732 45.0761 2
      vertex 8 45 4
      vertex 7.61732 45.0761 4
    endloop
  endfacet
  facet normal -0.195042 -0.980795 -0
    outer loop
      vertex 8 45 4
      vertex 7.61732 45.0761 2
      vertex 8 45 2
    endloop
  endfacet
  facet normal -0.555611 0.831443 0
    outer loop
      vertex 7.61732 49.9239 2
      vertex 7.29289 49.7071 4
      vertex 7.61732 49.9239 4
    endloop
  endfacet
  facet normal -0.555611 0.831443 0
    outer loop
      vertex 7.29289 49.7071 4
      vertex 7.61732 49.9239 2
      vertex 7.29289 49.7071 2
    endloop
  endfacet
  facet normal 0.980797 0.195032 0
    outer loop
      vertex 12 49 4
      vertex 11.9239 49.3827 2
      vertex 11.9239 49.3827 4
    endloop
  endfacet
  facet normal 0.980797 0.195032 0
    outer loop
      vertex 11.9239 49.3827 2
      vertex 12 49 4
      vertex 12 49 2
    endloop
  endfacet
  facet normal -0.195042 0.980795 0
    outer loop
      vertex 8 50 2
      vertex 7.61732 49.9239 4
      vertex 8 50 4
    endloop
  endfacet
  facet normal -0.195042 0.980795 0
    outer loop
      vertex 7.61732 49.9239 4
      vertex 8 50 2
      vertex 7.61732 49.9239 2
    endloop
  endfacet
  facet normal 1 0 0
    outer loop
      vertex 25 4 4
      vertex 25 1 4
      vertex 25 4 2
    endloop
  endfacet
  facet normal 1 0 0
    outer loop
      vertex 25 49 4
      vertex 25 46 4
      vertex 25 49 2
    endloop
  endfacet
  facet normal 1 -0 0
    outer loop
      vertex 25 49 2
      vertex 25 60 0
      vertex 25 60 2
    endloop
  endfacet
  facet normal 1 0 0
    outer loop
      vertex 25 46 2
      vertex 25 49 2
      vertex 25 46 4
    endloop
  endfacet
  facet normal 1 -0 0
    outer loop
      vertex 25 46 2
      vertex 25 60 0
      vertex 25 49 2
    endloop
  endfacet
  facet normal 1 0 0
    outer loop
      vertex 25 0 0
      vertex 25 46 2
      vertex 25 4 2
    endloop
  endfacet
  facet normal 1 0 0
    outer loop
      vertex 25 1 2
      vertex 25 4 2
      vertex 25 1 4
    endloop
  endfacet
  facet normal 1 0 0
    outer loop
      vertex 25 0 0
      vertex 25 4 2
      vertex 25 1 2
    endloop
  endfacet
  facet normal 1 0 0
    outer loop
      vertex 25 0 0
      vertex 25 1 2
      vertex 25 0 2
    endloop
  endfacet
  facet normal 1 0 0
    outer loop
      vertex 25 46 2
      vertex 25 0 0
      vertex 25 60 0
    endloop
  endfacet
  facet normal 0 0 1
    outer loop
      vertex 25 60 2
      vertex 24.9239 49.3827 2
      vertex 25 49 2
    endloop
  endfacet
  facet normal 0 0 1
    outer loop
      vertex 25 60 2
      vertex 24.7071 49.7071 2
      vertex 24.9239 49.3827 2
    endloop
  endfacet
  facet normal 0 0 1
    outer loop
      vertex 25 60 2
      vertex 24.3827 49.9239 2
      vertex 24.7071 49.7071 2
    endloop
  endfacet
  facet normal 0 0 1
    outer loop
      vertex 25 60 2
      vertex 24 50 2
      vertex 24.3827 49.9239 2
    endloop
  endfacet
  facet normal 0 0 1
    outer loop
      vertex 25 60 2
      vertex 21 50 2
      vertex 24 50 2
    endloop
  endfacet
  facet normal 0 0 1
    outer loop
      vertex 25 60 2
      vertex 20.6173 49.9239 2
      vertex 21 50 2
    endloop
  endfacet
  facet normal 0 0 1
    outer loop
      vertex 17.3827 49.9239 2
      vertex 20.6173 49.9239 2
      vertex 25 60 2
    endloop
  endfacet
  facet normal 0 0 1
    outer loop
      vertex 20.6173 49.9239 2
      vertex 17.3827 49.9239 2
      vertex 20.2929 49.7071 2
    endloop
  endfacet
  facet normal 0 0 1
    outer loop
      vertex 18 46 2
      vertex 20 46 2
      vertex 20 49 2
    endloop
  endfacet
  facet normal 0 0 1
    outer loop
      vertex 17.7071 45.2929 2
      vertex 20 46 2
      vertex 17.9239 45.6173 2
    endloop
  endfacet
  facet normal 0 0 1
    outer loop
      vertex 13 27.5 2
      vertex 19.75 32.5 2
      vertex 19.75 37.5 2
    endloop
  endfacet
  facet normal 0 0 1
    outer loop
      vertex 19.75 32.5 2
      vertex 17.5 26.5 2
      vertex 19.75 17.5 2
    endloop
  endfacet
  facet normal 0 0 1
    outer loop
      vertex 20 46 2
      vertex 18 46 2
      vertex 17.9239 45.6173 2
    endloop
  endfacet
  facet normal 0 0 1
    outer loop
      vertex 18 46 2
      vertex 20 49 2
      vertex 18 49 2
    endloop
  endfacet
  facet normal 0 0 1
    outer loop
      vertex 20.0761 49.3827 2
      vertex 18 49 2
      vertex 20 49 2
    endloop
  endfacet
  facet normal 0 -0 1
    outer loop
      vertex 17.7071 49.7071 2
      vertex 20.2929 49.7071 2
      vertex 17.3827 49.9239 2
    endloop
  endfacet
  facet normal 0 0 1
    outer loop
      vertex 20.0761 49.3827 2
      vertex 17.9239 49.3827 2
      vertex 18 49 2
    endloop
  endfacet
  facet normal 0 0 1
    outer loop
      vertex 20.0761 49.3827 2
      vertex 17.7071 49.7071 2
      vertex 17.9239 49.3827 2
    endloop
  endfacet
  facet normal 0 0 1
    outer loop
      vertex 20.2929 49.7071 2
      vertex 17.7071 49.7071 2
      vertex 20.0761 49.3827 2
    endloop
  endfacet
  facet normal -0 0 1
    outer loop
      vertex 13 60 2
      vertex 17.3827 49.9239 2
      vertex 25 60 2
    endloop
  endfacet
  facet normal 0 0 1
    outer loop
      vertex 17.3827 49.9239 2
      vertex 13 60 2
      vertex 17 50 2
    endloop
  endfacet
  facet normal 0 0 1
    outer loop
      vertex 17 50 2
      vertex 13 60 2
      vertex 14 50 2
    endloop
  endfacet
  facet normal 0 0 1
    outer loop
      vertex 14 50 2
      vertex 13 60 2
      vertex 13.6173 49.9239 2
    endloop
  endfacet
  facet normal 0 0 1
    outer loop
      vertex 13.6173 49.9239 2
      vertex 13 60 2
      vertex 13.2929 49.7071 2
    endloop
  endfacet
  facet normal 0 0 1
    outer loop
      vertex 13 60 2
      vertex 13.0761 49.3827 2
      vertex 13.2929 49.7071 2
    endloop
  endfacet
  facet normal 0 0 1
    outer loop
      vertex 13.0761 49.3827 2
      vertex 13 60 2
      vertex 13 49 2
    endloop
  endfacet
  facet normal -0 0 1
    outer loop
      vertex 22.6358 31.926 2
      vertex 22.75 17.5 2
      vertex 22.75 32.5 2
    endloop
  endfacet
  facet normal 0 0 1
    outer loop
      vertex 22.6358 31.926 2
      vertex 22.6358 18.074 2
      vertex 22.75 17.5 2
    endloop
  endfacet
  facet normal -0 0 1
    outer loop
      vertex 22.3107 31.4393 2
      vertex 22.6358 18.074 2
      vertex 22.6358 31.926 2
    endloop
  endfacet
  facet normal 0 0 1
    outer loop
      vertex 22.3107 31.4393 2
      vertex 22.3107 18.5607 2
      vertex 22.6358 18.074 2
    endloop
  endfacet
  facet normal -0 0 1
    outer loop
      vertex 21.824 31.1142 2
      vertex 22.3107 18.5607 2
      vertex 22.3107 31.4393 2
    endloop
  endfacet
  facet normal 0 0 1
    outer loop
      vertex 21.824 31.1142 2
      vertex 21.824 18.8858 2
      vertex 22.3107 18.5607 2
    endloop
  endfacet
  facet normal -0 0 1
    outer loop
      vertex 21.25 31 2
      vertex 21.824 18.8858 2
      vertex 21.824 31.1142 2
    endloop
  endfacet
  facet normal 0 0 1
    outer loop
      vertex 21.25 31 2
      vertex 21.25 19 2
      vertex 21.824 18.8858 2
    endloop
  endfacet
  facet normal 0 0 1
    outer loop
      vertex 20.676 31.1142 2
      vertex 21.25 19 2
      vertex 21.25 31 2
    endloop
  endfacet
  facet normal 0 0 1
    outer loop
      vertex 20.676 31.1142 2
      vertex 20.676 18.8858 2
      vertex 21.25 19 2
    endloop
  endfacet
  facet normal 0 0 1
    outer loop
      vertex 20.1893 31.4393 2
      vertex 20.676 18.8858 2
      vertex 20.676 31.1142 2
    endloop
  endfacet
  facet normal 0 0 1
    outer loop
      vertex 20.1893 31.4393 2
      vertex 20.1893 18.5607 2
      vertex 20.676 18.8858 2
    endloop
  endfacet
  facet normal 0 0 1
    outer loop
      vertex 19.8642 31.926 2
      vertex 20.1893 18.5607 2
      vertex 20.1893 31.4393 2
    endloop
  endfacet
  facet normal 0 0 1
    outer loop
      vertex 19.8642 31.926 2
      vertex 19.8642 18.074 2
      vertex 20.1893 18.5607 2
    endloop
  endfacet
  facet normal 0 0 1
    outer loop
      vertex 19.75 32.5 2
      vertex 19.8642 18.074 2
      vertex 19.8642 31.926 2
    endloop
  endfacet
  facet normal 0 0 1
    outer loop
      vertex 19.8642 18.074 2
      vertex 19.75 32.5 2
      vertex 19.75 17.5 2
    endloop
  endfacet
  facet normal -0 0 1
    outer loop
      vertex 24.9239 45.6173 2
      vertex 25 4 2
      vertex 25 46 2
    endloop
  endfacet
  facet normal 0 0 1
    outer loop
      vertex 24.9239 45.6173 2
      vertex 24.9239 4.38268 2
      vertex 25 4 2
    endloop
  endfacet
  facet normal 0 0 1
    outer loop
      vertex 22.75 37.5 2
      vertex 24.9239 45.6173 2
      vertex 24.7071 45.2929 2
    endloop
  endfacet
  facet normal 0 0 1
    outer loop
      vertex 24.9239 45.6173 2
      vertex 22.75 32.5 2
      vertex 24.9239 4.38268 2
    endloop
  endfacet
  facet normal 0 0 1
    outer loop
      vertex 22.6358 38.074 2
      vertex 24.7071 45.2929 2
      vertex 24.3827 45.0761 2
    endloop
  endfacet
  facet normal -0 0 1
    outer loop
      vertex 22.75 17.5 2
      vertex 24.9239 4.38268 2
      vertex 22.75 32.5 2
    endloop
  endfacet
  facet normal 0 0 1
    outer loop
      vertex 22.3107 38.5607 2
      vertex 24.3827 45.0761 2
      vertex 24 45 2
    endloop
  endfacet
  facet normal -0 0 1
    outer loop
      vertex 22.75 12.5 2
      vertex 24.9239 4.38268 2
      vertex 22.75 17.5 2
    endloop
  endfacet
  facet normal 0 0 1
    outer loop
      vertex 24.9239 45.6173 2
      vertex 22.75 37.5 2
      vertex 22.75 32.5 2
    endloop
  endfacet
  facet normal 0 0 1
    outer loop
      vertex 24.7071 45.2929 2
      vertex 22.6358 38.074 2
      vertex 22.75 37.5 2
    endloop
  endfacet
  facet normal 0 0 1
    outer loop
      vertex 24.3827 45.0761 2
      vertex 22.3107 38.5607 2
      vertex 22.6358 38.074 2
    endloop
  endfacet
  facet normal 0 0 1
    outer loop
      vertex 24 45 2
      vertex 21.824 38.8858 2
      vertex 22.3107 38.5607 2
    endloop
  endfacet
  facet normal -0 0 1
    outer loop
      vertex 21 45 2
      vertex 21.824 38.8858 2
      vertex 24 45 2
    endloop
  endfacet
  facet normal 0 0 1
    outer loop
      vertex 21.824 38.8858 2
      vertex 21 45 2
      vertex 21.25 39 2
    endloop
  endfacet
  facet normal 0 0 1
    outer loop
      vertex 21 45 2
      vertex 20.676 38.8858 2
      vertex 21.25 39 2
    endloop
  endfacet
  facet normal 0 0 1
    outer loop
      vertex 20.6173 45.0761 2
      vertex 20.676 38.8858 2
      vertex 21 45 2
    endloop
  endfacet
  facet normal 0 0 1
    outer loop
      vertex 20.2929 45.2929 2
      vertex 20.676 38.8858 2
      vertex 20.6173 45.0761 2
    endloop
  endfacet
  facet normal 0 0 1
    outer loop
      vertex 20.2929 45.2929 2
      vertex 20.1893 38.5607 2
      vertex 20.676 38.8858 2
    endloop
  endfacet
  facet normal 0 0 1
    outer loop
      vertex 20.0761 45.6173 2
      vertex 20.1893 38.5607 2
      vertex 20.2929 45.2929 2
    endloop
  endfacet
  facet normal 0 0 1
    outer loop
      vertex 19.8642 38.074 2
      vertex 20.0761 45.6173 2
      vertex 20 46 2
    endloop
  endfacet
  facet normal 0 0 1
    outer loop
      vertex 20.0761 45.6173 2
      vertex 19.8642 38.074 2
      vertex 20.1893 38.5607 2
    endloop
  endfacet
  facet normal 0 0 1
    outer loop
      vertex 24.9239 4.38268 2
      vertex 22.75 12.5 2
      vertex 24.7071 4.70711 2
    endloop
  endfacet
  facet normal -0 0 1
    outer loop
      vertex 22.6358 11.926 2
      vertex 24.7071 4.70711 2
      vertex 22.75 12.5 2
    endloop
  endfacet
  facet normal 0 0 1
    outer loop
      vertex 24.7071 4.70711 2
      vertex 22.6358 11.926 2
      vertex 24.3827 4.92388 2
    endloop
  endfacet
  facet normal -0 0 1
    outer loop
      vertex 22.3107 11.4393 2
      vertex 24.3827 4.92388 2
      vertex 22.6358 11.926 2
    endloop
  endfacet
  facet normal 0 0 1
    outer loop
      vertex 24.3827 4.92388 2
      vertex 22.3107 11.4393 2
      vertex 24 5 2
    endloop
  endfacet
  facet normal -0 0 1
    outer loop
      vertex 21.824 11.1142 2
      vertex 24 5 2
      vertex 22.3107 11.4393 2
    endloop
  endfacet
  facet normal 0 0 1
    outer loop
      vertex 21 5 2
      vertex 21.824 11.1142 2
      vertex 21.25 11 2
    endloop
  endfacet
  facet normal 0 0 1
    outer loop
      vertex 21.824 11.1142 2
      vertex 21 5 2
      vertex 24 5 2
    endloop
  endfacet
  facet normal 0 0 1
    outer loop
      vertex 20.676 11.1142 2
      vertex 21 5 2
      vertex 21.25 11 2
    endloop
  endfacet
  facet normal 0 0 1
    outer loop
      vertex 20.676 11.1142 2
      vertex 20.6173 4.92388 2
      vertex 21 5 2
    endloop
  endfacet
  facet normal 0 0 1
    outer loop
      vertex 17.7071 4.70711 2
      vertex 20.6173 4.92388 2
      vertex 20.676 11.1142 2
    endloop
  endfacet
  facet normal 0 0 1
    outer loop
      vertex 17.7071 4.70711 2
      vertex 20.676 11.1142 2
      vertex 20.1893 11.4393 2
    endloop
  endfacet
  facet normal 0 0 1
    outer loop
      vertex 20.6173 4.92388 2
      vertex 17.7071 4.70711 2
      vertex 20.2929 4.70711 2
    endloop
  endfacet
  facet normal 0 0 1
    outer loop
      vertex 20.2929 4.70711 2
      vertex 17.7071 4.70711 2
      vertex 20.0761 4.38268 2
    endloop
  endfacet
  facet normal 0 -0 1
    outer loop
      vertex 17.9239 4.38268 2
      vertex 20.0761 4.38268 2
      vertex 17.7071 4.70711 2
    endloop
  endfacet
  facet normal 0 0 1
    outer loop
      vertex 17.7071 4.70711 2
      vertex 20.1893 11.4393 2
      vertex 19.8642 11.926 2
    endloop
  endfacet
  facet normal 0 0 1
    outer loop
      vertex 14 5 2
      vertex 19.8642 11.926 2
      vertex 19.75 12.5 2
    endloop
  endfacet
  facet normal 0 0 1
    outer loop
      vertex 20 46 2
      vertex 17.7071 45.2929 2
      vertex 19.8642 38.074 2
    endloop
  endfacet
  facet normal -0 0 1
    outer loop
      vertex 17.5 23.5 2
      vertex 19.75 17.5 2
      vertex 17.5 26.5 2
    endloop
  endfacet
  facet normal -0 0 1
    outer loop
      vertex 17.4239 23.1173 2
      vertex 19.75 17.5 2
      vertex 17.5 23.5 2
    endloop
  endfacet
  facet normal 0 0 1
    outer loop
      vertex 18 1 2
      vertex 20 1 2
      vertex 18 4 2
    endloop
  endfacet
  facet normal 0 0 1
    outer loop
      vertex 20 1 2
      vertex 18 1 2
      vertex 20.0761 0.617316 2
    endloop
  endfacet
  facet normal 0 0 1
    outer loop
      vertex 17.9239 0.617316 2
      vertex 20.0761 0.617316 2
      vertex 18 1 2
    endloop
  endfacet
  facet normal 0 0 1
    outer loop
      vertex 20.0761 0.617316 2
      vertex 17.9239 0.617316 2
      vertex 20.2929 0.292892 2
    endloop
  endfacet
  facet normal 0 0 1
    outer loop
      vertex 17.7071 0.292892 2
      vertex 20.2929 0.292892 2
      vertex 17.9239 0.617316 2
    endloop
  endfacet
  facet normal 0 0 1
    outer loop
      vertex 20.2929 0.292892 2
      vertex 17.7071 0.292892 2
      vertex 20.6173 0.0761204 2
    endloop
  endfacet
  facet normal 0 0 1
    outer loop
      vertex 17.3827 0.0761204 2
      vertex 20.6173 0.0761204 2
      vertex 17.7071 0.292892 2
    endloop
  endfacet
  facet normal 0 0 1
    outer loop
      vertex 20.6173 0.0761204 2
      vertex 17.3827 0.0761204 2
      vertex 21 0 2
    endloop
  endfacet
  facet normal 0 0 1
    outer loop
      vertex 21 0 2
      vertex 17.3827 0.0761204 2
      vertex 17 0 2
    endloop
  endfacet
  facet normal -0 0 1
    outer loop
      vertex 17.3827 45.0761 2
      vertex 19.8642 38.074 2
      vertex 17.7071 45.2929 2
    endloop
  endfacet
  facet normal -0 0 1
    outer loop
      vertex 17.2071 22.7929 2
      vertex 19.75 17.5 2
      vertex 17.4239 23.1173 2
    endloop
  endfacet
  facet normal -0 0 1
    outer loop
      vertex 17 45 2
      vertex 19.8642 38.074 2
      vertex 17.3827 45.0761 2
    endloop
  endfacet
  facet normal -0 0 1
    outer loop
      vertex 16.8827 22.5761 2
      vertex 19.75 17.5 2
      vertex 17.2071 22.7929 2
    endloop
  endfacet
  facet normal 0 0 1
    outer loop
      vertex 20 4 2
      vertex 18 4 2
      vertex 20 1 2
    endloop
  endfacet
  facet normal 0 0 1
    outer loop
      vertex 19.75 32.5 2
      vertex 17.4239 26.8827 2
      vertex 17.5 26.5 2
    endloop
  endfacet
  facet normal -0 0 1
    outer loop
      vertex 14 45 2
      vertex 19.8642 38.074 2
      vertex 17 45 2
    endloop
  endfacet
  facet normal 0 0 1
    outer loop
      vertex 19.75 32.5 2
      vertex 17.2071 27.2071 2
      vertex 17.4239 26.8827 2
    endloop
  endfacet
  facet normal 0 0 1
    outer loop
      vertex 19.8642 38.074 2
      vertex 14 45 2
      vertex 19.75 37.5 2
    endloop
  endfacet
  facet normal 0 0 1
    outer loop
      vertex 19.75 32.5 2
      vertex 16.8827 27.4239 2
      vertex 17.2071 27.2071 2
    endloop
  endfacet
  facet normal 0 0 1
    outer loop
      vertex 19.75 32.5 2
      vertex 16.5 27.5 2
      vertex 16.8827 27.4239 2
    endloop
  endfacet
  facet normal 0 0 1
    outer loop
      vertex 13.6173 45.0761 2
      vertex 19.75 37.5 2
      vertex 14 45 2
    endloop
  endfacet
  facet normal 0 0 1
    outer loop
      vertex 19.75 37.5 2
      vertex 13.6173 45.0761 2
      vertex 13 27.5 2
    endloop
  endfacet
  facet normal 0 0 1
    outer loop
      vertex 13 27.5 2
      vertex 13.6173 45.0761 2
      vertex 13.2929 45.2929 2
    endloop
  endfacet
  facet normal 0 0 1
    outer loop
      vertex 13 27.5 2
      vertex 13.2929 45.2929 2
      vertex 13.0761 45.6173 2
    endloop
  endfacet
  facet normal 0 0 1
    outer loop
      vertex 13 27.5 2
      vertex 13.0761 45.6173 2
      vertex 13 46 2
    endloop
  endfacet
  facet normal 0 0 1
    outer loop
      vertex 19.75 32.5 2
      vertex 13 27.5 2
      vertex 16.5 27.5 2
    endloop
  endfacet
  facet normal 0 -0 1
    outer loop
      vertex 18 4 2
      vertex 20 4 2
      vertex 17.9239 4.38268 2
    endloop
  endfacet
  facet normal 0 0 1
    outer loop
      vertex 20.0761 4.38268 2
      vertex 17.9239 4.38268 2
      vertex 20 4 2
    endloop
  endfacet
  facet normal -0 0 1
    outer loop
      vertex 16.5 22.5 2
      vertex 19.75 17.5 2
      vertex 16.8827 22.5761 2
    endloop
  endfacet
  facet normal 0 0 1
    outer loop
      vertex 19.8642 11.926 2
      vertex 17.3827 4.92388 2
      vertex 17.7071 4.70711 2
    endloop
  endfacet
  facet normal -0 0 1
    outer loop
      vertex 13 22.5 2
      vertex 19.75 17.5 2
      vertex 16.5 22.5 2
    endloop
  endfacet
  facet normal 0 0 1
    outer loop
      vertex 19.8642 11.926 2
      vertex 17 5 2
      vertex 17.3827 4.92388 2
    endloop
  endfacet
  facet normal 0 0 1
    outer loop
      vertex 19.75 17.5 2
      vertex 13 22.5 2
      vertex 19.75 12.5 2
    endloop
  endfacet
  facet normal 0 0 1
    outer loop
      vertex 19.8642 11.926 2
      vertex 14 5 2
      vertex 17 5 2
    endloop
  endfacet
  facet normal 0 -0 1
    outer loop
      vertex 13.6173 4.92388 2
      vertex 19.75 12.5 2
      vertex 13 22.5 2
    endloop
  endfacet
  facet normal 0 0 1
    outer loop
      vertex 19.75 12.5 2
      vertex 13.6173 4.92388 2
      vertex 14 5 2
    endloop
  endfacet
  facet normal 0 0 1
    outer loop
      vertex 13.6173 4.92388 2
      vertex 13 22.5 2
      vertex 13.2929 4.70711 2
    endloop
  endfacet
  facet normal 0 0 1
    outer loop
      vertex 13.2929 4.70711 2
      vertex 13 22.5 2
      vertex 13.0761 4.38268 2
    endloop
  endfacet
  facet normal 0 0 1
    outer loop
      vertex 13.0761 4.38268 2
      vertex 13 22.5 2
      vertex 13 4 2
    endloop
  endfacet
  facet normal 0 0 1
    outer loop
      vertex 13.6173 0.0761204 2
      vertex 13 0 2
      vertex 14 0 2
    endloop
  endfacet
  facet normal 0 0 1
    outer loop
      vertex 13.2929 0.292892 2
      vertex 13 0 2
      vertex 13.6173 0.0761204 2
    endloop
  endfacet
  facet normal 0 0 1
    outer loop
      vertex 13.0761 0.617316 2
      vertex 13 0 2
      vertex 13.2929 0.292892 2
    endloop
  endfacet
  facet normal 0 0 1
    outer loop
      vertex 13 0 2
      vertex 13.0761 0.617316 2
      vertex 13 1 2
    endloop
  endfacet
  facet normal -0 0 1
    outer loop
      vertex 24.9239 0.617316 2
      vertex 25 0 2
      vertex 25 1 2
    endloop
  endfacet
  facet normal -0 0 1
    outer loop
      vertex 24.7071 0.292892 2
      vertex 25 0 2
      vertex 24.9239 0.617316 2
    endloop
  endfacet
  facet normal -0 0 1
    outer loop
      vertex 24.3827 0.0761204 2
      vertex 25 0 2
      vertex 24.7071 0.292892 2
    endloop
  endfacet
  facet normal 0 0 1
    outer loop
      vertex 25 0 2
      vertex 24.3827 0.0761204 2
      vertex 24 0 2
    endloop
  endfacet
  facet normal -1 0 0
    outer loop
      vertex 13 60 0
      vertex 13 49 2
      vertex 13 60 2
    endloop
  endfacet
  facet normal -1 0 0
    outer loop
      vertex 13 49 2
      vertex 13 46 2
      vertex 13 49 4
    endloop
  endfacet
  facet normal -1 0 0
    outer loop
      vertex 13 60 0
      vertex 13 46 2
      vertex 13 49 2
    endloop
  endfacet
  facet normal -1 0 0
    outer loop
      vertex 13 27.5 0
      vertex 13 46 2
      vertex 13 60 0
    endloop
  endfacet
  facet normal -1 -0 0
    outer loop
      vertex 13 46 2
      vertex 13 27.5 0
      vertex 13 27.5 2
    endloop
  endfacet
  facet normal -1 -0 0
    outer loop
      vertex 13 49 4
      vertex 13 46 2
      vertex 13 46 4
    endloop
  endfacet
  facet normal -1 0 0
    outer loop
      vertex 13 22.5 0
      vertex 13 4 2
      vertex 13 22.5 2
    endloop
  endfacet
  facet normal -1 0 0
    outer loop
      vertex 13 4 2
      vertex 13 1 2
      vertex 13 4 4
    endloop
  endfacet
  facet normal -1 0 0
    outer loop
      vertex 13 0 0
      vertex 13 4 2
      vertex 13 22.5 0
    endloop
  endfacet
  facet normal -1 -0 0
    outer loop
      vertex 13 4 2
      vertex 13 0 0
      vertex 13 1 2
    endloop
  endfacet
  facet normal -1 -0 0
    outer loop
      vertex 13 1 2
      vertex 13 0 0
      vertex 13 0 2
    endloop
  endfacet
  facet normal -1 -0 0
    outer loop
      vertex 13 4 4
      vertex 13 1 2
      vertex 13 1 4
    endloop
  endfacet
  facet normal 0 1 -0
    outer loop
      vertex 25 60 0
      vertex 13 60 2
      vertex 25 60 2
    endloop
  endfacet
  facet normal 0 1 0
    outer loop
      vertex 13 60 2
      vertex 25 60 0
      vertex 13 60 0
    endloop
  endfacet
  facet normal 0 0 -1
    outer loop
      vertex 22.6358 18.074 0
      vertex 22.75 32.5 0
      vertex 22.75 17.5 0
    endloop
  endfacet
  facet normal 0 0 -1
    outer loop
      vertex 22.6358 18.074 0
      vertex 22.6358 31.926 0
      vertex 22.75 32.5 0
    endloop
  endfacet
  facet normal 0 0 -1
    outer loop
      vertex 22.3107 18.5607 0
      vertex 22.6358 31.926 0
      vertex 22.6358 18.074 0
    endloop
  endfacet
  facet normal 0 0 -1
    outer loop
      vertex 22.3107 18.5607 0
      vertex 22.3107 31.4393 0
      vertex 22.6358 31.926 0
    endloop
  endfacet
  facet normal 0 0 -1
    outer loop
      vertex 21.824 18.8858 0
      vertex 22.3107 31.4393 0
      vertex 22.3107 18.5607 0
    endloop
  endfacet
  facet normal 0 0 -1
    outer loop
      vertex 21.824 18.8858 0
      vertex 21.824 31.1142 0
      vertex 22.3107 31.4393 0
    endloop
  endfacet
  facet normal 0 0 -1
    outer loop
      vertex 17.5 23.5 0
      vertex 21.824 18.8858 0
      vertex 21.25 19 0
    endloop
  endfacet
  facet normal 0 0 -1
    outer loop
      vertex 21.824 18.8858 0
      vertex 17.5 23.5 0
      vertex 21.824 31.1142 0
    endloop
  endfacet
  facet normal 0 0 -1
    outer loop
      vertex 17.4239 23.1173 0
      vertex 21.25 19 0
      vertex 20.676 18.8858 0
    endloop
  endfacet
  facet normal 0 0 -1
    outer loop
      vertex 17.5 26.5 0
      vertex 21.824 31.1142 0
      vertex 17.5 23.5 0
    endloop
  endfacet
  facet normal 0 0 -1
    outer loop
      vertex 17.2071 22.7929 0
      vertex 20.676 18.8858 0
      vertex 20.1893 18.5607 0
    endloop
  endfacet
  facet normal 0 0 -1
    outer loop
      vertex 21.824 31.1142 0
      vertex 17.5 26.5 0
      vertex 21.25 31 0
    endloop
  endfacet
  facet normal 0 0 -1
    outer loop
      vertex 16.8827 22.5761 0
      vertex 20.1893 18.5607 0
      vertex 19.8642 18.074 0
    endloop
  endfacet
  facet normal 0 0 -1
    outer loop
      vertex 17.4239 26.8827 0
      vertex 21.25 31 0
      vertex 17.5 26.5 0
    endloop
  endfacet
  facet normal 0 0 -1
    outer loop
      vertex 16.5 22.5 0
      vertex 19.8642 18.074 0
      vertex 19.75 17.5 0
    endloop
  endfacet
  facet normal -0 0 -1
    outer loop
      vertex 21.25 31 0
      vertex 17.4239 26.8827 0
      vertex 20.676 31.1142 0
    endloop
  endfacet
  facet normal 0 0 -1
    outer loop
      vertex 22.75 17.5 0
      vertex 25 0 0
      vertex 22.75 12.5 0
    endloop
  endfacet
  facet normal 0 0 -1
    outer loop
      vertex 25 0 0
      vertex 22.6358 11.926 0
      vertex 22.75 12.5 0
    endloop
  endfacet
  facet normal 0 0 -1
    outer loop
      vertex 25 0 0
      vertex 22.3107 11.4393 0
      vertex 22.6358 11.926 0
    endloop
  endfacet
  facet normal 0 0 -1
    outer loop
      vertex 25 0 0
      vertex 21.824 11.1142 0
      vertex 22.3107 11.4393 0
    endloop
  endfacet
  facet normal 0 0 -1
    outer loop
      vertex 25 0 0
      vertex 21.25 11 0
      vertex 21.824 11.1142 0
    endloop
  endfacet
  facet normal 0 0 -1
    outer loop
      vertex 25 0 0
      vertex 20.676 11.1142 0
      vertex 21.25 11 0
    endloop
  endfacet
  facet normal 0 0 -1
    outer loop
      vertex 13 0 0
      vertex 20.676 11.1142 0
      vertex 25 0 0
    endloop
  endfacet
  facet normal -0 0 -1
    outer loop
      vertex 20.676 11.1142 0
      vertex 13 0 0
      vertex 20.1893 11.4393 0
    endloop
  endfacet
  facet normal 0 0 -1
    outer loop
      vertex 13 22.5 0
      vertex 19.75 17.5 0
      vertex 19.75 12.5 0
    endloop
  endfacet
  facet normal 0 0 -1
    outer loop
      vertex 17.2071 27.2071 0
      vertex 20.676 31.1142 0
      vertex 17.4239 26.8827 0
    endloop
  endfacet
  facet normal -0 0 -1
    outer loop
      vertex 20.676 31.1142 0
      vertex 17.2071 27.2071 0
      vertex 20.1893 31.4393 0
    endloop
  endfacet
  facet normal 0 0 -1
    outer loop
      vertex 13 0 0
      vertex 19.75 12.5 0
      vertex 19.8642 11.926 0
    endloop
  endfacet
  facet normal 0 0 -1
    outer loop
      vertex 21.25 19 0
      vertex 17.4239 23.1173 0
      vertex 17.5 23.5 0
    endloop
  endfacet
  facet normal 0 0 -1
    outer loop
      vertex 20.676 18.8858 0
      vertex 17.2071 22.7929 0
      vertex 17.4239 23.1173 0
    endloop
  endfacet
  facet normal 0 0 -1
    outer loop
      vertex 20.1893 18.5607 0
      vertex 16.8827 22.5761 0
      vertex 17.2071 22.7929 0
    endloop
  endfacet
  facet normal 0 0 -1
    outer loop
      vertex 19.8642 18.074 0
      vertex 16.5 22.5 0
      vertex 16.8827 22.5761 0
    endloop
  endfacet
  facet normal -0 0 -1
    outer loop
      vertex 20.1893 11.4393 0
      vertex 13 0 0
      vertex 19.8642 11.926 0
    endloop
  endfacet
  facet normal -0 0 -1
    outer loop
      vertex 19.75 12.5 0
      vertex 13 0 0
      vertex 13 22.5 0
    endloop
  endfacet
  facet normal 0 0 -1
    outer loop
      vertex 19.75 17.5 0
      vertex 13 22.5 0
      vertex 16.5 22.5 0
    endloop
  endfacet
  facet normal 0 0 -1
    outer loop
      vertex 22.75 32.5 0
      vertex 25 0 0
      vertex 22.75 17.5 0
    endloop
  endfacet
  facet normal 0 0 -1
    outer loop
      vertex 25 0 0
      vertex 22.75 32.5 0
      vertex 25 60 0
    endloop
  endfacet
  facet normal 0 0 -1
    outer loop
      vertex 22.75 37.5 0
      vertex 25 60 0
      vertex 22.75 32.5 0
    endloop
  endfacet
  facet normal 0 0 -1
    outer loop
      vertex 22.6358 38.074 0
      vertex 25 60 0
      vertex 22.75 37.5 0
    endloop
  endfacet
  facet normal 0 0 -1
    outer loop
      vertex 22.3107 38.5607 0
      vertex 25 60 0
      vertex 22.6358 38.074 0
    endloop
  endfacet
  facet normal 0 0 -1
    outer loop
      vertex 21.824 38.8858 0
      vertex 25 60 0
      vertex 22.3107 38.5607 0
    endloop
  endfacet
  facet normal 0 0 -1
    outer loop
      vertex 21.25 39 0
      vertex 25 60 0
      vertex 21.824 38.8858 0
    endloop
  endfacet
  facet normal 0 0 -1
    outer loop
      vertex 13 60 0
      vertex 21.25 39 0
      vertex 20.676 38.8858 0
    endloop
  endfacet
  facet normal 0 0 -1
    outer loop
      vertex 13 60 0
      vertex 20.676 38.8858 0
      vertex 20.1893 38.5607 0
    endloop
  endfacet
  facet normal 0 0 -1
    outer loop
      vertex 13 60 0
      vertex 20.1893 38.5607 0
      vertex 19.8642 38.074 0
    endloop
  endfacet
  facet normal 0 0 -1
    outer loop
      vertex 16.8827 27.4239 0
      vertex 20.1893 31.4393 0
      vertex 17.2071 27.2071 0
    endloop
  endfacet
  facet normal -0 0 -1
    outer loop
      vertex 20.1893 31.4393 0
      vertex 16.8827 27.4239 0
      vertex 19.8642 31.926 0
    endloop
  endfacet
  facet normal 0 0 -1
    outer loop
      vertex 16.5 27.5 0
      vertex 19.8642 31.926 0
      vertex 16.8827 27.4239 0
    endloop
  endfacet
  facet normal -0 0 -1
    outer loop
      vertex 19.8642 31.926 0
      vertex 16.5 27.5 0
      vertex 19.75 32.5 0
    endloop
  endfacet
  facet normal 0 0 -1
    outer loop
      vertex 13 27.5 0
      vertex 19.75 32.5 0
      vertex 16.5 27.5 0
    endloop
  endfacet
  facet normal -0 0 -1
    outer loop
      vertex 19.75 32.5 0
      vertex 13 27.5 0
      vertex 19.75 37.5 0
    endloop
  endfacet
  facet normal -0 0 -1
    outer loop
      vertex 19.75 37.5 0
      vertex 13 27.5 0
      vertex 19.8642 38.074 0
    endloop
  endfacet
  facet normal -0 0 -1
    outer loop
      vertex 19.8642 38.074 0
      vertex 13 27.5 0
      vertex 13 60 0
    endloop
  endfacet
  facet normal 0 0 -1
    outer loop
      vertex 21.25 39 0
      vertex 13 60 0
      vertex 25 60 0
    endloop
  endfacet
  facet normal 0 -1 0
    outer loop
      vertex 13 0 0
      vertex 14 0 2
      vertex 13 0 2
    endloop
  endfacet
  facet normal 0 -1 -0
    outer loop
      vertex 14 0 2
      vertex 13 0 0
      vertex 17 0 2
    endloop
  endfacet
  facet normal 0 -1 -0
    outer loop
      vertex 17 0 2
      vertex 13 0 0
      vertex 21 0 2
    endloop
  endfacet
  facet normal 0 -1 0
    outer loop
      vertex 25 0 0
      vertex 21 0 2
      vertex 13 0 0
    endloop
  endfacet
  facet normal 0 -1 0
    outer loop
      vertex 21 0 2
      vertex 25 0 0
      vertex 24 0 2
    endloop
  endfacet
  facet normal 0 -1 0
    outer loop
      vertex 24 0 2
      vertex 25 0 0
      vertex 25 0 2
    endloop
  endfacet
  facet normal 0 -1 0
    outer loop
      vertex 14 0 2
      vertex 17 0 4
      vertex 14 0 4
    endloop
  endfacet
  facet normal 0 -1 -0
    outer loop
      vertex 17 0 4
      vertex 14 0 2
      vertex 17 0 2
    endloop
  endfacet
  facet normal 0 -1 0
    outer loop
      vertex 21 0 2
      vertex 24 0 4
      vertex 21 0 4
    endloop
  endfacet
  facet normal 0 -1 -0
    outer loop
      vertex 24 0 4
      vertex 21 0 2
      vertex 24 0 2
    endloop
  endfacet
  facet normal -1 0 0
    outer loop
      vertex 17.5 23.5 0
      vertex 17.5 26.5 2
      vertex 17.5 26.5 0
    endloop
  endfacet
  facet normal -1 -0 0
    outer loop
      vertex 17.5 26.5 2
      vertex 17.5 23.5 0
      vertex 17.5 23.5 2
    endloop
  endfacet
  facet normal -0.980797 0.195032 0
    outer loop
      vertex 17.4239 23.1173 0
      vertex 17.5 23.5 2
      vertex 17.5 23.5 0
    endloop
  endfacet
  facet normal -0.980797 0.195032 0
    outer loop
      vertex 17.5 23.5 2
      vertex 17.4239 23.1173 0
      vertex 17.4239 23.1173 2
    endloop
  endfacet
  facet normal -0.980797 -0.195032 0
    outer loop
      vertex 17.5 26.5 0
      vertex 17.4239 26.8827 2
      vertex 17.4239 26.8827 0
    endloop
  endfacet
  facet normal -0.980797 -0.195032 0
    outer loop
      vertex 17.4239 26.8827 2
      vertex 17.5 26.5 0
      vertex 17.5 26.5 2
    endloop
  endfacet
  facet normal -0.831419 -0.555646 0
    outer loop
      vertex 17.4239 26.8827 0
      vertex 17.2071 27.2071 2
      vertex 17.2071 27.2071 0
    endloop
  endfacet
  facet normal -0.831419 -0.555646 0
    outer loop
      vertex 17.2071 27.2071 2
      vertex 17.4239 26.8827 0
      vertex 17.4239 26.8827 2
    endloop
  endfacet
  facet normal 0 1 -0
    outer loop
      vertex 16.5 22.5 0
      vertex 13 22.5 2
      vertex 16.5 22.5 2
    endloop
  endfacet
  facet normal 0 1 0
    outer loop
      vertex 13 22.5 2
      vertex 16.5 22.5 0
      vertex 13 22.5 0
    endloop
  endfacet
  facet normal 0 -1 0
    outer loop
      vertex 13 27.5 0
      vertex 16.5 27.5 2
      vertex 13 27.5 2
    endloop
  endfacet
  facet normal 0 -1 -0
    outer loop
      vertex 16.5 27.5 2
      vertex 13 27.5 0
      vertex 16.5 27.5 0
    endloop
  endfacet
  facet normal -0.555646 0.831419 0
    outer loop
      vertex 17.2071 22.7929 0
      vertex 16.8827 22.5761 2
      vertex 17.2071 22.7929 2
    endloop
  endfacet
  facet normal -0.555646 0.831419 0
    outer loop
      vertex 16.8827 22.5761 2
      vertex 17.2071 22.7929 0
      vertex 16.8827 22.5761 0
    endloop
  endfacet
  facet normal -0.831419 0.555646 0
    outer loop
      vertex 17.2071 22.7929 0
      vertex 17.4239 23.1173 2
      vertex 17.4239 23.1173 0
    endloop
  endfacet
  facet normal -0.831419 0.555646 0
    outer loop
      vertex 17.4239 23.1173 2
      vertex 17.2071 22.7929 0
      vertex 17.2071 22.7929 2
    endloop
  endfacet
  facet normal -0.195032 0.980797 0
    outer loop
      vertex 16.8827 22.5761 0
      vertex 16.5 22.5 2
      vertex 16.8827 22.5761 2
    endloop
  endfacet
  facet normal -0.195032 0.980797 0
    outer loop
      vertex 16.5 22.5 2
      vertex 16.8827 22.5761 0
      vertex 16.5 22.5 0
    endloop
  endfacet
  facet normal -0.555646 -0.831419 0
    outer loop
      vertex 16.8827 27.4239 0
      vertex 17.2071 27.2071 2
      vertex 16.8827 27.4239 2
    endloop
  endfacet
  facet normal -0.555646 -0.831419 -0
    outer loop
      vertex 17.2071 27.2071 2
      vertex 16.8827 27.4239 0
      vertex 17.2071 27.2071 0
    endloop
  endfacet
  facet normal -0.195032 -0.980797 0
    outer loop
      vertex 16.5 27.5 0
      vertex 16.8827 27.4239 2
      vertex 16.5 27.5 2
    endloop
  endfacet
  facet normal -0.195032 -0.980797 -0
    outer loop
      vertex 16.8827 27.4239 2
      vertex 16.5 27.5 0
      vertex 16.8827 27.4239 0
    endloop
  endfacet
  facet normal 0.980777 -0.19513 0
    outer loop
      vertex 19.75 17.5 2
      vertex 19.8642 18.074 0
      vertex 19.8642 18.074 2
    endloop
  endfacet
  facet normal 0.980777 -0.19513 0
    outer loop
      vertex 19.8642 18.074 0
      vertex 19.75 17.5 2
      vertex 19.75 17.5 0
    endloop
  endfacet
  facet normal -0.831551 0.555449 0
    outer loop
      vertex 22.3107 11.4393 0
      vertex 22.6358 11.926 2
      vertex 22.6358 11.926 0
    endloop
  endfacet
  facet normal -0.831551 0.555449 0
    outer loop
      vertex 22.6358 11.926 2
      vertex 22.3107 11.4393 0
      vertex 22.3107 11.4393 2
    endloop
  endfacet
  facet normal 1 -0 0
    outer loop
      vertex 19.75 12.5 2
      vertex 19.75 17.5 0
      vertex 19.75 17.5 2
    endloop
  endfacet
  facet normal 1 0 0
    outer loop
      vertex 19.75 17.5 0
      vertex 19.75 12.5 2
      vertex 19.75 12.5 0
    endloop
  endfacet
  facet normal -0.19513 0.980777 0
    outer loop
      vertex 21.824 11.1142 0
      vertex 21.25 11 2
      vertex 21.824 11.1142 2
    endloop
  endfacet
  facet normal -0.19513 0.980777 0
    outer loop
      vertex 21.25 11 2
      vertex 21.824 11.1142 0
      vertex 21.25 11 0
    endloop
  endfacet
  facet normal -1 0 0
    outer loop
      vertex 22.75 12.5 0
      vertex 22.75 17.5 2
      vertex 22.75 17.5 0
    endloop
  endfacet
  facet normal -1 -0 0
    outer loop
      vertex 22.75 17.5 2
      vertex 22.75 12.5 0
      vertex 22.75 12.5 2
    endloop
  endfacet
  facet normal -0.980777 0.19513 0
    outer loop
      vertex 22.6358 11.926 0
      vertex 22.75 12.5 2
      vertex 22.75 12.5 0
    endloop
  endfacet
  facet normal -0.980777 0.19513 0
    outer loop
      vertex 22.75 12.5 2
      vertex 22.6358 11.926 0
      vertex 22.6358 11.926 2
    endloop
  endfacet
  facet normal -0.555449 -0.831551 0
    outer loop
      vertex 21.824 18.8858 0
      vertex 22.3107 18.5607 2
      vertex 21.824 18.8858 2
    endloop
  endfacet
  facet normal -0.555449 -0.831551 -0
    outer loop
      vertex 22.3107 18.5607 2
      vertex 21.824 18.8858 0
      vertex 22.3107 18.5607 0
    endloop
  endfacet
  facet normal 0.831551 0.555449 0
    outer loop
      vertex 20.1893 11.4393 2
      vertex 19.8642 11.926 0
      vertex 19.8642 11.926 2
    endloop
  endfacet
  facet normal 0.831551 0.555449 0
    outer loop
      vertex 19.8642 11.926 0
      vertex 20.1893 11.4393 2
      vertex 20.1893 11.4393 0
    endloop
  endfacet
  facet normal -0.831551 -0.555449 0
    outer loop
      vertex 22.6358 18.074 0
      vertex 22.3107 18.5607 2
      vertex 22.3107 18.5607 0
    endloop
  endfacet
  facet normal -0.831551 -0.555449 0
    outer loop
      vertex 22.3107 18.5607 2
      vertex 22.6358 18.074 0
      vertex 22.6358 18.074 2
    endloop
  endfacet
  facet normal -0.980777 -0.19513 0
    outer loop
      vertex 22.75 17.5 0
      vertex 22.6358 18.074 2
      vertex 22.6358 18.074 0
    endloop
  endfacet
  facet normal -0.980777 -0.19513 0
    outer loop
      vertex 22.6358 18.074 2
      vertex 22.75 17.5 0
      vertex 22.75 17.5 2
    endloop
  endfacet
  facet normal 0.831551 -0.555449 0
    outer loop
      vertex 19.8642 18.074 2
      vertex 20.1893 18.5607 0
      vertex 20.1893 18.5607 2
    endloop
  endfacet
  facet normal 0.831551 -0.555449 0
    outer loop
      vertex 20.1893 18.5607 0
      vertex 19.8642 18.074 2
      vertex 19.8642 18.074 0
    endloop
  endfacet
  facet normal -0.19513 -0.980777 0
    outer loop
      vertex 21.25 19 0
      vertex 21.824 18.8858 2
      vertex 21.25 19 2
    endloop
  endfacet
  facet normal -0.19513 -0.980777 -0
    outer loop
      vertex 21.824 18.8858 2
      vertex 21.25 19 0
      vertex 21.824 18.8858 0
    endloop
  endfacet
  facet normal 0.19513 0.980777 -0
    outer loop
      vertex 21.25 11 0
      vertex 20.676 11.1142 2
      vertex 21.25 11 2
    endloop
  endfacet
  facet normal 0.19513 0.980777 0
    outer loop
      vertex 20.676 11.1142 2
      vertex 21.25 11 0
      vertex 20.676 11.1142 0
    endloop
  endfacet
  facet normal 0.980777 0.19513 0
    outer loop
      vertex 19.8642 11.926 2
      vertex 19.75 12.5 0
      vertex 19.75 12.5 2
    endloop
  endfacet
  facet normal 0.980777 0.19513 0
    outer loop
      vertex 19.75 12.5 0
      vertex 19.8642 11.926 2
      vertex 19.8642 11.926 0
    endloop
  endfacet
  facet normal -0.555449 0.831551 0
    outer loop
      vertex 22.3107 11.4393 0
      vertex 21.824 11.1142 2
      vertex 22.3107 11.4393 2
    endloop
  endfacet
  facet normal -0.555449 0.831551 0
    outer loop
      vertex 21.824 11.1142 2
      vertex 22.3107 11.4393 0
      vertex 21.824 11.1142 0
    endloop
  endfacet
  facet normal 0.19513 -0.980777 0
    outer loop
      vertex 20.676 18.8858 0
      vertex 21.25 19 2
      vertex 20.676 18.8858 2
    endloop
  endfacet
  facet normal 0.19513 -0.980777 0
    outer loop
      vertex 21.25 19 2
      vertex 20.676 18.8858 0
      vertex 21.25 19 0
    endloop
  endfacet
  facet normal 0.555449 0.831551 -0
    outer loop
      vertex 20.676 11.1142 0
      vertex 20.1893 11.4393 2
      vertex 20.676 11.1142 2
    endloop
  endfacet
  facet normal 0.555449 0.831551 0
    outer loop
      vertex 20.1893 11.4393 2
      vertex 20.676 11.1142 0
      vertex 20.1893 11.4393 0
    endloop
  endfacet
  facet normal 0.555449 -0.831551 0
    outer loop
      vertex 20.1893 18.5607 0
      vertex 20.676 18.8858 2
      vertex 20.1893 18.5607 2
    endloop
  endfacet
  facet normal 0.555449 -0.831551 0
    outer loop
      vertex 20.676 18.8858 2
      vertex 20.1893 18.5607 0
      vertex 20.676 18.8858 0
    endloop
  endfacet
  facet normal 0.980777 -0.19513 0
    outer loop
      vertex 19.75 37.5 2
      vertex 19.8642 38.074 0
      vertex 19.8642 38.074 2
    endloop
  endfacet
  facet normal 0.980777 -0.19513 0
    outer loop
      vertex 19.8642 38.074 0
      vertex 19.75 37.5 2
      vertex 19.75 37.5 0
    endloop
  endfacet
  facet normal -0.831551 0.555449 0
    outer loop
      vertex 22.3107 31.4393 0
      vertex 22.6358 31.926 2
      vertex 22.6358 31.926 0
    endloop
  endfacet
  facet normal -0.831551 0.555449 0
    outer loop
      vertex 22.6358 31.926 2
      vertex 22.3107 31.4393 0
      vertex 22.3107 31.4393 2
    endloop
  endfacet
  facet normal 1 -0 0
    outer loop
      vertex 19.75 32.5 2
      vertex 19.75 37.5 0
      vertex 19.75 37.5 2
    endloop
  endfacet
  facet normal 1 0 0
    outer loop
      vertex 19.75 37.5 0
      vertex 19.75 32.5 2
      vertex 19.75 32.5 0
    endloop
  endfacet
  facet normal -0.19513 0.980777 0
    outer loop
      vertex 21.824 31.1142 0
      vertex 21.25 31 2
      vertex 21.824 31.1142 2
    endloop
  endfacet
  facet normal -0.19513 0.980777 0
    outer loop
      vertex 21.25 31 2
      vertex 21.824 31.1142 0
      vertex 21.25 31 0
    endloop
  endfacet
  facet normal -1 0 0
    outer loop
      vertex 22.75 32.5 0
      vertex 22.75 37.5 2
      vertex 22.75 37.5 0
    endloop
  endfacet
  facet normal -1 -0 0
    outer loop
      vertex 22.75 37.5 2
      vertex 22.75 32.5 0
      vertex 22.75 32.5 2
    endloop
  endfacet
  facet normal -0.980777 0.19513 0
    outer loop
      vertex 22.6358 31.926 0
      vertex 22.75 32.5 2
      vertex 22.75 32.5 0
    endloop
  endfacet
  facet normal -0.980777 0.19513 0
    outer loop
      vertex 22.75 32.5 2
      vertex 22.6358 31.926 0
      vertex 22.6358 31.926 2
    endloop
  endfacet
  facet normal -0.555449 -0.831551 0
    outer loop
      vertex 21.824 38.8858 0
      vertex 22.3107 38.5607 2
      vertex 21.824 38.8858 2
    endloop
  endfacet
  facet normal -0.555449 -0.831551 -0
    outer loop
      vertex 22.3107 38.5607 2
      vertex 21.824 38.8858 0
      vertex 22.3107 38.5607 0
    endloop
  endfacet
  facet normal 0.831551 0.555449 0
    outer loop
      vertex 20.1893 31.4393 2
      vertex 19.8642 31.926 0
      vertex 19.8642 31.926 2
    endloop
  endfacet
  facet normal 0.831551 0.555449 0
    outer loop
      vertex 19.8642 31.926 0
      vertex 20.1893 31.4393 2
      vertex 20.1893 31.4393 0
    endloop
  endfacet
  facet normal -0.831551 -0.555449 0
    outer loop
      vertex 22.6358 38.074 0
      vertex 22.3107 38.5607 2
      vertex 22.3107 38.5607 0
    endloop
  endfacet
  facet normal -0.831551 -0.555449 0
    outer loop
      vertex 22.3107 38.5607 2
      vertex 22.6358 38.074 0
      vertex 22.6358 38.074 2
    endloop
  endfacet
  facet normal -0.980777 -0.19513 0
    outer loop
      vertex 22.75 37.5 0
      vertex 22.6358 38.074 2
      vertex 22.6358 38.074 0
    endloop
  endfacet
  facet normal -0.980777 -0.19513 0
    outer loop
      vertex 22.6358 38.074 2
      vertex 22.75 37.5 0
      vertex 22.75 37.5 2
    endloop
  endfacet
  facet normal 0.831551 -0.555449 0
    outer loop
      vertex 19.8642 38.074 2
      vertex 20.1893 38.5607 0
      vertex 20.1893 38.5607 2
    endloop
  endfacet
  facet normal 0.831551 -0.555449 0
    outer loop
      vertex 20.1893 38.5607 0
      vertex 19.8642 38.074 2
      vertex 19.8642 38.074 0
    endloop
  endfacet
  facet normal -0.19513 -0.980777 0
    outer loop
      vertex 21.25 39 0
      vertex 21.824 38.8858 2
      vertex 21.25 39 2
    endloop
  endfacet
  facet normal -0.19513 -0.980777 -0
    outer loop
      vertex 21.824 38.8858 2
      vertex 21.25 39 0
      vertex 21.824 38.8858 0
    endloop
  endfacet
  facet normal 0.19513 0.980777 -0
    outer loop
      vertex 21.25 31 0
      vertex 20.676 31.1142 2
      vertex 21.25 31 2
    endloop
  endfacet
  facet normal 0.19513 0.980777 0
    outer loop
      vertex 20.676 31.1142 2
      vertex 21.25 31 0
      vertex 20.676 31.1142 0
    endloop
  endfacet
  facet normal 0.980777 0.19513 0
    outer loop
      vertex 19.8642 31.926 2
      vertex 19.75 32.5 0
      vertex 19.75 32.5 2
    endloop
  endfacet
  facet normal 0.980777 0.19513 0
    outer loop
      vertex 19.75 32.5 0
      vertex 19.8642 31.926 2
      vertex 19.8642 31.926 0
    endloop
  endfacet
  facet normal -0.555449 0.831551 0
    outer loop
      vertex 22.3107 31.4393 0
      vertex 21.824 31.1142 2
      vertex 22.3107 31.4393 2
    endloop
  endfacet
  facet normal -0.555449 0.831551 0
    outer loop
      vertex 21.824 31.1142 2
      vertex 22.3107 31.4393 0
      vertex 21.824 31.1142 0
    endloop
  endfacet
  facet normal 0.19513 -0.980777 0
    outer loop
      vertex 20.676 38.8858 0
      vertex 21.25 39 2
      vertex 20.676 38.8858 2
    endloop
  endfacet
  facet normal 0.19513 -0.980777 0
    outer loop
      vertex 21.25 39 2
      vertex 20.676 38.8858 0
      vertex 21.25 39 0
    endloop
  endfacet
  facet normal 0.555449 0.831551 -0
    outer loop
      vertex 20.676 31.1142 0
      vertex 20.1893 31.4393 2
      vertex 20.676 31.1142 2
    endloop
  endfacet
  facet normal 0.555449 0.831551 0
    outer loop
      vertex 20.1893 31.4393 2
      vertex 20.676 31.1142 0
      vertex 20.1893 31.4393 0
    endloop
  endfacet
  facet normal 0.555449 -0.831551 0
    outer loop
      vertex 20.1893 38.5607 0
      vertex 20.676 38.8858 2
      vertex 20.1893 38.5607 2
    endloop
  endfacet
  facet normal 0.555449 -0.831551 0
    outer loop
      vertex 20.676 38.8858 2
      vertex 20.1893 38.5607 0
      vertex 20.676 38.8858 0
    endloop
  endfacet
  facet normal -0.980795 0.195042 0
    outer loop
      vertex 20 4 2
      vertex 20.0761 4.38268 4
      vertex 20.0761 4.38268 2
    endloop
  endfacet
  facet normal -0.980795 0.195042 0
    outer loop
      vertex 20.0761 4.38268 4
      vertex 20 4 2
      vertex 20 4 4
    endloop
  endfacet
  facet normal -0.831438 -0.555618 0
    outer loop
      vertex 20.2929 0.292892 2
      vertex 20.0761 0.617316 4
      vertex 20.0761 0.617316 2
    endloop
  endfacet
  facet normal -0.831438 -0.555618 0
    outer loop
      vertex 20.0761 0.617316 4
      vertex 20.2929 0.292892 2
      vertex 20.2929 0.292892 4
    endloop
  endfacet
  facet normal 0.980795 -0.19504 0
    outer loop
      vertex 24.9239 0.617316 4
      vertex 25 1 2
      vertex 25 1 4
    endloop
  endfacet
  facet normal 0.980795 -0.19504 0
    outer loop
      vertex 25 1 2
      vertex 24.9239 0.617316 4
      vertex 24.9239 0.617316 2
    endloop
  endfacet
  facet normal 0.831443 0.555611 0
    outer loop
      vertex 24.9239 4.38268 4
      vertex 24.7071 4.70711 2
      vertex 24.7071 4.70711 4
    endloop
  endfacet
  facet normal 0.831443 0.555611 0
    outer loop
      vertex 24.7071 4.70711 2
      vertex 24.9239 4.38268 4
      vertex 24.9239 4.38268 2
    endloop
  endfacet
  facet normal -0.831443 0.555611 0
    outer loop
      vertex 20.0761 4.38268 2
      vertex 20.2929 4.70711 4
      vertex 20.2929 4.70711 2
    endloop
  endfacet
  facet normal -0.831443 0.555611 0
    outer loop
      vertex 20.2929 4.70711 4
      vertex 20.0761 4.38268 2
      vertex 20.0761 4.38268 4
    endloop
  endfacet
  facet normal -0.555593 0.831454 0
    outer loop
      vertex 20.6173 4.92388 2
      vertex 20.2929 4.70711 4
      vertex 20.6173 4.92388 4
    endloop
  endfacet
  facet normal -0.555593 0.831454 0
    outer loop
      vertex 20.2929 4.70711 4
      vertex 20.6173 4.92388 2
      vertex 20.2929 4.70711 2
    endloop
  endfacet
  facet normal -1 0 0
    outer loop
      vertex 20 1 2
      vertex 20 4 4
      vertex 20 4 2
    endloop
  endfacet
  facet normal -1 -0 0
    outer loop
      vertex 20 4 4
      vertex 20 1 2
      vertex 20 1 4
    endloop
  endfacet
  facet normal -0.980795 -0.19504 0
    outer loop
      vertex 20.0761 0.617316 2
      vertex 20 1 4
      vertex 20 1 2
    endloop
  endfacet
  facet normal -0.980795 -0.19504 0
    outer loop
      vertex 20 1 4
      vertex 20.0761 0.617316 2
      vertex 20.0761 0.617316 4
    endloop
  endfacet
  facet normal -0.195082 -0.980787 0
    outer loop
      vertex 20.6173 0.0761204 2
      vertex 21 0 4
      vertex 20.6173 0.0761204 4
    endloop
  endfacet
  facet normal -0.195082 -0.980787 -0
    outer loop
      vertex 21 0 4
      vertex 20.6173 0.0761204 2
      vertex 21 0 2
    endloop
  endfacet
  facet normal 0 0 1
    outer loop
      vertex 24 5 4
      vertex 25 4 4
      vertex 24.9239 4.38268 4
    endloop
  endfacet
  facet normal 0 0 1
    outer loop
      vertex 25 4 4
      vertex 24 5 4
      vertex 25 1 4
    endloop
  endfacet
  facet normal 0 0 1
    outer loop
      vertex 24 5 4
      vertex 24.9239 4.38268 4
      vertex 24.7071 4.70711 4
    endloop
  endfacet
  facet normal 0 0 1
    outer loop
      vertex 24 0 4
      vertex 25 1 4
      vertex 24 5 4
    endloop
  endfacet
  facet normal 0 0 1
    outer loop
      vertex 24 5 4
      vertex 24.7071 4.70711 4
      vertex 24.3827 4.92388 4
    endloop
  endfacet
  facet normal 0 0 1
    outer loop
      vertex 25 1 4
      vertex 24 0 4
      vertex 24.9239 0.617316 4
    endloop
  endfacet
  facet normal 0 0 1
    outer loop
      vertex 24.9239 0.617316 4
      vertex 24 0 4
      vertex 24.7071 0.292892 4
    endloop
  endfacet
  facet normal 0 0 1
    outer loop
      vertex 24.7071 0.292892 4
      vertex 24 0 4
      vertex 24.3827 0.0761204 4
    endloop
  endfacet
  facet normal -0 0 1
    outer loop
      vertex 21 5 4
      vertex 24 0 4
      vertex 24 5 4
    endloop
  endfacet
  facet normal 0 0 1
    outer loop
      vertex 21 5 4
      vertex 21 0 4
      vertex 24 0 4
    endloop
  endfacet
  facet normal 0 0 1
    outer loop
      vertex 20 4 4
      vertex 21 5 4
      vertex 20.6173 4.92388 4
    endloop
  endfacet
  facet normal 0 0 1
    outer loop
      vertex 21 5 4
      vertex 20 4 4
      vertex 21 0 4
    endloop
  endfacet
  facet normal 0 0 1
    outer loop
      vertex 20 4 4
      vertex 20.6173 4.92388 4
      vertex 20.2929 4.70711 4
    endloop
  endfacet
  facet normal -0 0 1
    outer loop
      vertex 20 1 4
      vertex 21 0 4
      vertex 20 4 4
    endloop
  endfacet
  facet normal 0 0 1
    outer loop
      vertex 20 4 4
      vertex 20.2929 4.70711 4
      vertex 20.0761 4.38268 4
    endloop
  endfacet
  facet normal 0 0 1
    outer loop
      vertex 21 0 4
      vertex 20 1 4
      vertex 20.6173 0.0761204 4
    endloop
  endfacet
  facet normal 0 0 1
    outer loop
      vertex 20.6173 0.0761204 4
      vertex 20 1 4
      vertex 20.2929 0.292892 4
    endloop
  endfacet
  facet normal 0 0 1
    outer loop
      vertex 20.2929 0.292892 4
      vertex 20 1 4
      vertex 20.0761 0.617316 4
    endloop
  endfacet
  facet normal 0.980795 0.195042 0
    outer loop
      vertex 25 4 4
      vertex 24.9239 4.38268 2
      vertex 24.9239 4.38268 4
    endloop
  endfacet
  facet normal 0.980795 0.195042 0
    outer loop
      vertex 24.9239 4.38268 2
      vertex 25 4 4
      vertex 25 4 2
    endloop
  endfacet
  facet normal 0 1 -0
    outer loop
      vertex 24 5 2
      vertex 21 5 4
      vertex 24 5 4
    endloop
  endfacet
  facet normal 0 1 0
    outer loop
      vertex 21 5 4
      vertex 24 5 2
      vertex 21 5 2
    endloop
  endfacet
  facet normal -0.195081 0.980787 0
    outer loop
      vertex 21 5 2
      vertex 20.6173 4.92388 4
      vertex 21 5 4
    endloop
  endfacet
  facet normal -0.195081 0.980787 0
    outer loop
      vertex 20.6173 4.92388 4
      vertex 21 5 2
      vertex 20.6173 4.92388 2
    endloop
  endfacet
  facet normal -0.555596 -0.831453 0
    outer loop
      vertex 20.2929 0.292892 2
      vertex 20.6173 0.0761204 4
      vertex 20.2929 0.292892 4
    endloop
  endfacet
  facet normal -0.555596 -0.831453 -0
    outer loop
      vertex 20.6173 0.0761204 4
      vertex 20.2929 0.292892 2
      vertex 20.6173 0.0761204 2
    endloop
  endfacet
  facet normal 0.555596 -0.831453 0
    outer loop
      vertex 24.3827 0.0761204 2
      vertex 24.7071 0.292892 4
      vertex 24.3827 0.0761204 4
    endloop
  endfacet
  facet normal 0.555596 -0.831453 0
    outer loop
      vertex 24.7071 0.292892 4
      vertex 24.3827 0.0761204 2
      vertex 24.7071 0.292892 2
    endloop
  endfacet
  facet normal 0.831438 -0.555618 0
    outer loop
      vertex 24.7071 0.292892 4
      vertex 24.9239 0.617316 2
      vertex 24.9239 0.617316 4
    endloop
  endfacet
  facet normal 0.831438 -0.555618 0
    outer loop
      vertex 24.9239 0.617316 2
      vertex 24.7071 0.292892 4
      vertex 24.7071 0.292892 2
    endloop
  endfacet
  facet normal 0.195082 -0.980787 0
    outer loop
      vertex 24 0 2
      vertex 24.3827 0.0761204 4
      vertex 24 0 4
    endloop
  endfacet
  facet normal 0.195082 -0.980787 0
    outer loop
      vertex 24.3827 0.0761204 4
      vertex 24 0 2
      vertex 24.3827 0.0761204 2
    endloop
  endfacet
  facet normal 0.555593 0.831454 -0
    outer loop
      vertex 24.7071 4.70711 2
      vertex 24.3827 4.92388 4
      vertex 24.7071 4.70711 4
    endloop
  endfacet
  facet normal 0.555593 0.831454 0
    outer loop
      vertex 24.3827 4.92388 4
      vertex 24.7071 4.70711 2
      vertex 24.3827 4.92388 2
    endloop
  endfacet
  facet normal 0.195081 0.980787 -0
    outer loop
      vertex 24.3827 4.92388 2
      vertex 24 5 4
      vertex 24.3827 4.92388 4
    endloop
  endfacet
  facet normal 0.195081 0.980787 0
    outer loop
      vertex 24 5 4
      vertex 24.3827 4.92388 2
      vertex 24 5 2
    endloop
  endfacet
  facet normal -0.831438 -0.555618 0
    outer loop
      vertex 13.2929 0.292892 2
      vertex 13.0761 0.617316 4
      vertex 13.0761 0.617316 2
    endloop
  endfacet
  facet normal -0.831438 -0.555618 0
    outer loop
      vertex 13.0761 0.617316 4
      vertex 13.2929 0.292892 2
      vertex 13.2929 0.292892 4
    endloop
  endfacet
  facet normal 1 -0 0
    outer loop
      vertex 18 1 4
      vertex 18 4 2
      vertex 18 4 4
    endloop
  endfacet
  facet normal 1 0 0
    outer loop
      vertex 18 4 2
      vertex 18 1 4
      vertex 18 1 2
    endloop
  endfacet
  facet normal 0.980795 -0.19504 0
    outer loop
      vertex 17.9239 0.617316 4
      vertex 18 1 2
      vertex 18 1 4
    endloop
  endfacet
  facet normal 0.980795 -0.19504 0
    outer loop
      vertex 18 1 2
      vertex 17.9239 0.617316 4
      vertex 17.9239 0.617316 2
    endloop
  endfacet
  facet normal 0.831443 0.555611 0
    outer loop
      vertex 17.9239 4.38268 4
      vertex 17.7071 4.70711 2
      vertex 17.7071 4.70711 4
    endloop
  endfacet
  facet normal 0.831443 0.555611 0
    outer loop
      vertex 17.7071 4.70711 2
      vertex 17.9239 4.38268 4
      vertex 17.9239 4.38268 2
    endloop
  endfacet
  facet normal -0.831443 0.555611 0
    outer loop
      vertex 13.0761 4.38268 2
      vertex 13.2929 4.70711 4
      vertex 13.2929 4.70711 2
    endloop
  endfacet
  facet normal -0.831443 0.555611 0
    outer loop
      vertex 13.2929 4.70711 4
      vertex 13.0761 4.38268 2
      vertex 13.0761 4.38268 4
    endloop
  endfacet
  facet normal -0.555593 0.831454 0
    outer loop
      vertex 13.6173 4.92388 2
      vertex 13.2929 4.70711 4
      vertex 13.6173 4.92388 4
    endloop
  endfacet
  facet normal -0.555593 0.831454 0
    outer loop
      vertex 13.2929 4.70711 4
      vertex 13.6173 4.92388 2
      vertex 13.2929 4.70711 2
    endloop
  endfacet
  facet normal -0.980795 -0.19504 0
    outer loop
      vertex 13.0761 0.617316 2
      vertex 13 1 4
      vertex 13 1 2
    endloop
  endfacet
  facet normal -0.980795 -0.19504 0
    outer loop
      vertex 13 1 4
      vertex 13.0761 0.617316 2
      vertex 13.0761 0.617316 4
    endloop
  endfacet
  facet normal -0.195082 -0.980787 0
    outer loop
      vertex 13.6173 0.0761204 2
      vertex 14 0 4
      vertex 13.6173 0.0761204 4
    endloop
  endfacet
  facet normal -0.195082 -0.980787 -0
    outer loop
      vertex 14 0 4
      vertex 13.6173 0.0761204 2
      vertex 14 0 2
    endloop
  endfacet
  facet normal 0 0 1
    outer loop
      vertex 17 5 4
      vertex 18 4 4
      vertex 17.9239 4.38268 4
    endloop
  endfacet
  facet normal 0 0 1
    outer loop
      vertex 18 4 4
      vertex 17 5 4
      vertex 18 1 4
    endloop
  endfacet
  facet normal 0 0 1
    outer loop
      vertex 17 5 4
      vertex 17.9239 4.38268 4
      vertex 17.7071 4.70711 4
    endloop
  endfacet
  facet normal 0 0 1
    outer loop
      vertex 17 0 4
      vertex 18 1 4
      vertex 17 5 4
    endloop
  endfacet
  facet normal 0 0 1
    outer loop
      vertex 17 5 4
      vertex 17.7071 4.70711 4
      vertex 17.3827 4.92388 4
    endloop
  endfacet
  facet normal 0 0 1
    outer loop
      vertex 18 1 4
      vertex 17 0 4
      vertex 17.9239 0.617316 4
    endloop
  endfacet
  facet normal 0 0 1
    outer loop
      vertex 17.9239 0.617316 4
      vertex 17 0 4
      vertex 17.7071 0.292892 4
    endloop
  endfacet
  facet normal 0 0 1
    outer loop
      vertex 17.7071 0.292892 4
      vertex 17 0 4
      vertex 17.3827 0.0761204 4
    endloop
  endfacet
  facet normal -0 0 1
    outer loop
      vertex 14 5 4
      vertex 17 0 4
      vertex 17 5 4
    endloop
  endfacet
  facet normal 0 0 1
    outer loop
      vertex 14 5 4
      vertex 14 0 4
      vertex 17 0 4
    endloop
  endfacet
  facet normal 0 0 1
    outer loop
      vertex 13 4 4
      vertex 14 5 4
      vertex 13.6173 4.92388 4
    endloop
  endfacet
  facet normal 0 0 1
    outer loop
      vertex 14 5 4
      vertex 13 4 4
      vertex 14 0 4
    endloop
  endfacet
  facet normal 0 0 1
    outer loop
      vertex 13 4 4
      vertex 13.6173 4.92388 4
      vertex 13.2929 4.70711 4
    endloop
  endfacet
  facet normal -0 0 1
    outer loop
      vertex 13 1 4
      vertex 14 0 4
      vertex 13 4 4
    endloop
  endfacet
  facet normal 0 0 1
    outer loop
      vertex 13 4 4
      vertex 13.2929 4.70711 4
      vertex 13.0761 4.38268 4
    endloop
  endfacet
  facet normal 0 0 1
    outer loop
      vertex 14 0 4
      vertex 13 1 4
      vertex 13.6173 0.0761204 4
    endloop
  endfacet
  facet normal 0 0 1
    outer loop
      vertex 13.6173 0.0761204 4
      vertex 13 1 4
      vertex 13.2929 0.292892 4
    endloop
  endfacet
  facet normal 0 0 1
    outer loop
      vertex 13.2929 0.292892 4
      vertex 13 1 4
      vertex 13.0761 0.617316 4
    endloop
  endfacet
  facet normal 0.980795 0.195042 0
    outer loop
      vertex 18 4 4
      vertex 17.9239 4.38268 2
      vertex 17.9239 4.38268 4
    endloop
  endfacet
  facet normal 0.980795 0.195042 0
    outer loop
      vertex 17.9239 4.38268 2
      vertex 18 4 4
      vertex 18 4 2
    endloop
  endfacet
  facet normal 0 1 -0
    outer loop
      vertex 17 5 2
      vertex 14 5 4
      vertex 17 5 4
    endloop
  endfacet
  facet normal 0 1 0
    outer loop
      vertex 14 5 4
      vertex 17 5 2
      vertex 14 5 2
    endloop
  endfacet
  facet normal -0.195081 0.980787 0
    outer loop
      vertex 14 5 2
      vertex 13.6173 4.92388 4
      vertex 14 5 4
    endloop
  endfacet
  facet normal -0.195081 0.980787 0
    outer loop
      vertex 13.6173 4.92388 4
      vertex 14 5 2
      vertex 13.6173 4.92388 2
    endloop
  endfacet
  facet normal -0.555596 -0.831453 0
    outer loop
      vertex 13.2929 0.292892 2
      vertex 13.6173 0.0761204 4
      vertex 13.2929 0.292892 4
    endloop
  endfacet
  facet normal -0.555596 -0.831453 -0
    outer loop
      vertex 13.6173 0.0761204 4
      vertex 13.2929 0.292892 2
      vertex 13.6173 0.0761204 2
    endloop
  endfacet
  facet normal 0.555596 -0.831453 0
    outer loop
      vertex 17.3827 0.0761204 2
      vertex 17.7071 0.292892 4
      vertex 17.3827 0.0761204 4
    endloop
  endfacet
  facet normal 0.555596 -0.831453 0
    outer loop
      vertex 17.7071 0.292892 4
      vertex 17.3827 0.0761204 2
      vertex 17.7071 0.292892 2
    endloop
  endfacet
  facet normal 0.831438 -0.555618 0
    outer loop
      vertex 17.7071 0.292892 4
      vertex 17.9239 0.617316 2
      vertex 17.9239 0.617316 4
    endloop
  endfacet
  facet normal 0.831438 -0.555618 0
    outer loop
      vertex 17.9239 0.617316 2
      vertex 17.7071 0.292892 4
      vertex 17.7071 0.292892 2
    endloop
  endfacet
  facet normal 0.195082 -0.980787 0
    outer loop
      vertex 17 0 2
      vertex 17.3827 0.0761204 4
      vertex 17 0 4
    endloop
  endfacet
  facet normal 0.195082 -0.980787 0
    outer loop
      vertex 17.3827 0.0761204 4
      vertex 17 0 2
      vertex 17.3827 0.0761204 2
    endloop
  endfacet
  facet normal 0.555593 0.831454 -0
    outer loop
      vertex 17.7071 4.70711 2
      vertex 17.3827 4.92388 4
      vertex 17.7071 4.70711 4
    endloop
  endfacet
  facet normal 0.555593 0.831454 0
    outer loop
      vertex 17.3827 4.92388 4
      vertex 17.7071 4.70711 2
      vertex 17.3827 4.92388 2
    endloop
  endfacet
  facet normal -0.980795 0.195042 0
    outer loop
      vertex 13 4 2
      vertex 13.0761 4.38268 4
      vertex 13.0761 4.38268 2
    endloop
  endfacet
  facet normal -0.980795 0.195042 0
    outer loop
      vertex 13.0761 4.38268 4
      vertex 13 4 2
      vertex 13 4 4
    endloop
  endfacet
  facet normal 0.195081 0.980787 -0
    outer loop
      vertex 17.3827 4.92388 2
      vertex 17 5 4
      vertex 17.3827 4.92388 4
    endloop
  endfacet
  facet normal 0.195081 0.980787 0
    outer loop
      vertex 17 5 4
      vertex 17.3827 4.92388 2
      vertex 17 5 2
    endloop
  endfacet
  facet normal -0.980797 0.195032 0
    outer loop
      vertex 20 49 2
      vertex 20.0761 49.3827 4
      vertex 20.0761 49.3827 2
    endloop
  endfacet
  facet normal -0.980797 0.195032 0
    outer loop
      vertex 20.0761 49.3827 4
      vertex 20 49 2
      vertex 20 49 4
    endloop
  endfacet
  facet normal -0.831419 -0.555646 0
    outer loop
      vertex 20.2929 45.2929 2
      vertex 20.0761 45.6173 4
      vertex 20.0761 45.6173 2
    endloop
  endfacet
  facet normal -0.831419 -0.555646 0
    outer loop
      vertex 20.0761 45.6173 4
      vertex 20.2929 45.2929 2
      vertex 20.2929 45.2929 4
    endloop
  endfacet
  facet normal 0.980797 -0.195032 0
    outer loop
      vertex 24.9239 45.6173 4
      vertex 25 46 2
      vertex 25 46 4
    endloop
  endfacet
  facet normal 0.980797 -0.195032 0
    outer loop
      vertex 25 46 2
      vertex 24.9239 45.6173 4
      vertex 24.9239 45.6173 2
    endloop
  endfacet
  facet normal 0.980797 0.195032 0
    outer loop
      vertex 25 49 4
      vertex 24.9239 49.3827 2
      vertex 24.9239 49.3827 4
    endloop
  endfacet
  facet normal 0.980797 0.195032 0
    outer loop
      vertex 24.9239 49.3827 2
      vertex 25 49 4
      vertex 25 49 2
    endloop
  endfacet
  facet normal 0.831419 0.555646 0
    outer loop
      vertex 24.9239 49.3827 4
      vertex 24.7071 49.7071 2
      vertex 24.7071 49.7071 4
    endloop
  endfacet
  facet normal 0.831419 0.555646 0
    outer loop
      vertex 24.7071 49.7071 2
      vertex 24.9239 49.3827 4
      vertex 24.9239 49.3827 2
    endloop
  endfacet
  facet normal -0.831419 0.555646 0
    outer loop
      vertex 20.0761 49.3827 2
      vertex 20.2929 49.7071 4
      vertex 20.2929 49.7071 2
    endloop
  endfacet
  facet normal -0.831419 0.555646 0
    outer loop
      vertex 20.2929 49.7071 4
      vertex 20.0761 49.3827 2
      vertex 20.0761 49.3827 4
    endloop
  endfacet
  facet normal -0.555646 0.831419 0
    outer loop
      vertex 20.6173 49.9239 2
      vertex 20.2929 49.7071 4
      vertex 20.6173 49.9239 4
    endloop
  endfacet
  facet normal -0.555646 0.831419 0
    outer loop
      vertex 20.2929 49.7071 4
      vertex 20.6173 49.9239 2
      vertex 20.2929 49.7071 2
    endloop
  endfacet
  facet normal -1 0 0
    outer loop
      vertex 20 46 2
      vertex 20 49 4
      vertex 20 49 2
    endloop
  endfacet
  facet normal -1 -0 0
    outer loop
      vertex 20 49 4
      vertex 20 46 2
      vertex 20 46 4
    endloop
  endfacet
  facet normal -0.980797 -0.195032 0
    outer loop
      vertex 20.0761 45.6173 2
      vertex 20 46 4
      vertex 20 46 2
    endloop
  endfacet
  facet normal -0.980797 -0.195032 0
    outer loop
      vertex 20 46 4
      vertex 20.0761 45.6173 2
      vertex 20.0761 45.6173 4
    endloop
  endfacet
  facet normal 0 -1 0
    outer loop
      vertex 21 45 2
      vertex 24 45 4
      vertex 21 45 4
    endloop
  endfacet
  facet normal 0 -1 -0
    outer loop
      vertex 24 45 4
      vertex 21 45 2
      vertex 24 45 2
    endloop
  endfacet
  facet normal -0.195032 -0.980797 0
    outer loop
      vertex 20.6173 45.0761 2
      vertex 21 45 4
      vertex 20.6173 45.0761 4
    endloop
  endfacet
  facet normal -0.195032 -0.980797 -0
    outer loop
      vertex 21 45 4
      vertex 20.6173 45.0761 2
      vertex 21 45 2
    endloop
  endfacet
  facet normal 0 0 1
    outer loop
      vertex 24 50 4
      vertex 25 49 4
      vertex 24.9239 49.3827 4
    endloop
  endfacet
  facet normal 0 0 1
    outer loop
      vertex 25 49 4
      vertex 24 50 4
      vertex 25 46 4
    endloop
  endfacet
  facet normal 0 0 1
    outer loop
      vertex 24 50 4
      vertex 24.9239 49.3827 4
      vertex 24.7071 49.7071 4
    endloop
  endfacet
  facet normal 0 0 1
    outer loop
      vertex 24 45 4
      vertex 25 46 4
      vertex 24 50 4
    endloop
  endfacet
  facet normal 0 0 1
    outer loop
      vertex 24 50 4
      vertex 24.7071 49.7071 4
      vertex 24.3827 49.9239 4
    endloop
  endfacet
  facet normal 0 0 1
    outer loop
      vertex 25 46 4
      vertex 24 45 4
      vertex 24.9239 45.6173 4
    endloop
  endfacet
  facet normal 0 0 1
    outer loop
      vertex 24.9239 45.6173 4
      vertex 24 45 4
      vertex 24.7071 45.2929 4
    endloop
  endfacet
  facet normal 0 0 1
    outer loop
      vertex 24.7071 45.2929 4
      vertex 24 45 4
      vertex 24.3827 45.0761 4
    endloop
  endfacet
  facet normal -0 0 1
    outer loop
      vertex 21 50 4
      vertex 24 45 4
      vertex 24 50 4
    endloop
  endfacet
  facet normal 0 0 1
    outer loop
      vertex 21 50 4
      vertex 21 45 4
      vertex 24 45 4
    endloop
  endfacet
  facet normal 0 0 1
    outer loop
      vertex 20 49 4
      vertex 21 50 4
      vertex 20.6173 49.9239 4
    endloop
  endfacet
  facet normal 0 0 1
    outer loop
      vertex 21 50 4
      vertex 20 49 4
      vertex 21 45 4
    endloop
  endfacet
  facet normal 0 0 1
    outer loop
      vertex 20 49 4
      vertex 20.6173 49.9239 4
      vertex 20.2929 49.7071 4
    endloop
  endfacet
  facet normal -0 0 1
    outer loop
      vertex 20 46 4
      vertex 21 45 4
      vertex 20 49 4
    endloop
  endfacet
  facet normal 0 0 1
    outer loop
      vertex 20 49 4
      vertex 20.2929 49.7071 4
      vertex 20.0761 49.3827 4
    endloop
  endfacet
  facet normal 0 0 1
    outer loop
      vertex 21 45 4
      vertex 20 46 4
      vertex 20.6173 45.0761 4
    endloop
  endfacet
  facet normal 0 0 1
    outer loop
      vertex 20.6173 45.0761 4
      vertex 20 46 4
      vertex 20.2929 45.2929 4
    endloop
  endfacet
  facet normal 0 0 1
    outer loop
      vertex 20.2929 45.2929 4
      vertex 20 46 4
      vertex 20.0761 45.6173 4
    endloop
  endfacet
  facet normal 0 1 -0
    outer loop
      vertex 24 50 2
      vertex 21 50 4
      vertex 24 50 4
    endloop
  endfacet
  facet normal 0 1 0
    outer loop
      vertex 21 50 4
      vertex 24 50 2
      vertex 21 50 2
    endloop
  endfacet
  facet normal -0.195032 0.980797 0
    outer loop
      vertex 21 50 2
      vertex 20.6173 49.9239 4
      vertex 21 50 4
    endloop
  endfacet
  facet normal -0.195032 0.980797 0
    outer loop
      vertex 20.6173 49.9239 4
      vertex 21 50 2
      vertex 20.6173 49.9239 2
    endloop
  endfacet
  facet normal -0.555646 -0.831419 0
    outer loop
      vertex 20.2929 45.2929 2
      vertex 20.6173 45.0761 4
      vertex 20.2929 45.2929 4
    endloop
  endfacet
  facet normal -0.555646 -0.831419 -0
    outer loop
      vertex 20.6173 45.0761 4
      vertex 20.2929 45.2929 2
      vertex 20.6173 45.0761 2
    endloop
  endfacet
  facet normal 0.555646 -0.831419 0
    outer loop
      vertex 24.3827 45.0761 2
      vertex 24.7071 45.2929 4
      vertex 24.3827 45.0761 4
    endloop
  endfacet
  facet normal 0.555646 -0.831419 0
    outer loop
      vertex 24.7071 45.2929 4
      vertex 24.3827 45.0761 2
      vertex 24.7071 45.2929 2
    endloop
  endfacet
  facet normal 0.831419 -0.555646 0
    outer loop
      vertex 24.7071 45.2929 4
      vertex 24.9239 45.6173 2
      vertex 24.9239 45.6173 4
    endloop
  endfacet
  facet normal 0.831419 -0.555646 0
    outer loop
      vertex 24.9239 45.6173 2
      vertex 24.7071 45.2929 4
      vertex 24.7071 45.2929 2
    endloop
  endfacet
  facet normal 0.195032 -0.980797 0
    outer loop
      vertex 24 45 2
      vertex 24.3827 45.0761 4
      vertex 24 45 4
    endloop
  endfacet
  facet normal 0.195032 -0.980797 0
    outer loop
      vertex 24.3827 45.0761 4
      vertex 24 45 2
      vertex 24.3827 45.0761 2
    endloop
  endfacet
  facet normal 0.555646 0.831419 -0
    outer loop
      vertex 24.7071 49.7071 2
      vertex 24.3827 49.9239 4
      vertex 24.7071 49.7071 4
    endloop
  endfacet
  facet normal 0.555646 0.831419 0
    outer loop
      vertex 24.3827 49.9239 4
      vertex 24.7071 49.7071 2
      vertex 24.3827 49.9239 2
    endloop
  endfacet
  facet normal 0.195032 0.980797 -0
    outer loop
      vertex 24.3827 49.9239 2
      vertex 24 50 4
      vertex 24.3827 49.9239 4
    endloop
  endfacet
  facet normal 0.195032 0.980797 0
    outer loop
      vertex 24 50 4
      vertex 24.3827 49.9239 2
      vertex 24 50 2
    endloop
  endfacet
  facet normal -0.831419 -0.555646 0
    outer loop
      vertex 13.2929 45.2929 2
      vertex 13.0761 45.6173 4
      vertex 13.0761 45.6173 2
    endloop
  endfacet
  facet normal -0.831419 -0.555646 0
    outer loop
      vertex 13.0761 45.6173 4
      vertex 13.2929 45.2929 2
      vertex 13.2929 45.2929 4
    endloop
  endfacet
  facet normal 1 -0 0
    outer loop
      vertex 18 46 4
      vertex 18 49 2
      vertex 18 49 4
    endloop
  endfacet
  facet normal 1 0 0
    outer loop
      vertex 18 49 2
      vertex 18 46 4
      vertex 18 46 2
    endloop
  endfacet
  facet normal 0.980797 -0.195032 0
    outer loop
      vertex 17.9239 45.6173 4
      vertex 18 46 2
      vertex 18 46 4
    endloop
  endfacet
  facet normal 0.980797 -0.195032 0
    outer loop
      vertex 18 46 2
      vertex 17.9239 45.6173 4
      vertex 17.9239 45.6173 2
    endloop
  endfacet
  facet normal 0.980797 0.195032 0
    outer loop
      vertex 18 49 4
      vertex 17.9239 49.3827 2
      vertex 17.9239 49.3827 4
    endloop
  endfacet
  facet normal 0.980797 0.195032 0
    outer loop
      vertex 17.9239 49.3827 2
      vertex 18 49 4
      vertex 18 49 2
    endloop
  endfacet
  facet normal 0.831419 0.555646 0
    outer loop
      vertex 17.9239 49.3827 4
      vertex 17.7071 49.7071 2
      vertex 17.7071 49.7071 4
    endloop
  endfacet
  facet normal 0.831419 0.555646 0
    outer loop
      vertex 17.7071 49.7071 2
      vertex 17.9239 49.3827 4
      vertex 17.9239 49.3827 2
    endloop
  endfacet
  facet normal -0.831419 0.555646 0
    outer loop
      vertex 13.0761 49.3827 2
      vertex 13.2929 49.7071 4
      vertex 13.2929 49.7071 2
    endloop
  endfacet
  facet normal -0.831419 0.555646 0
    outer loop
      vertex 13.2929 49.7071 4
      vertex 13.0761 49.3827 2
      vertex 13.0761 49.3827 4
    endloop
  endfacet
  facet normal -0.555646 0.831419 0
    outer loop
      vertex 13.6173 49.9239 2
      vertex 13.2929 49.7071 4
      vertex 13.6173 49.9239 4
    endloop
  endfacet
  facet normal -0.555646 0.831419 0
    outer loop
      vertex 13.2929 49.7071 4
      vertex 13.6173 49.9239 2
      vertex 13.2929 49.7071 2
    endloop
  endfacet
  facet normal -0.980797 -0.195032 0
    outer loop
      vertex 13.0761 45.6173 2
      vertex 13 46 4
      vertex 13 46 2
    endloop
  endfacet
  facet normal -0.980797 -0.195032 0
    outer loop
      vertex 13 46 4
      vertex 13.0761 45.6173 2
      vertex 13.0761 45.6173 4
    endloop
  endfacet
  facet normal 0 -1 0
    outer loop
      vertex 14 45 2
      vertex 17 45 4
      vertex 14 45 4
    endloop
  endfacet
  facet normal 0 -1 -0
    outer loop
      vertex 17 45 4
      vertex 14 45 2
      vertex 17 45 2
    endloop
  endfacet
  facet normal -0.195032 -0.980797 0
    outer loop
      vertex 13.6173 45.0761 2
      vertex 14 45 4
      vertex 13.6173 45.0761 4
    endloop
  endfacet
  facet normal -0.195032 -0.980797 -0
    outer loop
      vertex 14 45 4
      vertex 13.6173 45.0761 2
      vertex 14 45 2
    endloop
  endfacet
  facet normal 0.831419 -0.555646 0
    outer loop
      vertex 17.7071 45.2929 4
      vertex 17.9239 45.6173 2
      vertex 17.9239 45.6173 4
    endloop
  endfacet
  facet normal 0.831419 -0.555646 0
    outer loop
      vertex 17.9239 45.6173 2
      vertex 17.7071 45.2929 4
      vertex 17.7071 45.2929 2
    endloop
  endfacet
  facet normal 0 0 1
    outer loop
      vertex 17 50 4
      vertex 18 49 4
      vertex 17.9239 49.3827 4
    endloop
  endfacet
  facet normal 0 0 1
    outer loop
      vertex 18 49 4
      vertex 17 50 4
      vertex 18 46 4
    endloop
  endfacet
  facet normal 0 0 1
    outer loop
      vertex 17 50 4
      vertex 17.9239 49.3827 4
      vertex 17.7071 49.7071 4
    endloop
  endfacet
  facet normal 0 0 1
    outer loop
      vertex 17 45 4
      vertex 18 46 4
      vertex 17 50 4
    endloop
  endfacet
  facet normal 0 0 1
    outer loop
      vertex 17 50 4
      vertex 17.7071 49.7071 4
      vertex 17.3827 49.9239 4
    endloop
  endfacet
  facet normal 0 0 1
    outer loop
      vertex 18 46 4
      vertex 17 45 4
      vertex 17.9239 45.6173 4
    endloop
  endfacet
  facet normal 0 0 1
    outer loop
      vertex 17.9239 45.6173 4
      vertex 17 45 4
      vertex 17.7071 45.2929 4
    endloop
  endfacet
  facet normal 0 0 1
    outer loop
      vertex 17.7071 45.2929 4
      vertex 17 45 4
      vertex 17.3827 45.0761 4
    endloop
  endfacet
  facet normal -0 0 1
    outer loop
      vertex 14 50 4
      vertex 17 45 4
      vertex 17 50 4
    endloop
  endfacet
  facet normal 0 0 1
    outer loop
      vertex 14 50 4
      vertex 14 45 4
      vertex 17 45 4
    endloop
  endfacet
  facet normal 0 0 1
    outer loop
      vertex 13 49 4
      vertex 14 50 4
      vertex 13.6173 49.9239 4
    endloop
  endfacet
  facet normal 0 0 1
    outer loop
      vertex 14 50 4
      vertex 13 49 4
      vertex 14 45 4
    endloop
  endfacet
  facet normal 0 0 1
    outer loop
      vertex 13 49 4
      vertex 13.6173 49.9239 4
      vertex 13.2929 49.7071 4
    endloop
  endfacet
  facet normal -0 0 1
    outer loop
      vertex 13 46 4
      vertex 14 45 4
      vertex 13 49 4
    endloop
  endfacet
  facet normal 0 0 1
    outer loop
      vertex 13 49 4
      vertex 13.2929 49.7071 4
      vertex 13.0761 49.3827 4
    endloop
  endfacet
  facet normal 0 0 1
    outer loop
      vertex 14 45 4
      vertex 13 46 4
      vertex 13.6173 45.0761 4
    endloop
  endfacet
  facet normal 0 0 1
    outer loop
      vertex 13.6173 45.0761 4
      vertex 13 46 4
      vertex 13.2929 45.2929 4
    endloop
  endfacet
  facet normal 0 0 1
    outer loop
      vertex 13.2929 45.2929 4
      vertex 13 46 4
      vertex 13.0761 45.6173 4
    endloop
  endfacet
  facet normal 0 1 -0
    outer loop
      vertex 17 50 2
      vertex 14 50 4
      vertex 17 50 4
    endloop
  endfacet
  facet normal 0 1 0
    outer loop
      vertex 14 50 4
      vertex 17 50 2
      vertex 14 50 2
    endloop
  endfacet
  facet normal -0.195032 0.980797 0
    outer loop
      vertex 14 50 2
      vertex 13.6173 49.9239 4
      vertex 14 50 4
    endloop
  endfacet
  facet normal -0.195032 0.980797 0
    outer loop
      vertex 13.6173 49.9239 4
      vertex 14 50 2
      vertex 13.6173 49.9239 2
    endloop
  endfacet
  facet normal -0.555646 -0.831419 0
    outer loop
      vertex 13.2929 45.2929 2
      vertex 13.6173 45.0761 4
      vertex 13.2929 45.2929 4
    endloop
  endfacet
  facet normal -0.555646 -0.831419 -0
    outer loop
      vertex 13.6173 45.0761 4
      vertex 13.2929 45.2929 2
      vertex 13.6173 45.0761 2
    endloop
  endfacet
  facet normal 0.555646 -0.831419 0
    outer loop
      vertex 17.3827 45.0761 2
      vertex 17.7071 45.2929 4
      vertex 17.3827 45.0761 4
    endloop
  endfacet
  facet normal 0.555646 -0.831419 0
    outer loop
      vertex 17.7071 45.2929 4
      vertex 17.3827 45.0761 2
      vertex 17.7071 45.2929 2
    endloop
  endfacet
  facet normal 0.195032 -0.980797 0
    outer loop
      vertex 17 45 2
      vertex 17.3827 45.0761 4
      vertex 17 45 4
    endloop
  endfacet
  facet normal 0.195032 -0.980797 0
    outer loop
      vertex 17.3827 45.0761 4
      vertex 17 45 2
      vertex 17.3827 45.0761 2
    endloop
  endfacet
  facet normal 0.555646 0.831419 -0
    outer loop
      vertex 17.7071 49.7071 2
      vertex 17.3827 49.9239 4
      vertex 17.7071 49.7071 4
    endloop
  endfacet
  facet normal 0.555646 0.831419 0
    outer loop
      vertex 17.3827 49.9239 4
      vertex 17.7071 49.7071 2
      vertex 17.3827 49.9239 2
    endloop
  endfacet
  facet normal -0.980797 0.195032 0
    outer loop
      vertex 13 49 2
      vertex 13.0761 49.3827 4
      vertex 13.0761 49.3827 2
    endloop
  endfacet
  facet normal -0.980797 0.195032 0
    outer loop
      vertex 13.0761 49.3827 4
      vertex 13 49 2
      vertex 13 49 4
    endloop
  endfacet
  facet normal 0.195032 0.980797 -0
    outer loop
      vertex 17.3827 49.9239 2
      vertex 17 50 4
      vertex 17.3827 49.9239 4
    endloop
  endfacet
  facet normal 0.195032 0.980797 0
    outer loop
      vertex 17 50 4
      vertex 17.3827 49.9239 2
      vertex 17 50 2
    endloop
  endfacet
endsolid OpenSCAD_Model
