solid OpenSCAD_Model
  facet normal -1 0 0
    outer loop
      vertex 0 35 0
      vertex 0 29 2
      vertex 0 35 2
    endloop
  endfacet
  facet normal -1 0 0
    outer loop
      vertex 0 29 2
      vertex 0 26 2
      vertex 0 29 8
    endloop
  endfacet
  facet normal -1 0 0
    outer loop
      vertex 0 35 0
      vertex 0 26 2
      vertex 0 29 2
    endloop
  endfacet
  facet normal -1 0 0
    outer loop
      vertex 0 35 0
      vertex 0 24 2
      vertex 0 26 2
    endloop
  endfacet
  facet normal -1 0 0
    outer loop
      vertex 0 24 2
      vertex 0 21 2
      vertex 0 24 4
    endloop
  endfacet
  facet normal -1 0 0
    outer loop
      vertex 0 35 0
      vertex 0 21 2
      vertex 0 24 2
    endloop
  endfacet
  facet normal -1 0 0
    outer loop
      vertex 0 35 0
      vertex 0 14 2
      vertex 0 21 2
    endloop
  endfacet
  facet normal -1 0 0
    outer loop
      vertex 0 14 2
      vertex 0 11 2
      vertex 0 14 4
    endloop
  endfacet
  facet normal -1 0 0
    outer loop
      vertex 0 0 0
      vertex 0 14 2
      vertex 0 35 0
    endloop
  endfacet
  facet normal -1 -0 0
    outer loop
      vertex 0 14 2
      vertex 0 0 0
      vertex 0 11 2
    endloop
  endfacet
  facet normal -1 0 0
    outer loop
      vertex 0 9 2
      vertex 0 6 2
      vertex 0 9 8
    endloop
  endfacet
  facet normal -1 -0 0
    outer loop
      vertex 0 11 2
      vertex 0 0 0
      vertex 0 9 2
    endloop
  endfacet
  facet normal -1 -0 0
    outer loop
      vertex 0 9 2
      vertex 0 0 0
      vertex 0 6 2
    endloop
  endfacet
  facet normal -1 -0 0
    outer loop
      vertex 0 6 2
      vertex 0 0 0
      vertex 0 0 2
    endloop
  endfacet
  facet normal -1 -0 0
    outer loop
      vertex 0 29 8
      vertex 0 26 2
      vertex 0 26 8
    endloop
  endfacet
  facet normal -1 -0 0
    outer loop
      vertex 0 24 4
      vertex 0 21 2
      vertex 0 21 4
    endloop
  endfacet
  facet normal -1 -0 0
    outer loop
      vertex 0 14 4
      vertex 0 11 2
      vertex 0 11 4
    endloop
  endfacet
  facet normal -1 -0 0
    outer loop
      vertex 0 9 8
      vertex 0 6 2
      vertex 0 6 8
    endloop
  endfacet
  facet normal 0 0 1
    outer loop
      vertex 4.70711 5.29289 2
      vertex 3.88582 3.07402 2
      vertex 4 2.5 2
    endloop
  endfacet
  facet normal 0 0 1
    outer loop
      vertex 4.38268 5.07612 2
      vertex 3.56066 3.56066 2
      vertex 3.88582 3.07402 2
    endloop
  endfacet
  facet normal 0 0 1
    outer loop
      vertex 4 5 2
      vertex 3.07402 3.88582 2
      vertex 3.56066 3.56066 2
    endloop
  endfacet
  facet normal 0 0 1
    outer loop
      vertex 4 5 2
      vertex 2.5 4 2
      vertex 3.07402 3.88582 2
    endloop
  endfacet
  facet normal -0 0 1
    outer loop
      vertex 0.999999 5 2
      vertex 2.5 4 2
      vertex 4 5 2
    endloop
  endfacet
  facet normal 0 0 1
    outer loop
      vertex 1.43934 3.56066 2
      vertex 0.617316 5.07612 2
      vertex 1.11418 3.07402 2
    endloop
  endfacet
  facet normal 0 0 1
    outer loop
      vertex 0.617316 5.07612 2
      vertex 1.43934 3.56066 2
      vertex 0.999999 5 2
    endloop
  endfacet
  facet normal 0 0 1
    outer loop
      vertex 1.92597 3.88582 2
      vertex 0.999999 5 2
      vertex 1.43934 3.56066 2
    endloop
  endfacet
  facet normal 0 0 1
    outer loop
      vertex 2.5 4 2
      vertex 0.999999 5 2
      vertex 1.92597 3.88582 2
    endloop
  endfacet
  facet normal -0 0 1
    outer loop
      vertex 4.92388 9.38268 2
      vertex 7.79541 8.45459 2
      vertex 4.92388 10.6173 2
    endloop
  endfacet
  facet normal 0 0 1
    outer loop
      vertex 7.79541 8.45459 2
      vertex 4.92388 9.38268 2
      vertex 5 9 2
    endloop
  endfacet
  facet normal -0 0 1
    outer loop
      vertex 4.70711 10.2929 2
      vertex 4.92388 9.38268 2
      vertex 4.92388 10.6173 2
    endloop
  endfacet
  facet normal 0 0 1
    outer loop
      vertex 4.70711 10.2929 2
      vertex 4.70711 9.70711 2
      vertex 4.92388 9.38268 2
    endloop
  endfacet
  facet normal -0 0 1
    outer loop
      vertex 4.38268 10.0761 2
      vertex 4.70711 9.70711 2
      vertex 4.70711 10.2929 2
    endloop
  endfacet
  facet normal 0 0 1
    outer loop
      vertex 4.38268 10.0761 2
      vertex 4.38268 9.92388 2
      vertex 4.70711 9.70711 2
    endloop
  endfacet
  facet normal 0 -0 1
    outer loop
      vertex 4.38268 9.92388 2
      vertex 4.38268 10.0761 2
      vertex 4 10 2
    endloop
  endfacet
  facet normal 0 0 1
    outer loop
      vertex 12.5 21.5 2
      vertex 4.70711 20.2929 2
      vertex 12.5 13.5 2
    endloop
  endfacet
  facet normal 0 0 1
    outer loop
      vertex 12.5 13.5 2
      vertex 4.92388 14.3827 2
      vertex 5 14 2
    endloop
  endfacet
  facet normal -0 0 1
    outer loop
      vertex 4.70711 14.7071 2
      vertex 12.5 13.5 2
      vertex 4.70711 20.2929 2
    endloop
  endfacet
  facet normal 0 0 1
    outer loop
      vertex 12.5 13.5 2
      vertex 4.70711 14.7071 2
      vertex 4.92388 14.3827 2
    endloop
  endfacet
  facet normal -0 0 1
    outer loop
      vertex 4.38268 20.0761 2
      vertex 4.70711 14.7071 2
      vertex 4.70711 20.2929 2
    endloop
  endfacet
  facet normal 0 0 1
    outer loop
      vertex 4.38268 20.0761 2
      vertex 4.38268 14.9239 2
      vertex 4.70711 14.7071 2
    endloop
  endfacet
  facet normal -0 0 1
    outer loop
      vertex 4 20 2
      vertex 4.38268 14.9239 2
      vertex 4.38268 20.0761 2
    endloop
  endfacet
  facet normal 0 0 1
    outer loop
      vertex 4 20 2
      vertex 4 15 2
      vertex 4.38268 14.9239 2
    endloop
  endfacet
  facet normal 0 0 1
    outer loop
      vertex 4 20 2
      vertex 1 15 2
      vertex 4 15 2
    endloop
  endfacet
  facet normal -0 0 1
    outer loop
      vertex 0.999999 20 2
      vertex 1 15 2
      vertex 4 20 2
    endloop
  endfacet
  facet normal 0 0 1
    outer loop
      vertex 0.617316 20.0761 2
      vertex 1 15 2
      vertex 0.999999 20 2
    endloop
  endfacet
  facet normal 0 0 1
    outer loop
      vertex 0.617316 20.0761 2
      vertex 0.617316 14.9239 2
      vertex 1 15 2
    endloop
  endfacet
  facet normal 0 0 1
    outer loop
      vertex 0.292892 20.2929 2
      vertex 0.617316 14.9239 2
      vertex 0.617316 20.0761 2
    endloop
  endfacet
  facet normal 0 0 1
    outer loop
      vertex 0.292892 20.2929 2
      vertex 0.292892 14.7071 2
      vertex 0.617316 14.9239 2
    endloop
  endfacet
  facet normal 0 0 1
    outer loop
      vertex 0.0761204 20.6173 2
      vertex 0.292892 14.7071 2
      vertex 0.292892 20.2929 2
    endloop
  endfacet
  facet normal 0 0 1
    outer loop
      vertex 0.0761204 20.6173 2
      vertex 0.0761204 14.3827 2
      vertex 0.292892 14.7071 2
    endloop
  endfacet
  facet normal 0 0 1
    outer loop
      vertex 0 21 2
      vertex 0.0761204 14.3827 2
      vertex 0.0761204 20.6173 2
    endloop
  endfacet
  facet normal 0 0 1
    outer loop
      vertex 0.0761204 14.3827 2
      vertex 0 21 2
      vertex 0 14 2
    endloop
  endfacet
  facet normal 0 0 1
    outer loop
      vertex 4.92388 24.3827 2
      vertex 7.79541 26.5454 2
      vertex 4.92388 25.6173 2
    endloop
  endfacet
  facet normal 0 0 1
    outer loop
      vertex 7.79541 26.5454 2
      vertex 4.92388 24.3827 2
      vertex 5 24 2
    endloop
  endfacet
  facet normal -0 0 1
    outer loop
      vertex 4.70711 25.2929 2
      vertex 4.92388 24.3827 2
      vertex 4.92388 25.6173 2
    endloop
  endfacet
  facet normal 0 0 1
    outer loop
      vertex 4.70711 25.2929 2
      vertex 4.70711 24.7071 2
      vertex 4.92388 24.3827 2
    endloop
  endfacet
  facet normal -0 0 1
    outer loop
      vertex 4.38268 25.0761 2
      vertex 4.70711 24.7071 2
      vertex 4.70711 25.2929 2
    endloop
  endfacet
  facet normal 0 0 1
    outer loop
      vertex 4.38268 25.0761 2
      vertex 4.38268 24.9239 2
      vertex 4.70711 24.7071 2
    endloop
  endfacet
  facet normal 0 -0 1
    outer loop
      vertex 4.38268 24.9239 2
      vertex 4.38268 25.0761 2
      vertex 4 25 2
    endloop
  endfacet
  facet normal -0 0 1
    outer loop
      vertex 8.75 26.15 2
      vertex 12.5761 21.8827 2
      vertex 9.26662 26.2528 2
    endloop
  endfacet
  facet normal 0 0 1
    outer loop
      vertex 12.5 13.5 2
      vertex 9.99724 8.01662 2
      vertex 10.1 7.5 2
    endloop
  endfacet
  facet normal 0 0 1
    outer loop
      vertex 12.5761 21.8827 2
      vertex 8.75 26.15 2
      vertex 12.5 21.5 2
    endloop
  endfacet
  facet normal 0 0 1
    outer loop
      vertex 12.5 13.5 2
      vertex 9.70459 8.45459 2
      vertex 9.99724 8.01662 2
    endloop
  endfacet
  facet normal 0 0 1
    outer loop
      vertex 4.92388 20.6173 2
      vertex 12.5 21.5 2
      vertex 5 21 2
    endloop
  endfacet
  facet normal 0 0 1
    outer loop
      vertex 12.5 13.5 2
      vertex 9.26662 8.74724 2
      vertex 9.70459 8.45459 2
    endloop
  endfacet
  facet normal 0 0 1
    outer loop
      vertex 12.5 21.5 2
      vertex 8.75 26.15 2
      vertex 5 21 2
    endloop
  endfacet
  facet normal 0 0 1
    outer loop
      vertex 4.70711 20.2929 2
      vertex 12.5 21.5 2
      vertex 4.92388 20.6173 2
    endloop
  endfacet
  facet normal 0 0 1
    outer loop
      vertex 5 24 2
      vertex 8.75 26.15 2
      vertex 8.23338 26.2528 2
    endloop
  endfacet
  facet normal 0 -0 1
    outer loop
      vertex 8.75 8.85 2
      vertex 12.5 13.5 2
      vertex 5 14 2
    endloop
  endfacet
  facet normal 0 0 1
    outer loop
      vertex 5 24 2
      vertex 8.23338 26.2528 2
      vertex 7.79541 26.5454 2
    endloop
  endfacet
  facet normal 0 0 1
    outer loop
      vertex 12.5 13.5 2
      vertex 8.75 8.85 2
      vertex 9.26662 8.74724 2
    endloop
  endfacet
  facet normal 0 0 1
    outer loop
      vertex 5 26 2
      vertex 7.79541 26.5454 2
      vertex 7.50276 26.9834 2
    endloop
  endfacet
  facet normal -0 0 1
    outer loop
      vertex 5 11 2
      vertex 8.75 8.85 2
      vertex 5 14 2
    endloop
  endfacet
  facet normal 0 0 1
    outer loop
      vertex 5 26 2
      vertex 7.50276 26.9834 2
      vertex 7.4 27.5 2
    endloop
  endfacet
  facet normal 0 0 1
    outer loop
      vertex 8.75 8.85 2
      vertex 5 11 2
      vertex 8.23338 8.74724 2
    endloop
  endfacet
  facet normal -0 0 1
    outer loop
      vertex 22.5 21.5 2
      vertex 30 21 2
      vertex 26.25 26.15 2
    endloop
  endfacet
  facet normal 0 0 1
    outer loop
      vertex 30 14 2
      vertex 27.4972 8.01662 2
      vertex 27.6 7.5 2
    endloop
  endfacet
  facet normal 0 0 1
    outer loop
      vertex 30.0761 20.6173 2
      vertex 22.5 21.5 2
      vertex 30.0761 14.3827 2
    endloop
  endfacet
  facet normal 0 0 1
    outer loop
      vertex 30 14 2
      vertex 27.2046 8.45459 2
      vertex 27.4972 8.01662 2
    endloop
  endfacet
  facet normal 0 0 1
    outer loop
      vertex 22.5 13.5 2
      vertex 30.0761 14.3827 2
      vertex 22.5 21.5 2
    endloop
  endfacet
  facet normal 0 0 1
    outer loop
      vertex 30 14 2
      vertex 26.7666 8.74724 2
      vertex 27.2046 8.45459 2
    endloop
  endfacet
  facet normal 0 0 1
    outer loop
      vertex 30 21 2
      vertex 22.5 21.5 2
      vertex 30.0761 20.6173 2
    endloop
  endfacet
  facet normal 0 0 1
    outer loop
      vertex 30.0761 14.3827 2
      vertex 22.5 13.5 2
      vertex 30 14 2
    endloop
  endfacet
  facet normal 0 0 1
    outer loop
      vertex 22.4239 21.8827 2
      vertex 26.25 26.15 2
      vertex 25.7334 26.2528 2
    endloop
  endfacet
  facet normal 0 -0 1
    outer loop
      vertex 26.25 8.85 2
      vertex 30 14 2
      vertex 22.5 13.5 2
    endloop
  endfacet
  facet normal 0 0 1
    outer loop
      vertex 22.2071 22.2071 2
      vertex 25.7334 26.2528 2
      vertex 25.2954 26.5454 2
    endloop
  endfacet
  facet normal 0 0 1
    outer loop
      vertex 30 14 2
      vertex 26.25 8.85 2
      vertex 26.7666 8.74724 2
    endloop
  endfacet
  facet normal 0 0 1
    outer loop
      vertex 21.8827 22.4239 2
      vertex 25.2954 26.5454 2
      vertex 25.0028 26.9834 2
    endloop
  endfacet
  facet normal -0 0 1
    outer loop
      vertex 22.4239 13.1173 2
      vertex 26.25 8.85 2
      vertex 22.5 13.5 2
    endloop
  endfacet
  facet normal 0 0 1
    outer loop
      vertex 21.5 22.5 2
      vertex 25.0028 26.9834 2
      vertex 24.9 27.5 2
    endloop
  endfacet
  facet normal 0 0 1
    outer loop
      vertex 26.25 8.85 2
      vertex 22.4239 13.1173 2
      vertex 25.7334 8.74724 2
    endloop
  endfacet
  facet normal 0 0 1
    outer loop
      vertex 35 35 2
      vertex 34.9239 29.3827 2
      vertex 35 29 2
    endloop
  endfacet
  facet normal 0 0 1
    outer loop
      vertex 35 35 2
      vertex 34.7071 29.7071 2
      vertex 34.9239 29.3827 2
    endloop
  endfacet
  facet normal -0 0 1
    outer loop
      vertex 34 32.5 2
      vertex 34.7071 29.7071 2
      vertex 35 35 2
    endloop
  endfacet
  facet normal -0 0 1
    outer loop
      vertex 33.8858 31.926 2
      vertex 34.7071 29.7071 2
      vertex 34 32.5 2
    endloop
  endfacet
  facet normal 0 0 1
    outer loop
      vertex 35 35 2
      vertex 33.8858 33.074 2
      vertex 34 32.5 2
    endloop
  endfacet
  facet normal 0 0 1
    outer loop
      vertex 35 35 2
      vertex 33.5607 33.5607 2
      vertex 33.8858 33.074 2
    endloop
  endfacet
  facet normal 0 0 1
    outer loop
      vertex 35 35 2
      vertex 33.074 33.8858 2
      vertex 33.5607 33.5607 2
    endloop
  endfacet
  facet normal 0 0 1
    outer loop
      vertex 35 35 2
      vertex 32.5 34 2
      vertex 33.074 33.8858 2
    endloop
  endfacet
  facet normal 0 0 1
    outer loop
      vertex 35 35 2
      vertex 31.926 33.8858 2
      vertex 32.5 34 2
    endloop
  endfacet
  facet normal 0 0 1
    outer loop
      vertex 31.4393 31.4393 2
      vertex 30.6173 29.9239 2
      vertex 31 30 2
    endloop
  endfacet
  facet normal 0 0 1
    outer loop
      vertex 31.1142 31.926 2
      vertex 30.2929 29.7071 2
      vertex 30.6173 29.9239 2
    endloop
  endfacet
  facet normal 0 0 1
    outer loop
      vertex 26.25 28.85 2
      vertex 31 32.5 2
      vertex 31.1142 33.074 2
    endloop
  endfacet
  facet normal 0 0 1
    outer loop
      vertex 31 32.5 2
      vertex 26.7666 28.7472 2
      vertex 30.2929 29.7071 2
    endloop
  endfacet
  facet normal -0 0 1
    outer loop
      vertex 27.6 27.5 2
      vertex 30 26 2
      vertex 30 29 2
    endloop
  endfacet
  facet normal -0 0 1
    outer loop
      vertex 27.4972 26.9834 2
      vertex 30 26 2
      vertex 27.6 27.5 2
    endloop
  endfacet
  facet normal 0 0 1
    outer loop
      vertex 30.0761 25.6173 2
      vertex 27.2046 26.5454 2
      vertex 30.0761 24.3827 2
    endloop
  endfacet
  facet normal -0 0 1
    outer loop
      vertex 26.7666 26.2528 2
      vertex 30.0761 24.3827 2
      vertex 27.2046 26.5454 2
    endloop
  endfacet
  facet normal 0 0 1
    outer loop
      vertex 30.0761 24.3827 2
      vertex 26.7666 26.2528 2
      vertex 30 24 2
    endloop
  endfacet
  facet normal 0 0 1
    outer loop
      vertex 30 14 2
      vertex 27.6 7.5 2
      vertex 30 11 2
    endloop
  endfacet
  facet normal 0 0 1
    outer loop
      vertex 30 11 2
      vertex 27.6 7.5 2
      vertex 30 9 2
    endloop
  endfacet
  facet normal 0 0 1
    outer loop
      vertex 27.2046 28.4546 2
      vertex 30 29 2
      vertex 30.0761 29.3827 2
    endloop
  endfacet
  facet normal 0 0 1
    outer loop
      vertex 30.2929 29.7071 2
      vertex 26.7666 28.7472 2
      vertex 30.0761 29.3827 2
    endloop
  endfacet
  facet normal 0 0 1
    outer loop
      vertex 30 29 2
      vertex 27.4972 28.0166 2
      vertex 27.6 27.5 2
    endloop
  endfacet
  facet normal 0 0 1
    outer loop
      vertex 25.7334 28.7472 2
      vertex 31.1142 33.074 2
      vertex 31.4393 33.5607 2
    endloop
  endfacet
  facet normal 0 0 1
    outer loop
      vertex 30 29 2
      vertex 27.2046 28.4546 2
      vertex 27.4972 28.0166 2
    endloop
  endfacet
  facet normal 0 0 1
    outer loop
      vertex 30.0761 29.3827 2
      vertex 26.7666 28.7472 2
      vertex 27.2046 28.4546 2
    endloop
  endfacet
  facet normal 0 0 1
    outer loop
      vertex 31 32.5 2
      vertex 26.25 28.85 2
      vertex 26.7666 28.7472 2
    endloop
  endfacet
  facet normal 0 0 1
    outer loop
      vertex 31.1142 33.074 2
      vertex 25.7334 28.7472 2
      vertex 26.25 28.85 2
    endloop
  endfacet
  facet normal 0 0 1
    outer loop
      vertex 9.26662 28.7472 2
      vertex 25.7334 28.7472 2
      vertex 31.4393 33.5607 2
    endloop
  endfacet
  facet normal -0 0 1
    outer loop
      vertex 22.2071 12.7929 2
      vertex 25.7334 8.74724 2
      vertex 22.4239 13.1173 2
    endloop
  endfacet
  facet normal 0 0 1
    outer loop
      vertex 10.1 27.5 2
      vertex 24.9 27.5 2
      vertex 25.0028 28.0166 2
    endloop
  endfacet
  facet normal 0 0 1
    outer loop
      vertex 26.25 26.15 2
      vertex 22.4239 21.8827 2
      vertex 22.5 21.5 2
    endloop
  endfacet
  facet normal 0 0 1
    outer loop
      vertex 25.7334 26.2528 2
      vertex 22.2071 22.2071 2
      vertex 22.4239 21.8827 2
    endloop
  endfacet
  facet normal 0 0 1
    outer loop
      vertex 25.2954 26.5454 2
      vertex 21.8827 22.4239 2
      vertex 22.2071 22.2071 2
    endloop
  endfacet
  facet normal 0 0 1
    outer loop
      vertex 25.0028 26.9834 2
      vertex 21.5 22.5 2
      vertex 21.8827 22.4239 2
    endloop
  endfacet
  facet normal 0 0 1
    outer loop
      vertex 24.9 27.5 2
      vertex 13.5 22.5 2
      vertex 21.5 22.5 2
    endloop
  endfacet
  facet normal 0 0 1
    outer loop
      vertex 9.99724 28.0166 2
      vertex 25.0028 28.0166 2
      vertex 25.2954 28.4546 2
    endloop
  endfacet
  facet normal 0 0 1
    outer loop
      vertex 25.7334 28.7472 2
      vertex 9.26662 28.7472 2
      vertex 25.2954 28.4546 2
    endloop
  endfacet
  facet normal 0 0 1
    outer loop
      vertex 3.56066 33.5607 2
      vertex 31.4393 33.5607 2
      vertex 31.926 33.8858 2
    endloop
  endfacet
  facet normal 0 0 1
    outer loop
      vertex 25.0028 28.0166 2
      vertex 9.99724 28.0166 2
      vertex 10.1 27.5 2
    endloop
  endfacet
  facet normal -0 0 1
    outer loop
      vertex 9.26662 26.2528 2
      vertex 12.7929 22.2071 2
      vertex 9.70459 26.5454 2
    endloop
  endfacet
  facet normal 0 0 1
    outer loop
      vertex 13.1173 22.4239 2
      vertex 9.70459 26.5454 2
      vertex 12.7929 22.2071 2
    endloop
  endfacet
  facet normal -0 0 1
    outer loop
      vertex 9.70459 26.5454 2
      vertex 13.1173 22.4239 2
      vertex 9.99724 26.9834 2
    endloop
  endfacet
  facet normal 0 0 1
    outer loop
      vertex 13.5 22.5 2
      vertex 9.99724 26.9834 2
      vertex 13.1173 22.4239 2
    endloop
  endfacet
  facet normal 0 0 1
    outer loop
      vertex 24.9 27.5 2
      vertex 10.1 27.5 2
      vertex 13.5 22.5 2
    endloop
  endfacet
  facet normal 0 0 1
    outer loop
      vertex 3.07402 33.8858 2
      vertex 31.926 33.8858 2
      vertex 35 35 2
    endloop
  endfacet
  facet normal -0 0 1
    outer loop
      vertex 9.99724 26.9834 2
      vertex 13.5 22.5 2
      vertex 10.1 27.5 2
    endloop
  endfacet
  facet normal 0 0 1
    outer loop
      vertex 25.2954 28.4546 2
      vertex 9.70459 28.4546 2
      vertex 9.99724 28.0166 2
    endloop
  endfacet
  facet normal 0 0 1
    outer loop
      vertex 25.2954 28.4546 2
      vertex 9.26662 28.7472 2
      vertex 9.70459 28.4546 2
    endloop
  endfacet
  facet normal 0 0 1
    outer loop
      vertex 31.4393 33.5607 2
      vertex 3.56066 33.5607 2
      vertex 9.26662 28.7472 2
    endloop
  endfacet
  facet normal -0 -0 1
    outer loop
      vertex 3.88582 33.074 2
      vertex 9.26662 28.7472 2
      vertex 3.56066 33.5607 2
    endloop
  endfacet
  facet normal 0 0 1
    outer loop
      vertex 5 26 2
      vertex 7.4 27.5 2
      vertex 5 29 2
    endloop
  endfacet
  facet normal 0 0 1
    outer loop
      vertex 7.50276 28.0166 2
      vertex 5 29 2
      vertex 7.4 27.5 2
    endloop
  endfacet
  facet normal 0 0 1
    outer loop
      vertex 7.79541 28.4546 2
      vertex 5 29 2
      vertex 7.50276 28.0166 2
    endloop
  endfacet
  facet normal 0 0 1
    outer loop
      vertex 4.92388 29.3827 2
      vertex 7.79541 28.4546 2
      vertex 8.23338 28.7472 2
    endloop
  endfacet
  facet normal 0 0 1
    outer loop
      vertex 9.26662 28.7472 2
      vertex 3.88582 33.074 2
      vertex 8.75 28.85 2
    endloop
  endfacet
  facet normal 0 0 1
    outer loop
      vertex 7.79541 28.4546 2
      vertex 4.92388 29.3827 2
      vertex 5 29 2
    endloop
  endfacet
  facet normal -0 -0 1
    outer loop
      vertex 4.70711 29.7071 2
      vertex 8.23338 28.7472 2
      vertex 4 32.5 2
    endloop
  endfacet
  facet normal 0 0 1
    outer loop
      vertex 8.23338 28.7472 2
      vertex 4.70711 29.7071 2
      vertex 4.92388 29.3827 2
    endloop
  endfacet
  facet normal -0 0 1
    outer loop
      vertex 3.88582 31.926 2
      vertex 4.70711 29.7071 2
      vertex 4 32.5 2
    endloop
  endfacet
  facet normal 0 0 1
    outer loop
      vertex 8.75 28.85 2
      vertex 4 32.5 2
      vertex 8.23338 28.7472 2
    endloop
  endfacet
  facet normal -0 -0 1
    outer loop
      vertex 4 32.5 2
      vertex 8.75 28.85 2
      vertex 3.88582 33.074 2
    endloop
  endfacet
  facet normal 0 0 1
    outer loop
      vertex 31.926 33.8858 2
      vertex 3.07402 33.8858 2
      vertex 3.56066 33.5607 2
    endloop
  endfacet
  facet normal -0 0 1
    outer loop
      vertex 0 35 2
      vertex 3.07402 33.8858 2
      vertex 35 35 2
    endloop
  endfacet
  facet normal 0 0 1
    outer loop
      vertex 1.43934 31.4393 2
      vertex 0.617316 29.9239 2
      vertex 1 30 2
    endloop
  endfacet
  facet normal 0 0 1
    outer loop
      vertex 1.11418 31.926 2
      vertex 0.292892 29.7071 2
      vertex 0.617316 29.9239 2
    endloop
  endfacet
  facet normal 0 0 1
    outer loop
      vertex 0 35 2
      vertex 1 32.5 2
      vertex 1.11418 33.074 2
    endloop
  endfacet
  facet normal 0 0 1
    outer loop
      vertex 1 32.5 2
      vertex 0 35 2
      vertex 0.292892 29.7071 2
    endloop
  endfacet
  facet normal 0 0 1
    outer loop
      vertex 3.07402 33.8858 2
      vertex 0 35 2
      vertex 2.5 34 2
    endloop
  endfacet
  facet normal 0 0 1
    outer loop
      vertex 0 35 2
      vertex 1.92597 33.8858 2
      vertex 2.5 34 2
    endloop
  endfacet
  facet normal 0 0 1
    outer loop
      vertex 0 35 2
      vertex 1.43934 33.5607 2
      vertex 1.92597 33.8858 2
    endloop
  endfacet
  facet normal 0 0 1
    outer loop
      vertex 0 35 2
      vertex 1.11418 33.074 2
      vertex 1.43934 33.5607 2
    endloop
  endfacet
  facet normal 0 0 1
    outer loop
      vertex 0.292892 29.7071 2
      vertex 0 35 2
      vertex 0.0761204 29.3827 2
    endloop
  endfacet
  facet normal 0 0 1
    outer loop
      vertex 0.0761204 29.3827 2
      vertex 0 35 2
      vertex 0 29 2
    endloop
  endfacet
  facet normal 0 0 1
    outer loop
      vertex 34.7071 29.7071 2
      vertex 33.8858 31.926 2
      vertex 34.3827 29.9239 2
    endloop
  endfacet
  facet normal -0 0 1
    outer loop
      vertex 33.5607 31.4393 2
      vertex 34.3827 29.9239 2
      vertex 33.8858 31.926 2
    endloop
  endfacet
  facet normal 0 0 1
    outer loop
      vertex 34.3827 29.9239 2
      vertex 33.5607 31.4393 2
      vertex 34 30 2
    endloop
  endfacet
  facet normal -0 0 1
    outer loop
      vertex 33.074 31.1142 2
      vertex 34 30 2
      vertex 33.5607 31.4393 2
    endloop
  endfacet
  facet normal -0 0 1
    outer loop
      vertex 32.5 31 2
      vertex 34 30 2
      vertex 33.074 31.1142 2
    endloop
  endfacet
  facet normal 0 0 1
    outer loop
      vertex 31 30 2
      vertex 32.5 31 2
      vertex 31.926 31.1142 2
    endloop
  endfacet
  facet normal 0 0 1
    outer loop
      vertex 32.5 31 2
      vertex 31 30 2
      vertex 34 30 2
    endloop
  endfacet
  facet normal 0 0 1
    outer loop
      vertex 31.4393 31.4393 2
      vertex 31 30 2
      vertex 31.926 31.1142 2
    endloop
  endfacet
  facet normal 0 0 1
    outer loop
      vertex 30.6173 29.9239 2
      vertex 31.4393 31.4393 2
      vertex 31.1142 31.926 2
    endloop
  endfacet
  facet normal 0 0 1
    outer loop
      vertex 30.2929 29.7071 2
      vertex 31.1142 31.926 2
      vertex 31 32.5 2
    endloop
  endfacet
  facet normal 0 0 1
    outer loop
      vertex 30.6173 25.0761 2
      vertex 30.6173 24.9239 2
      vertex 31 25 2
    endloop
  endfacet
  facet normal 0 0 1
    outer loop
      vertex 30.2929 25.2929 2
      vertex 30.6173 24.9239 2
      vertex 30.6173 25.0761 2
    endloop
  endfacet
  facet normal 0 0 1
    outer loop
      vertex 30.2929 25.2929 2
      vertex 30.2929 24.7071 2
      vertex 30.6173 24.9239 2
    endloop
  endfacet
  facet normal 0 0 1
    outer loop
      vertex 30.0761 25.6173 2
      vertex 30.2929 24.7071 2
      vertex 30.2929 25.2929 2
    endloop
  endfacet
  facet normal 0 0 1
    outer loop
      vertex 30.0761 25.6173 2
      vertex 30.0761 24.3827 2
      vertex 30.2929 24.7071 2
    endloop
  endfacet
  facet normal -0 0 1
    outer loop
      vertex 27.2046 26.5454 2
      vertex 30 26 2
      vertex 27.4972 26.9834 2
    endloop
  endfacet
  facet normal 0 0 1
    outer loop
      vertex 30 26 2
      vertex 27.2046 26.5454 2
      vertex 30.0761 25.6173 2
    endloop
  endfacet
  facet normal -0 0 1
    outer loop
      vertex 34.9239 20.6173 2
      vertex 35 14 2
      vertex 35 21 2
    endloop
  endfacet
  facet normal 0 0 1
    outer loop
      vertex 34.9239 20.6173 2
      vertex 34.9239 14.3827 2
      vertex 35 14 2
    endloop
  endfacet
  facet normal -0 0 1
    outer loop
      vertex 34.7071 20.2929 2
      vertex 34.9239 14.3827 2
      vertex 34.9239 20.6173 2
    endloop
  endfacet
  facet normal 0 0 1
    outer loop
      vertex 34.7071 20.2929 2
      vertex 34.7071 14.7071 2
      vertex 34.9239 14.3827 2
    endloop
  endfacet
  facet normal -0 0 1
    outer loop
      vertex 34.3827 20.0761 2
      vertex 34.7071 14.7071 2
      vertex 34.7071 20.2929 2
    endloop
  endfacet
  facet normal 0 0 1
    outer loop
      vertex 34.3827 20.0761 2
      vertex 34.3827 14.9239 2
      vertex 34.7071 14.7071 2
    endloop
  endfacet
  facet normal -0 0 1
    outer loop
      vertex 34 20 2
      vertex 34.3827 14.9239 2
      vertex 34.3827 20.0761 2
    endloop
  endfacet
  facet normal 0 0 1
    outer loop
      vertex 34 20 2
      vertex 34 15 2
      vertex 34.3827 14.9239 2
    endloop
  endfacet
  facet normal -0 0 1
    outer loop
      vertex 31 20 2
      vertex 34 15 2
      vertex 34 20 2
    endloop
  endfacet
  facet normal 0 0 1
    outer loop
      vertex 31 20 2
      vertex 31 15 2
      vertex 34 15 2
    endloop
  endfacet
  facet normal 0 0 1
    outer loop
      vertex 30.6173 20.0761 2
      vertex 31 15 2
      vertex 31 20 2
    endloop
  endfacet
  facet normal 0 0 1
    outer loop
      vertex 30.6173 20.0761 2
      vertex 30.6173 14.9239 2
      vertex 31 15 2
    endloop
  endfacet
  facet normal 0 0 1
    outer loop
      vertex 30.2929 20.2929 2
      vertex 30.6173 14.9239 2
      vertex 30.6173 20.0761 2
    endloop
  endfacet
  facet normal 0 0 1
    outer loop
      vertex 30.2929 20.2929 2
      vertex 30.2929 14.7071 2
      vertex 30.6173 14.9239 2
    endloop
  endfacet
  facet normal 0 0 1
    outer loop
      vertex 30.0761 20.6173 2
      vertex 30.2929 14.7071 2
      vertex 30.2929 20.2929 2
    endloop
  endfacet
  facet normal 0 0 1
    outer loop
      vertex 30.0761 20.6173 2
      vertex 30.0761 14.3827 2
      vertex 30.2929 14.7071 2
    endloop
  endfacet
  facet normal -0 0 1
    outer loop
      vertex 26.25 26.15 2
      vertex 30 24 2
      vertex 26.7666 26.2528 2
    endloop
  endfacet
  facet normal 0 0 1
    outer loop
      vertex 30 24 2
      vertex 26.25 26.15 2
      vertex 30 21 2
    endloop
  endfacet
  facet normal 0 0 1
    outer loop
      vertex 30.6173 10.0761 2
      vertex 30.6173 9.92388 2
      vertex 31 10 2
    endloop
  endfacet
  facet normal 0 0 1
    outer loop
      vertex 30.2929 10.2929 2
      vertex 30.6173 9.92388 2
      vertex 30.6173 10.0761 2
    endloop
  endfacet
  facet normal 0 0 1
    outer loop
      vertex 30.2929 10.2929 2
      vertex 30.2929 9.70711 2
      vertex 30.6173 9.92388 2
    endloop
  endfacet
  facet normal 0 0 1
    outer loop
      vertex 30.0761 10.6173 2
      vertex 30.2929 9.70711 2
      vertex 30.2929 10.2929 2
    endloop
  endfacet
  facet normal 0 0 1
    outer loop
      vertex 30.0761 10.6173 2
      vertex 30.0761 9.38268 2
      vertex 30.2929 9.70711 2
    endloop
  endfacet
  facet normal 0 0 1
    outer loop
      vertex 30 11 2
      vertex 30.0761 9.38268 2
      vertex 30.0761 10.6173 2
    endloop
  endfacet
  facet normal 0 0 1
    outer loop
      vertex 30.0761 9.38268 2
      vertex 30 11 2
      vertex 30 9 2
    endloop
  endfacet
  facet normal 0 0 1
    outer loop
      vertex 4.70711 29.7071 2
      vertex 3.88582 31.926 2
      vertex 4.38268 29.9239 2
    endloop
  endfacet
  facet normal -0 0 1
    outer loop
      vertex 3.56066 31.4393 2
      vertex 4.38268 29.9239 2
      vertex 3.88582 31.926 2
    endloop
  endfacet
  facet normal 0 0 1
    outer loop
      vertex 4.38268 29.9239 2
      vertex 3.56066 31.4393 2
      vertex 4 30 2
    endloop
  endfacet
  facet normal -0 0 1
    outer loop
      vertex 3.07402 31.1142 2
      vertex 4 30 2
      vertex 3.56066 31.4393 2
    endloop
  endfacet
  facet normal -0 0 1
    outer loop
      vertex 2.5 31 2
      vertex 4 30 2
      vertex 3.07402 31.1142 2
    endloop
  endfacet
  facet normal 0 0 1
    outer loop
      vertex 1 30 2
      vertex 2.5 31 2
      vertex 1.92597 31.1142 2
    endloop
  endfacet
  facet normal 0 0 1
    outer loop
      vertex 2.5 31 2
      vertex 1 30 2
      vertex 4 30 2
    endloop
  endfacet
  facet normal 0 0 1
    outer loop
      vertex 1.43934 31.4393 2
      vertex 1 30 2
      vertex 1.92597 31.1142 2
    endloop
  endfacet
  facet normal 0 0 1
    outer loop
      vertex 0.617316 29.9239 2
      vertex 1.43934 31.4393 2
      vertex 1.11418 31.926 2
    endloop
  endfacet
  facet normal 0 0 1
    outer loop
      vertex 0.292892 29.7071 2
      vertex 1.11418 31.926 2
      vertex 1 32.5 2
    endloop
  endfacet
  facet normal 0 0 1
    outer loop
      vertex 34.7071 5.29289 2
      vertex 33.8858 3.07402 2
      vertex 34 2.5 2
    endloop
  endfacet
  facet normal 0 0 1
    outer loop
      vertex 34.3827 5.07612 2
      vertex 33.5607 3.56066 2
      vertex 33.8858 3.07402 2
    endloop
  endfacet
  facet normal 0 0 1
    outer loop
      vertex 34 5 2
      vertex 33.074 3.88582 2
      vertex 33.5607 3.56066 2
    endloop
  endfacet
  facet normal 0 0 1
    outer loop
      vertex 34 5 2
      vertex 32.5 4 2
      vertex 33.074 3.88582 2
    endloop
  endfacet
  facet normal -0 0 1
    outer loop
      vertex 31 5 2
      vertex 32.5 4 2
      vertex 34 5 2
    endloop
  endfacet
  facet normal 0 0 1
    outer loop
      vertex 32.5 4 2
      vertex 31 5 2
      vertex 31.926 3.88582 2
    endloop
  endfacet
  facet normal 0 0 1
    outer loop
      vertex 31 5 2
      vertex 31.4393 3.56066 2
      vertex 31.926 3.88582 2
    endloop
  endfacet
  facet normal 0 0 1
    outer loop
      vertex 30.6173 5.07612 2
      vertex 31.4393 3.56066 2
      vertex 31 5 2
    endloop
  endfacet
  facet normal 0 0 1
    outer loop
      vertex 31.4393 3.56066 2
      vertex 30.6173 5.07612 2
      vertex 31.1142 3.07402 2
    endloop
  endfacet
  facet normal 0 0 1
    outer loop
      vertex 30.2929 5.29289 2
      vertex 31.1142 3.07402 2
      vertex 30.6173 5.07612 2
    endloop
  endfacet
  facet normal -0 0 1
    outer loop
      vertex 34.9239 5.61732 2
      vertex 35 0 2
      vertex 35 6 2
    endloop
  endfacet
  facet normal -0 0 1
    outer loop
      vertex 34.7071 5.29289 2
      vertex 35 0 2
      vertex 34.9239 5.61732 2
    endloop
  endfacet
  facet normal 0 0 1
    outer loop
      vertex 33.8858 3.07402 2
      vertex 34.7071 5.29289 2
      vertex 34.3827 5.07612 2
    endloop
  endfacet
  facet normal 0 0 1
    outer loop
      vertex 33.5607 3.56066 2
      vertex 34.3827 5.07612 2
      vertex 34 5 2
    endloop
  endfacet
  facet normal 0 0 1
    outer loop
      vertex 34.7071 5.29289 2
      vertex 34 2.5 2
      vertex 35 0 2
    endloop
  endfacet
  facet normal -0 0 1
    outer loop
      vertex 33.8858 1.92597 2
      vertex 35 0 2
      vertex 34 2.5 2
    endloop
  endfacet
  facet normal -0 0 1
    outer loop
      vertex 33.5607 1.43934 2
      vertex 35 0 2
      vertex 33.8858 1.92597 2
    endloop
  endfacet
  facet normal -0 0 1
    outer loop
      vertex 33.074 1.11418 2
      vertex 35 0 2
      vertex 33.5607 1.43934 2
    endloop
  endfacet
  facet normal -0 0 1
    outer loop
      vertex 32.5 1 2
      vertex 35 0 2
      vertex 33.074 1.11418 2
    endloop
  endfacet
  facet normal 0 0 1
    outer loop
      vertex 31.926 1.11418 2
      vertex 35 0 2
      vertex 32.5 1 2
    endloop
  endfacet
  facet normal 0 0 1
    outer loop
      vertex 31.1142 3.07402 2
      vertex 30.2929 5.29289 2
      vertex 31 2.5 2
    endloop
  endfacet
  facet normal 0 0 1
    outer loop
      vertex 26.7666 6.25276 2
      vertex 31 2.5 2
      vertex 30.2929 5.29289 2
    endloop
  endfacet
  facet normal 0 0 1
    outer loop
      vertex 26.7666 6.25276 2
      vertex 30.2929 5.29289 2
      vertex 30.0761 5.61732 2
    endloop
  endfacet
  facet normal 0 0 1
    outer loop
      vertex 30 9 2
      vertex 27.6 7.5 2
      vertex 30 6 2
    endloop
  endfacet
  facet normal -0 0 1
    outer loop
      vertex 27.4972 6.98338 2
      vertex 30 6 2
      vertex 27.6 7.5 2
    endloop
  endfacet
  facet normal -0 0 1
    outer loop
      vertex 27.2046 6.54541 2
      vertex 30 6 2
      vertex 27.4972 6.98338 2
    endloop
  endfacet
  facet normal 0 0 1
    outer loop
      vertex 30 6 2
      vertex 27.2046 6.54541 2
      vertex 30.0761 5.61732 2
    endloop
  endfacet
  facet normal -0 0 1
    outer loop
      vertex 26.7666 6.25276 2
      vertex 30.0761 5.61732 2
      vertex 27.2046 6.54541 2
    endloop
  endfacet
  facet normal -0 0 1
    outer loop
      vertex 26.25 6.15 2
      vertex 31 2.5 2
      vertex 26.7666 6.25276 2
    endloop
  endfacet
  facet normal 0 0 1
    outer loop
      vertex 31 2.5 2
      vertex 26.25 6.15 2
      vertex 31.1142 1.92597 2
    endloop
  endfacet
  facet normal 0 0 1
    outer loop
      vertex 25.7334 6.25276 2
      vertex 31.1142 1.92597 2
      vertex 26.25 6.15 2
    endloop
  endfacet
  facet normal 0 0 1
    outer loop
      vertex 31.1142 1.92597 2
      vertex 25.7334 6.25276 2
      vertex 31.4393 1.43934 2
    endloop
  endfacet
  facet normal 0 0 1
    outer loop
      vertex 9.26662 6.25276 2
      vertex 25.7334 6.25276 2
      vertex 25.2954 6.54541 2
    endloop
  endfacet
  facet normal 0 0 1
    outer loop
      vertex 25.7334 8.74724 2
      vertex 22.2071 12.7929 2
      vertex 25.2954 8.45459 2
    endloop
  endfacet
  facet normal -0 0 1
    outer loop
      vertex 21.8827 12.5761 2
      vertex 25.2954 8.45459 2
      vertex 22.2071 12.7929 2
    endloop
  endfacet
  facet normal 0 0 1
    outer loop
      vertex 25.2954 8.45459 2
      vertex 21.8827 12.5761 2
      vertex 25.0028 8.01662 2
    endloop
  endfacet
  facet normal -0 0 1
    outer loop
      vertex 21.5 12.5 2
      vertex 25.0028 8.01662 2
      vertex 21.8827 12.5761 2
    endloop
  endfacet
  facet normal 0 0 1
    outer loop
      vertex 25.0028 8.01662 2
      vertex 21.5 12.5 2
      vertex 24.9 7.5 2
    endloop
  endfacet
  facet normal -0 0 1
    outer loop
      vertex 13.5 12.5 2
      vertex 24.9 7.5 2
      vertex 21.5 12.5 2
    endloop
  endfacet
  facet normal 0 0 1
    outer loop
      vertex 10.1 7.5 2
      vertex 24.9 7.5 2
      vertex 13.5 12.5 2
    endloop
  endfacet
  facet normal 0 0 1
    outer loop
      vertex 24.9 7.5 2
      vertex 10.1 7.5 2
      vertex 25.0028 6.98338 2
    endloop
  endfacet
  facet normal 0 0 1
    outer loop
      vertex 9.99724 6.98338 2
      vertex 25.0028 6.98338 2
      vertex 10.1 7.5 2
    endloop
  endfacet
  facet normal 0 0 1
    outer loop
      vertex 9.70459 6.54541 2
      vertex 25.2954 6.54541 2
      vertex 9.99724 6.98338 2
    endloop
  endfacet
  facet normal 0 0 1
    outer loop
      vertex 10.1 7.5 2
      vertex 13.5 12.5 2
      vertex 13.1173 12.5761 2
    endloop
  endfacet
  facet normal 0 0 1
    outer loop
      vertex 12.7929 22.2071 2
      vertex 9.26662 26.2528 2
      vertex 12.5761 21.8827 2
    endloop
  endfacet
  facet normal 0 0 1
    outer loop
      vertex 10.1 7.5 2
      vertex 12.5761 13.1173 2
      vertex 12.5 13.5 2
    endloop
  endfacet
  facet normal 0 0 1
    outer loop
      vertex 10.1 7.5 2
      vertex 12.7929 12.7929 2
      vertex 12.5761 13.1173 2
    endloop
  endfacet
  facet normal 0 0 1
    outer loop
      vertex 10.1 7.5 2
      vertex 13.1173 12.5761 2
      vertex 12.7929 12.7929 2
    endloop
  endfacet
  facet normal 0 0 1
    outer loop
      vertex 25.0028 6.98338 2
      vertex 9.99724 6.98338 2
      vertex 25.2954 6.54541 2
    endloop
  endfacet
  facet normal 0 0 1
    outer loop
      vertex 9.26662 6.25276 2
      vertex 25.2954 6.54541 2
      vertex 9.70459 6.54541 2
    endloop
  endfacet
  facet normal 0 0 1
    outer loop
      vertex 25.7334 6.25276 2
      vertex 9.26662 6.25276 2
      vertex 31.4393 1.43934 2
    endloop
  endfacet
  facet normal 0 0 1
    outer loop
      vertex 3.56066 1.43934 2
      vertex 31.4393 1.43934 2
      vertex 9.26662 6.25276 2
    endloop
  endfacet
  facet normal 0 0 1
    outer loop
      vertex 31.4393 1.43934 2
      vertex 3.56066 1.43934 2
      vertex 31.926 1.11418 2
    endloop
  endfacet
  facet normal 0 0 1
    outer loop
      vertex 3.88582 1.92597 2
      vertex 9.26662 6.25276 2
      vertex 8.75 6.15 2
    endloop
  endfacet
  facet normal 0 0 1
    outer loop
      vertex 4 2.5 2
      vertex 8.75 6.15 2
      vertex 8.23338 6.25276 2
    endloop
  endfacet
  facet normal 0 0 1
    outer loop
      vertex 4.92388 25.6173 2
      vertex 7.79541 26.5454 2
      vertex 5 26 2
    endloop
  endfacet
  facet normal 0 0 1
    outer loop
      vertex 8.75 26.15 2
      vertex 5 24 2
      vertex 5 21 2
    endloop
  endfacet
  facet normal -0 0 1
    outer loop
      vertex 4.92388 10.6173 2
      vertex 8.23338 8.74724 2
      vertex 5 11 2
    endloop
  endfacet
  facet normal 0 0 1
    outer loop
      vertex 8.23338 8.74724 2
      vertex 4.92388 10.6173 2
      vertex 7.79541 8.45459 2
    endloop
  endfacet
  facet normal 0 0 1
    outer loop
      vertex 7.79541 8.45459 2
      vertex 5 9 2
      vertex 7.50276 8.01662 2
    endloop
  endfacet
  facet normal 0 0 1
    outer loop
      vertex 7.50276 8.01662 2
      vertex 5 9 2
      vertex 7.4 7.5 2
    endloop
  endfacet
  facet normal 0 0 1
    outer loop
      vertex 5 6 2
      vertex 7.4 7.5 2
      vertex 5 9 2
    endloop
  endfacet
  facet normal 0 0 1
    outer loop
      vertex 7.4 7.5 2
      vertex 5 6 2
      vertex 7.50276 6.98338 2
    endloop
  endfacet
  facet normal 0 0 1
    outer loop
      vertex 7.50276 6.98338 2
      vertex 5 6 2
      vertex 7.79541 6.54541 2
    endloop
  endfacet
  facet normal 0 0 1
    outer loop
      vertex 4.92388 5.61732 2
      vertex 7.79541 6.54541 2
      vertex 5 6 2
    endloop
  endfacet
  facet normal 0 0 1
    outer loop
      vertex 7.79541 6.54541 2
      vertex 4.92388 5.61732 2
      vertex 8.23338 6.25276 2
    endloop
  endfacet
  facet normal 0 0 1
    outer loop
      vertex 4.70711 5.29289 2
      vertex 8.23338 6.25276 2
      vertex 4.92388 5.61732 2
    endloop
  endfacet
  facet normal 0 0 1
    outer loop
      vertex 8.23338 6.25276 2
      vertex 4.70711 5.29289 2
      vertex 4 2.5 2
    endloop
  endfacet
  facet normal 0 0 1
    outer loop
      vertex 3.88582 3.07402 2
      vertex 4.70711 5.29289 2
      vertex 4.38268 5.07612 2
    endloop
  endfacet
  facet normal 0 0 1
    outer loop
      vertex 3.56066 3.56066 2
      vertex 4.38268 5.07612 2
      vertex 4 5 2
    endloop
  endfacet
  facet normal 0 0 1
    outer loop
      vertex 8.75 6.15 2
      vertex 4 2.5 2
      vertex 3.88582 1.92597 2
    endloop
  endfacet
  facet normal 0 0 1
    outer loop
      vertex 9.26662 6.25276 2
      vertex 3.88582 1.92597 2
      vertex 3.56066 1.43934 2
    endloop
  endfacet
  facet normal 0 0 1
    outer loop
      vertex 3.07402 1.11418 2
      vertex 31.926 1.11418 2
      vertex 3.56066 1.43934 2
    endloop
  endfacet
  facet normal 0 0 1
    outer loop
      vertex 31.926 1.11418 2
      vertex 3.07402 1.11418 2
      vertex 35 0 2
    endloop
  endfacet
  facet normal 0 0 1
    outer loop
      vertex 0 0 2
      vertex 3.07402 1.11418 2
      vertex 2.5 1 2
    endloop
  endfacet
  facet normal 0 0 1
    outer loop
      vertex 0.292892 5.29289 2
      vertex 1.11418 3.07402 2
      vertex 0.617316 5.07612 2
    endloop
  endfacet
  facet normal 0 0 1
    outer loop
      vertex 1.11418 3.07402 2
      vertex 0.292892 5.29289 2
      vertex 1 2.5 2
    endloop
  endfacet
  facet normal 0 0 1
    outer loop
      vertex 0 0 2
      vertex 1 2.5 2
      vertex 0.292892 5.29289 2
    endloop
  endfacet
  facet normal 0 0 1
    outer loop
      vertex 0 0 2
      vertex 0.292892 5.29289 2
      vertex 0.0761204 5.61732 2
    endloop
  endfacet
  facet normal 0 0 1
    outer loop
      vertex 3.07402 1.11418 2
      vertex 0 0 2
      vertex 35 0 2
    endloop
  endfacet
  facet normal 0 0 1
    outer loop
      vertex 1.92597 1.11418 2
      vertex 0 0 2
      vertex 2.5 1 2
    endloop
  endfacet
  facet normal 0 0 1
    outer loop
      vertex 1.43934 1.43934 2
      vertex 0 0 2
      vertex 1.92597 1.11418 2
    endloop
  endfacet
  facet normal 0 0 1
    outer loop
      vertex 1.11418 1.92597 2
      vertex 0 0 2
      vertex 1.43934 1.43934 2
    endloop
  endfacet
  facet normal 0 0 1
    outer loop
      vertex 1 2.5 2
      vertex 0 0 2
      vertex 1.11418 1.92597 2
    endloop
  endfacet
  facet normal 0 0 1
    outer loop
      vertex 0 0 2
      vertex 0.0761204 5.61732 2
      vertex 0 6 2
    endloop
  endfacet
  facet normal -0 0 1
    outer loop
      vertex 34.9239 25.6173 2
      vertex 35 24 2
      vertex 35 26 2
    endloop
  endfacet
  facet normal 0 0 1
    outer loop
      vertex 34.9239 25.6173 2
      vertex 34.9239 24.3827 2
      vertex 35 24 2
    endloop
  endfacet
  facet normal -0 0 1
    outer loop
      vertex 34.7071 25.2929 2
      vertex 34.9239 24.3827 2
      vertex 34.9239 25.6173 2
    endloop
  endfacet
  facet normal 0 0 1
    outer loop
      vertex 34.7071 25.2929 2
      vertex 34.7071 24.7071 2
      vertex 34.9239 24.3827 2
    endloop
  endfacet
  facet normal -0 0 1
    outer loop
      vertex 34.3827 25.0761 2
      vertex 34.7071 24.7071 2
      vertex 34.7071 25.2929 2
    endloop
  endfacet
  facet normal 0 0 1
    outer loop
      vertex 34.3827 25.0761 2
      vertex 34.3827 24.9239 2
      vertex 34.7071 24.7071 2
    endloop
  endfacet
  facet normal 0 -0 1
    outer loop
      vertex 34.3827 24.9239 2
      vertex 34.3827 25.0761 2
      vertex 34 25 2
    endloop
  endfacet
  facet normal -0 0 1
    outer loop
      vertex 34.9239 10.6173 2
      vertex 35 9 2
      vertex 35 11 2
    endloop
  endfacet
  facet normal 0 0 1
    outer loop
      vertex 34.9239 10.6173 2
      vertex 34.9239 9.38268 2
      vertex 35 9 2
    endloop
  endfacet
  facet normal -0 0 1
    outer loop
      vertex 34.7071 10.2929 2
      vertex 34.9239 9.38268 2
      vertex 34.9239 10.6173 2
    endloop
  endfacet
  facet normal 0 0 1
    outer loop
      vertex 34.7071 10.2929 2
      vertex 34.7071 9.70711 2
      vertex 34.9239 9.38268 2
    endloop
  endfacet
  facet normal -0 0 1
    outer loop
      vertex 34.3827 10.0761 2
      vertex 34.7071 9.70711 2
      vertex 34.7071 10.2929 2
    endloop
  endfacet
  facet normal 0 0 1
    outer loop
      vertex 34.3827 10.0761 2
      vertex 34.3827 9.92388 2
      vertex 34.7071 9.70711 2
    endloop
  endfacet
  facet normal 0 -0 1
    outer loop
      vertex 34.3827 9.92388 2
      vertex 34.3827 10.0761 2
      vertex 34 10 2
    endloop
  endfacet
  facet normal -0 0 1
    outer loop
      vertex 0.999999 25 2
      vertex 0.617316 24.9239 2
      vertex 1 25 2
    endloop
  endfacet
  facet normal 0 0 1
    outer loop
      vertex 0.617316 25.0761 2
      vertex 0.617316 24.9239 2
      vertex 0.999999 25 2
    endloop
  endfacet
  facet normal 0 0 1
    outer loop
      vertex 0.292892 25.2929 2
      vertex 0.617316 24.9239 2
      vertex 0.617316 25.0761 2
    endloop
  endfacet
  facet normal 0 0 1
    outer loop
      vertex 0.292892 25.2929 2
      vertex 0.292892 24.7071 2
      vertex 0.617316 24.9239 2
    endloop
  endfacet
  facet normal 0 0 1
    outer loop
      vertex 0.0761204 25.6173 2
      vertex 0.292892 24.7071 2
      vertex 0.292892 25.2929 2
    endloop
  endfacet
  facet normal 0 0 1
    outer loop
      vertex 0.0761204 25.6173 2
      vertex 0.0761204 24.3827 2
      vertex 0.292892 24.7071 2
    endloop
  endfacet
  facet normal 0 0 1
    outer loop
      vertex 0 26 2
      vertex 0.0761204 24.3827 2
      vertex 0.0761204 25.6173 2
    endloop
  endfacet
  facet normal 0 0 1
    outer loop
      vertex 0.0761204 24.3827 2
      vertex 0 26 2
      vertex 0 24 2
    endloop
  endfacet
  facet normal -0 0 1
    outer loop
      vertex 0.999999 10 2
      vertex 0.617316 9.92388 2
      vertex 1 10 2
    endloop
  endfacet
  facet normal 0 0 1
    outer loop
      vertex 0.617316 10.0761 2
      vertex 0.617316 9.92388 2
      vertex 0.999999 10 2
    endloop
  endfacet
  facet normal 0 0 1
    outer loop
      vertex 0.292892 10.2929 2
      vertex 0.617316 9.92388 2
      vertex 0.617316 10.0761 2
    endloop
  endfacet
  facet normal 0 0 1
    outer loop
      vertex 0.292892 10.2929 2
      vertex 0.292892 9.70711 2
      vertex 0.617316 9.92388 2
    endloop
  endfacet
  facet normal 0 0 1
    outer loop
      vertex 0.0761204 10.6173 2
      vertex 0.292892 9.70711 2
      vertex 0.292892 10.2929 2
    endloop
  endfacet
  facet normal 0 0 1
    outer loop
      vertex 0.0761204 10.6173 2
      vertex 0.0761204 9.38268 2
      vertex 0.292892 9.70711 2
    endloop
  endfacet
  facet normal 0 0 1
    outer loop
      vertex 0 11 2
      vertex 0.0761204 9.38268 2
      vertex 0.0761204 10.6173 2
    endloop
  endfacet
  facet normal 0 0 1
    outer loop
      vertex 0.0761204 9.38268 2
      vertex 0 11 2
      vertex 0 9 2
    endloop
  endfacet
  facet normal 1 0 0
    outer loop
      vertex 35 9 8
      vertex 35 6 8
      vertex 35 9 2
    endloop
  endfacet
  facet normal 1 0 0
    outer loop
      vertex 35 14 4
      vertex 35 11 4
      vertex 35 14 2
    endloop
  endfacet
  facet normal 1 0 0
    outer loop
      vertex 35 24 4
      vertex 35 21 4
      vertex 35 24 2
    endloop
  endfacet
  facet normal 1 0 0
    outer loop
      vertex 35 29 8
      vertex 35 26 8
      vertex 35 29 2
    endloop
  endfacet
  facet normal 1 -0 0
    outer loop
      vertex 35 29 2
      vertex 35 35 0
      vertex 35 35 2
    endloop
  endfacet
  facet normal 1 0 0
    outer loop
      vertex 35 26 2
      vertex 35 29 2
      vertex 35 26 8
    endloop
  endfacet
  facet normal 1 -0 0
    outer loop
      vertex 35 26 2
      vertex 35 35 0
      vertex 35 29 2
    endloop
  endfacet
  facet normal 1 -0 0
    outer loop
      vertex 35 24 2
      vertex 35 35 0
      vertex 35 26 2
    endloop
  endfacet
  facet normal 1 0 0
    outer loop
      vertex 35 21 2
      vertex 35 24 2
      vertex 35 21 4
    endloop
  endfacet
  facet normal 1 -0 0
    outer loop
      vertex 35 21 2
      vertex 35 35 0
      vertex 35 24 2
    endloop
  endfacet
  facet normal 1 -0 0
    outer loop
      vertex 35 14 2
      vertex 35 35 0
      vertex 35 21 2
    endloop
  endfacet
  facet normal 1 0 0
    outer loop
      vertex 35 11 2
      vertex 35 14 2
      vertex 35 11 4
    endloop
  endfacet
  facet normal 1 0 0
    outer loop
      vertex 35 0 0
      vertex 35 14 2
      vertex 35 11 2
    endloop
  endfacet
  facet normal 1 0 0
    outer loop
      vertex 35 0 0
      vertex 35 11 2
      vertex 35 9 2
    endloop
  endfacet
  facet normal 1 0 0
    outer loop
      vertex 35 6 2
      vertex 35 9 2
      vertex 35 6 8
    endloop
  endfacet
  facet normal 1 0 0
    outer loop
      vertex 35 0 0
      vertex 35 9 2
      vertex 35 6 2
    endloop
  endfacet
  facet normal 1 0 0
    outer loop
      vertex 35 0 0
      vertex 35 6 2
      vertex 35 0 2
    endloop
  endfacet
  facet normal 1 0 0
    outer loop
      vertex 35 14 2
      vertex 35 0 0
      vertex 35 35 0
    endloop
  endfacet
  facet normal 0 1 -0
    outer loop
      vertex 35 35 0
      vertex 0 35 2
      vertex 35 35 2
    endloop
  endfacet
  facet normal 0 1 0
    outer loop
      vertex 0 35 2
      vertex 35 35 0
      vertex 0 35 0
    endloop
  endfacet
  facet normal -0 0 -1
    outer loop
      vertex 12.5761 13.1173 0
      vertex 3.07402 3.88582 0
      vertex 12.5 13.5 0
    endloop
  endfacet
  facet normal 0 0 -1
    outer loop
      vertex 12.5 21.5 0
      vertex 3.88582 31.926 0
      vertex 4 32.5 0
    endloop
  endfacet
  facet normal 0 0 -1
    outer loop
      vertex 2.5 4 0
      vertex 12.5 13.5 0
      vertex 3.07402 3.88582 0
    endloop
  endfacet
  facet normal 0 0 -1
    outer loop
      vertex 12.5 21.5 0
      vertex 3.56066 31.4393 0
      vertex 3.88582 31.926 0
    endloop
  endfacet
  facet normal 0 0 -1
    outer loop
      vertex 1.92597 3.88582 0
      vertex 12.5 13.5 0
      vertex 2.5 4 0
    endloop
  endfacet
  facet normal 0 0 -1
    outer loop
      vertex 12.5 21.5 0
      vertex 3.07402 31.1142 0
      vertex 3.56066 31.4393 0
    endloop
  endfacet
  facet normal -0 0 -1
    outer loop
      vertex 12.5 13.5 0
      vertex 1.92597 3.88582 0
      vertex 12.5 21.5 0
    endloop
  endfacet
  facet normal 0 0 -1
    outer loop
      vertex 12.5 21.5 0
      vertex 2.5 31 0
      vertex 3.07402 31.1142 0
    endloop
  endfacet
  facet normal 0 0 -1
    outer loop
      vertex 1.92597 31.1142 0
      vertex 12.5 21.5 0
      vertex 1.92597 3.88582 0
    endloop
  endfacet
  facet normal 0 0 -1
    outer loop
      vertex 12.5 21.5 0
      vertex 1.92597 31.1142 0
      vertex 2.5 31 0
    endloop
  endfacet
  facet normal 0 0 -1
    outer loop
      vertex 1.43934 3.56066 0
      vertex 1.92597 31.1142 0
      vertex 1.92597 3.88582 0
    endloop
  endfacet
  facet normal 0 0 -1
    outer loop
      vertex 1.43934 3.56066 0
      vertex 1.43934 31.4393 0
      vertex 1.92597 31.1142 0
    endloop
  endfacet
  facet normal 0 0 -1
    outer loop
      vertex 1.11418 3.07402 0
      vertex 1.43934 31.4393 0
      vertex 1.43934 3.56066 0
    endloop
  endfacet
  facet normal 0 0 -1
    outer loop
      vertex 1.11418 3.07402 0
      vertex 1.11418 31.926 0
      vertex 1.43934 31.4393 0
    endloop
  endfacet
  facet normal 0 0 -1
    outer loop
      vertex 0 0 0
      vertex 1.11418 3.07402 0
      vertex 1 2.5 0
    endloop
  endfacet
  facet normal -0 0 -1
    outer loop
      vertex 1.11418 3.07402 0
      vertex 0 0 0
      vertex 1.11418 31.926 0
    endloop
  endfacet
  facet normal 0 0 -1
    outer loop
      vertex 33.8858 31.926 0
      vertex 35 35 0
      vertex 33.8858 3.07402 0
    endloop
  endfacet
  facet normal 0 0 -1
    outer loop
      vertex 35 35 0
      vertex 33.8858 31.926 0
      vertex 34 32.5 0
    endloop
  endfacet
  facet normal 0 0 -1
    outer loop
      vertex 33.5607 3.56066 0
      vertex 33.8858 31.926 0
      vertex 33.8858 3.07402 0
    endloop
  endfacet
  facet normal 0 0 -1
    outer loop
      vertex 33.5607 3.56066 0
      vertex 33.5607 31.4393 0
      vertex 33.8858 31.926 0
    endloop
  endfacet
  facet normal 0 0 -1
    outer loop
      vertex 33.074 3.88582 0
      vertex 33.5607 31.4393 0
      vertex 33.5607 3.56066 0
    endloop
  endfacet
  facet normal 0 0 -1
    outer loop
      vertex 33.074 3.88582 0
      vertex 33.074 31.1142 0
      vertex 33.5607 31.4393 0
    endloop
  endfacet
  facet normal 0 0 -1
    outer loop
      vertex 22.5 13.5 0
      vertex 33.074 3.88582 0
      vertex 32.5 4 0
    endloop
  endfacet
  facet normal 0 0 -1
    outer loop
      vertex 33.074 3.88582 0
      vertex 22.5 13.5 0
      vertex 33.074 31.1142 0
    endloop
  endfacet
  facet normal 0 0 -1
    outer loop
      vertex 22.5 13.5 0
      vertex 32.5 4 0
      vertex 31.926 3.88582 0
    endloop
  endfacet
  facet normal 0 0 -1
    outer loop
      vertex 22.5 21.5 0
      vertex 33.074 31.1142 0
      vertex 22.5 13.5 0
    endloop
  endfacet
  facet normal 0 0 -1
    outer loop
      vertex 22.4239 13.1173 0
      vertex 31.926 3.88582 0
      vertex 31.4393 3.56066 0
    endloop
  endfacet
  facet normal 0 0 -1
    outer loop
      vertex 33.074 31.1142 0
      vertex 22.5 21.5 0
      vertex 32.5 31 0
    endloop
  endfacet
  facet normal 0 0 -1
    outer loop
      vertex 21.8827 12.5761 0
      vertex 31.4393 3.56066 0
      vertex 31.1142 3.07402 0
    endloop
  endfacet
  facet normal -0 0 -1
    outer loop
      vertex 32.5 31 0
      vertex 22.5 21.5 0
      vertex 31.926 31.1142 0
    endloop
  endfacet
  facet normal 0 0 -1
    outer loop
      vertex 21.5 12.5 0
      vertex 31.1142 3.07402 0
      vertex 31 2.5 0
    endloop
  endfacet
  facet normal 0 0 -1
    outer loop
      vertex 22.4239 21.8827 0
      vertex 31.926 31.1142 0
      vertex 22.5 21.5 0
    endloop
  endfacet
  facet normal 0 0 -1
    outer loop
      vertex 33.8858 3.07402 0
      vertex 35 0 0
      vertex 34 2.5 0
    endloop
  endfacet
  facet normal 0 0 -1
    outer loop
      vertex 35 0 0
      vertex 33.8858 1.92597 0
      vertex 34 2.5 0
    endloop
  endfacet
  facet normal 0 0 -1
    outer loop
      vertex 35 0 0
      vertex 33.5607 1.43934 0
      vertex 33.8858 1.92597 0
    endloop
  endfacet
  facet normal 0 0 -1
    outer loop
      vertex 35 0 0
      vertex 33.074 1.11418 0
      vertex 33.5607 1.43934 0
    endloop
  endfacet
  facet normal 0 0 -1
    outer loop
      vertex 35 0 0
      vertex 32.5 1 0
      vertex 33.074 1.11418 0
    endloop
  endfacet
  facet normal 0 0 -1
    outer loop
      vertex 35 0 0
      vertex 31.926 1.11418 0
      vertex 32.5 1 0
    endloop
  endfacet
  facet normal -0 0 -1
    outer loop
      vertex 31.926 31.1142 0
      vertex 22.4239 21.8827 0
      vertex 31.4393 31.4393 0
    endloop
  endfacet
  facet normal 0 0 -1
    outer loop
      vertex 21.5 12.5 0
      vertex 31 2.5 0
      vertex 31.1142 1.92597 0
    endloop
  endfacet
  facet normal 0 0 -1
    outer loop
      vertex 3.88582 1.92597 0
      vertex 31.1142 1.92597 0
      vertex 31.4393 1.43934 0
    endloop
  endfacet
  facet normal 0 0 -1
    outer loop
      vertex 31.926 3.88582 0
      vertex 22.4239 13.1173 0
      vertex 22.5 13.5 0
    endloop
  endfacet
  facet normal 0 0 -1
    outer loop
      vertex 31.4393 3.56066 0
      vertex 22.2071 12.7929 0
      vertex 22.4239 13.1173 0
    endloop
  endfacet
  facet normal 0 0 -1
    outer loop
      vertex 31.4393 3.56066 0
      vertex 21.8827 12.5761 0
      vertex 22.2071 12.7929 0
    endloop
  endfacet
  facet normal 0 0 -1
    outer loop
      vertex 31.1142 3.07402 0
      vertex 21.5 12.5 0
      vertex 21.8827 12.5761 0
    endloop
  endfacet
  facet normal 0 0 -1
    outer loop
      vertex 31.1142 1.92597 0
      vertex 3.88582 1.92597 0
      vertex 21.5 12.5 0
    endloop
  endfacet
  facet normal 0 0 -1
    outer loop
      vertex 3.56066 1.43934 0
      vertex 31.4393 1.43934 0
      vertex 31.926 1.11418 0
    endloop
  endfacet
  facet normal -0 0 -1
    outer loop
      vertex 21.5 12.5 0
      vertex 3.88582 1.92597 0
      vertex 13.5 12.5 0
    endloop
  endfacet
  facet normal -0 0 -1
    outer loop
      vertex 12.7929 12.7929 0
      vertex 3.56066 3.56066 0
      vertex 12.5761 13.1173 0
    endloop
  endfacet
  facet normal -0 0 -1
    outer loop
      vertex 13.1173 12.5761 0
      vertex 3.56066 3.56066 0
      vertex 12.7929 12.7929 0
    endloop
  endfacet
  facet normal 0 0 -1
    outer loop
      vertex 3.56066 3.56066 0
      vertex 13.1173 12.5761 0
      vertex 3.88582 3.07402 0
    endloop
  endfacet
  facet normal -0 0 -1
    outer loop
      vertex 13.5 12.5 0
      vertex 3.88582 3.07402 0
      vertex 13.1173 12.5761 0
    endloop
  endfacet
  facet normal 0 -0 -1
    outer loop
      vertex 4 2.5 0
      vertex 13.5 12.5 0
      vertex 3.88582 1.92597 0
    endloop
  endfacet
  facet normal 0 0 -1
    outer loop
      vertex 3.07402 1.11418 0
      vertex 31.926 1.11418 0
      vertex 35 0 0
    endloop
  endfacet
  facet normal 0 0 -1
    outer loop
      vertex 3.88582 3.07402 0
      vertex 13.5 12.5 0
      vertex 4 2.5 0
    endloop
  endfacet
  facet normal 0 0 -1
    outer loop
      vertex 31.4393 1.43934 0
      vertex 3.56066 1.43934 0
      vertex 3.88582 1.92597 0
    endloop
  endfacet
  facet normal 0 0 -1
    outer loop
      vertex 31.926 1.11418 0
      vertex 3.07402 1.11418 0
      vertex 3.56066 1.43934 0
    endloop
  endfacet
  facet normal 0 0 -1
    outer loop
      vertex 0 0 0
      vertex 3.07402 1.11418 0
      vertex 35 0 0
    endloop
  endfacet
  facet normal 0 0 -1
    outer loop
      vertex 0 35 0
      vertex 1.11418 31.926 0
      vertex 0 0 0
    endloop
  endfacet
  facet normal -0 0 -1
    outer loop
      vertex 1.11418 1.92597 0
      vertex 0 0 0
      vertex 1 2.5 0
    endloop
  endfacet
  facet normal -0 0 -1
    outer loop
      vertex 1.43934 1.43934 0
      vertex 0 0 0
      vertex 1.11418 1.92597 0
    endloop
  endfacet
  facet normal -0 0 -1
    outer loop
      vertex 1.92597 1.11418 0
      vertex 0 0 0
      vertex 1.43934 1.43934 0
    endloop
  endfacet
  facet normal -0 0 -1
    outer loop
      vertex 2.5 1 0
      vertex 0 0 0
      vertex 1.92597 1.11418 0
    endloop
  endfacet
  facet normal 0 0 -1
    outer loop
      vertex 3.07402 1.11418 0
      vertex 0 0 0
      vertex 2.5 1 0
    endloop
  endfacet
  facet normal 0 0 -1
    outer loop
      vertex 35 0 0
      vertex 33.8858 3.07402 0
      vertex 35 35 0
    endloop
  endfacet
  facet normal 0 0 -1
    outer loop
      vertex 33.8858 33.074 0
      vertex 35 35 0
      vertex 34 32.5 0
    endloop
  endfacet
  facet normal 0 0 -1
    outer loop
      vertex 33.5607 33.5607 0
      vertex 35 35 0
      vertex 33.8858 33.074 0
    endloop
  endfacet
  facet normal 0 0 -1
    outer loop
      vertex 33.074 33.8858 0
      vertex 35 35 0
      vertex 33.5607 33.5607 0
    endloop
  endfacet
  facet normal 0 0 -1
    outer loop
      vertex 32.5 34 0
      vertex 35 35 0
      vertex 33.074 33.8858 0
    endloop
  endfacet
  facet normal 0 0 -1
    outer loop
      vertex 31.926 33.8858 0
      vertex 35 35 0
      vertex 32.5 34 0
    endloop
  endfacet
  facet normal 0 0 -1
    outer loop
      vertex 22.2071 22.2071 0
      vertex 31.4393 31.4393 0
      vertex 22.4239 21.8827 0
    endloop
  endfacet
  facet normal 0 0 -1
    outer loop
      vertex 21.8827 22.4239 0
      vertex 31.4393 31.4393 0
      vertex 22.2071 22.2071 0
    endloop
  endfacet
  facet normal -0 0 -1
    outer loop
      vertex 31.4393 31.4393 0
      vertex 21.8827 22.4239 0
      vertex 31.1142 31.926 0
    endloop
  endfacet
  facet normal 0 0 -1
    outer loop
      vertex 21.5 22.5 0
      vertex 31.1142 31.926 0
      vertex 21.8827 22.4239 0
    endloop
  endfacet
  facet normal -0 0 -1
    outer loop
      vertex 31.1142 31.926 0
      vertex 21.5 22.5 0
      vertex 31 32.5 0
    endloop
  endfacet
  facet normal -0 0 -1
    outer loop
      vertex 31 32.5 0
      vertex 21.5 22.5 0
      vertex 31.1142 33.074 0
    endloop
  endfacet
  facet normal 0 0 -1
    outer loop
      vertex 3.88582 33.074 0
      vertex 31.1142 33.074 0
      vertex 21.5 22.5 0
    endloop
  endfacet
  facet normal 0 0 -1
    outer loop
      vertex 3.88582 33.074 0
      vertex 21.5 22.5 0
      vertex 13.5 22.5 0
    endloop
  endfacet
  facet normal 0 0 -1
    outer loop
      vertex 31.1142 33.074 0
      vertex 3.88582 33.074 0
      vertex 31.4393 33.5607 0
    endloop
  endfacet
  facet normal 0 0 -1
    outer loop
      vertex 4 32.5 0
      vertex 13.5 22.5 0
      vertex 13.1173 22.4239 0
    endloop
  endfacet
  facet normal 0 0 -1
    outer loop
      vertex 3.07402 3.88582 0
      vertex 12.5761 13.1173 0
      vertex 3.56066 3.56066 0
    endloop
  endfacet
  facet normal 0 0 -1
    outer loop
      vertex 12.5 21.5 0
      vertex 4 32.5 0
      vertex 12.5761 21.8827 0
    endloop
  endfacet
  facet normal 0 0 -1
    outer loop
      vertex 4 32.5 0
      vertex 12.7929 22.2071 0
      vertex 12.5761 21.8827 0
    endloop
  endfacet
  facet normal 0 0 -1
    outer loop
      vertex 4 32.5 0
      vertex 13.1173 22.4239 0
      vertex 12.7929 22.2071 0
    endloop
  endfacet
  facet normal 0 0 -1
    outer loop
      vertex 13.5 22.5 0
      vertex 4 32.5 0
      vertex 3.88582 33.074 0
    endloop
  endfacet
  facet normal 0 0 -1
    outer loop
      vertex 3.56066 33.5607 0
      vertex 31.4393 33.5607 0
      vertex 3.88582 33.074 0
    endloop
  endfacet
  facet normal 0 0 -1
    outer loop
      vertex 31.4393 33.5607 0
      vertex 3.56066 33.5607 0
      vertex 31.926 33.8858 0
    endloop
  endfacet
  facet normal 0 0 -1
    outer loop
      vertex 3.07402 33.8858 0
      vertex 31.926 33.8858 0
      vertex 3.56066 33.5607 0
    endloop
  endfacet
  facet normal 0 0 -1
    outer loop
      vertex 31.926 33.8858 0
      vertex 3.07402 33.8858 0
      vertex 35 35 0
    endloop
  endfacet
  facet normal 0 0 -1
    outer loop
      vertex 0 35 0
      vertex 3.07402 33.8858 0
      vertex 2.5 34 0
    endloop
  endfacet
  facet normal 0 0 -1
    outer loop
      vertex 3.07402 33.8858 0
      vertex 0 35 0
      vertex 35 35 0
    endloop
  endfacet
  facet normal 0 0 -1
    outer loop
      vertex 1.92597 33.8858 0
      vertex 0 35 0
      vertex 2.5 34 0
    endloop
  endfacet
  facet normal 0 0 -1
    outer loop
      vertex 1.43934 33.5607 0
      vertex 0 35 0
      vertex 1.92597 33.8858 0
    endloop
  endfacet
  facet normal 0 0 -1
    outer loop
      vertex 1.11418 33.074 0
      vertex 0 35 0
      vertex 1.43934 33.5607 0
    endloop
  endfacet
  facet normal 0 0 -1
    outer loop
      vertex 1 32.5 0
      vertex 0 35 0
      vertex 1.11418 33.074 0
    endloop
  endfacet
  facet normal 0 0 -1
    outer loop
      vertex 1.11418 31.926 0
      vertex 0 35 0
      vertex 1 32.5 0
    endloop
  endfacet
  facet normal 0 -1 0
    outer loop
      vertex 0 0 0
      vertex 35 0 2
      vertex 0 0 2
    endloop
  endfacet
  facet normal 0 -1 -0
    outer loop
      vertex 35 0 2
      vertex 0 0 0
      vertex 35 0 0
    endloop
  endfacet
  facet normal -0.831419 0.555646 0
    outer loop
      vertex 22.2071 12.7929 0
      vertex 22.4239 13.1173 2
      vertex 22.4239 13.1173 0
    endloop
  endfacet
  facet normal -0.831419 0.555646 0
    outer loop
      vertex 22.4239 13.1173 2
      vertex 22.2071 12.7929 0
      vertex 22.2071 12.7929 2
    endloop
  endfacet
  facet normal 0.980797 0.195032 0
    outer loop
      vertex 12.5761 13.1173 2
      vertex 12.5 13.5 0
      vertex 12.5 13.5 2
    endloop
  endfacet
  facet normal 0.980797 0.195032 0
    outer loop
      vertex 12.5 13.5 0
      vertex 12.5761 13.1173 2
      vertex 12.5761 13.1173 0
    endloop
  endfacet
  facet normal 0 1 -0
    outer loop
      vertex 21.5 12.5 0
      vertex 13.5 12.5 2
      vertex 21.5 12.5 2
    endloop
  endfacet
  facet normal 0 1 0
    outer loop
      vertex 13.5 12.5 2
      vertex 21.5 12.5 0
      vertex 13.5 12.5 0
    endloop
  endfacet
  facet normal 0.831419 0.555646 0
    outer loop
      vertex 12.7929 12.7929 2
      vertex 12.5761 13.1173 0
      vertex 12.5761 13.1173 2
    endloop
  endfacet
  facet normal 0.831419 0.555646 0
    outer loop
      vertex 12.5761 13.1173 0
      vertex 12.7929 12.7929 2
      vertex 12.7929 12.7929 0
    endloop
  endfacet
  facet normal 0.555646 0.831419 -0
    outer loop
      vertex 13.1173 12.5761 0
      vertex 12.7929 12.7929 2
      vertex 13.1173 12.5761 2
    endloop
  endfacet
  facet normal 0.555646 0.831419 0
    outer loop
      vertex 12.7929 12.7929 2
      vertex 13.1173 12.5761 0
      vertex 12.7929 12.7929 0
    endloop
  endfacet
  facet normal -0.831419 -0.555646 0
    outer loop
      vertex 22.4239 21.8827 0
      vertex 22.2071 22.2071 2
      vertex 22.2071 22.2071 0
    endloop
  endfacet
  facet normal -0.831419 -0.555646 0
    outer loop
      vertex 22.2071 22.2071 2
      vertex 22.4239 21.8827 0
      vertex 22.4239 21.8827 2
    endloop
  endfacet
  facet normal 0 -1 0
    outer loop
      vertex 13.5 22.5 0
      vertex 21.5 22.5 2
      vertex 13.5 22.5 2
    endloop
  endfacet
  facet normal 0 -1 -0
    outer loop
      vertex 21.5 22.5 2
      vertex 13.5 22.5 0
      vertex 21.5 22.5 0
    endloop
  endfacet
  facet normal 1 -0 0
    outer loop
      vertex 12.5 13.5 2
      vertex 12.5 21.5 0
      vertex 12.5 21.5 2
    endloop
  endfacet
  facet normal 1 0 0
    outer loop
      vertex 12.5 21.5 0
      vertex 12.5 13.5 2
      vertex 12.5 13.5 0
    endloop
  endfacet
  facet normal 0.980797 -0.195032 0
    outer loop
      vertex 12.5 21.5 2
      vertex 12.5761 21.8827 0
      vertex 12.5761 21.8827 2
    endloop
  endfacet
  facet normal 0.980797 -0.195032 0
    outer loop
      vertex 12.5761 21.8827 0
      vertex 12.5 21.5 2
      vertex 12.5 21.5 0
    endloop
  endfacet
  facet normal 0.831419 -0.555646 0
    outer loop
      vertex 12.5761 21.8827 2
      vertex 12.7929 22.2071 0
      vertex 12.7929 22.2071 2
    endloop
  endfacet
  facet normal 0.831419 -0.555646 0
    outer loop
      vertex 12.7929 22.2071 0
      vertex 12.5761 21.8827 2
      vertex 12.5761 21.8827 0
    endloop
  endfacet
  facet normal -0.195032 0.980797 0
    outer loop
      vertex 21.8827 12.5761 0
      vertex 21.5 12.5 2
      vertex 21.8827 12.5761 2
    endloop
  endfacet
  facet normal -0.195032 0.980797 0
    outer loop
      vertex 21.5 12.5 2
      vertex 21.8827 12.5761 0
      vertex 21.5 12.5 0
    endloop
  endfacet
  facet normal 0.195032 0.980797 -0
    outer loop
      vertex 13.5 12.5 0
      vertex 13.1173 12.5761 2
      vertex 13.5 12.5 2
    endloop
  endfacet
  facet normal 0.195032 0.980797 0
    outer loop
      vertex 13.1173 12.5761 2
      vertex 13.5 12.5 0
      vertex 13.1173 12.5761 0
    endloop
  endfacet
  facet normal -0.980797 -0.195032 0
    outer loop
      vertex 22.5 21.5 0
      vertex 22.4239 21.8827 2
      vertex 22.4239 21.8827 0
    endloop
  endfacet
  facet normal -0.980797 -0.195032 0
    outer loop
      vertex 22.4239 21.8827 2
      vertex 22.5 21.5 0
      vertex 22.5 21.5 2
    endloop
  endfacet
  facet normal 0.555646 -0.831419 0
    outer loop
      vertex 12.7929 22.2071 0
      vertex 13.1173 22.4239 2
      vertex 12.7929 22.2071 2
    endloop
  endfacet
  facet normal 0.555646 -0.831419 0
    outer loop
      vertex 13.1173 22.4239 2
      vertex 12.7929 22.2071 0
      vertex 13.1173 22.4239 0
    endloop
  endfacet
  facet normal 0.195032 -0.980797 0
    outer loop
      vertex 13.1173 22.4239 0
      vertex 13.5 22.5 2
      vertex 13.1173 22.4239 2
    endloop
  endfacet
  facet normal 0.195032 -0.980797 0
    outer loop
      vertex 13.5 22.5 2
      vertex 13.1173 22.4239 0
      vertex 13.5 22.5 0
    endloop
  endfacet
  facet normal -0.555646 0.831419 0
    outer loop
      vertex 22.2071 12.7929 0
      vertex 21.8827 12.5761 2
      vertex 22.2071 12.7929 2
    endloop
  endfacet
  facet normal -0.555646 0.831419 0
    outer loop
      vertex 21.8827 12.5761 2
      vertex 22.2071 12.7929 0
      vertex 21.8827 12.5761 0
    endloop
  endfacet
  facet normal -1 0 0
    outer loop
      vertex 22.5 13.5 0
      vertex 22.5 21.5 2
      vertex 22.5 21.5 0
    endloop
  endfacet
  facet normal -1 -0 0
    outer loop
      vertex 22.5 21.5 2
      vertex 22.5 13.5 0
      vertex 22.5 13.5 2
    endloop
  endfacet
  facet normal -0.195032 -0.980797 0
    outer loop
      vertex 21.5 22.5 0
      vertex 21.8827 22.4239 2
      vertex 21.5 22.5 2
    endloop
  endfacet
  facet normal -0.195032 -0.980797 -0
    outer loop
      vertex 21.8827 22.4239 2
      vertex 21.5 22.5 0
      vertex 21.8827 22.4239 0
    endloop
  endfacet
  facet normal -0.555646 -0.831419 0
    outer loop
      vertex 21.8827 22.4239 0
      vertex 22.2071 22.2071 2
      vertex 21.8827 22.4239 2
    endloop
  endfacet
  facet normal -0.555646 -0.831419 -0
    outer loop
      vertex 22.2071 22.2071 2
      vertex 21.8827 22.4239 0
      vertex 22.2071 22.2071 0
    endloop
  endfacet
  facet normal -0.980797 0.195032 0
    outer loop
      vertex 22.4239 13.1173 0
      vertex 22.5 13.5 2
      vertex 22.5 13.5 0
    endloop
  endfacet
  facet normal -0.980797 0.195032 0
    outer loop
      vertex 22.5 13.5 2
      vertex 22.4239 13.1173 0
      vertex 22.4239 13.1173 2
    endloop
  endfacet
  facet normal -0.980785 -0.195091 0
    outer loop
      vertex 4 2.5 0
      vertex 3.88582 3.07402 2
      vertex 3.88582 3.07402 0
    endloop
  endfacet
  facet normal -0.980785 -0.195091 0
    outer loop
      vertex 3.88582 3.07402 2
      vertex 4 2.5 0
      vertex 4 2.5 2
    endloop
  endfacet
  facet normal 0.195088 -0.980786 0
    outer loop
      vertex 1.92597 3.88582 0
      vertex 2.5 4 2
      vertex 1.92597 3.88582 2
    endloop
  endfacet
  facet normal 0.195088 -0.980786 0
    outer loop
      vertex 2.5 4 2
      vertex 1.92597 3.88582 0
      vertex 2.5 4 0
    endloop
  endfacet
  facet normal -0.555567 0.831472 0
    outer loop
      vertex 3.56066 1.43934 0
      vertex 3.07402 1.11418 2
      vertex 3.56066 1.43934 2
    endloop
  endfacet
  facet normal -0.555567 0.831472 0
    outer loop
      vertex 3.07402 1.11418 2
      vertex 3.56066 1.43934 0
      vertex 3.07402 1.11418 0
    endloop
  endfacet
  facet normal -0.555567 -0.831472 0
    outer loop
      vertex 3.07402 3.88582 0
      vertex 3.56066 3.56066 2
      vertex 3.07402 3.88582 2
    endloop
  endfacet
  facet normal -0.555567 -0.831472 -0
    outer loop
      vertex 3.56066 3.56066 2
      vertex 3.07402 3.88582 0
      vertex 3.56066 3.56066 0
    endloop
  endfacet
  facet normal -0.831472 -0.555567 0
    outer loop
      vertex 3.88582 3.07402 0
      vertex 3.56066 3.56066 2
      vertex 3.56066 3.56066 0
    endloop
  endfacet
  facet normal -0.831472 -0.555567 0
    outer loop
      vertex 3.56066 3.56066 2
      vertex 3.88582 3.07402 0
      vertex 3.88582 3.07402 2
    endloop
  endfacet
  facet normal -0.195091 -0.980785 0
    outer loop
      vertex 2.5 4 0
      vertex 3.07402 3.88582 2
      vertex 2.5 4 2
    endloop
  endfacet
  facet normal -0.195091 -0.980785 -0
    outer loop
      vertex 3.07402 3.88582 2
      vertex 2.5 4 0
      vertex 3.07402 3.88582 0
    endloop
  endfacet
  facet normal 0.831472 -0.555567 0
    outer loop
      vertex 1.11418 3.07402 2
      vertex 1.43934 3.56066 0
      vertex 1.43934 3.56066 2
    endloop
  endfacet
  facet normal 0.831472 -0.555567 0
    outer loop
      vertex 1.43934 3.56066 0
      vertex 1.11418 3.07402 2
      vertex 1.11418 3.07402 0
    endloop
  endfacet
  facet normal 0.980785 -0.195091 0
    outer loop
      vertex 1 2.5 2
      vertex 1.11418 3.07402 0
      vertex 1.11418 3.07402 2
    endloop
  endfacet
  facet normal 0.980785 -0.195091 0
    outer loop
      vertex 1.11418 3.07402 0
      vertex 1 2.5 2
      vertex 1 2.5 0
    endloop
  endfacet
  facet normal 0.555575 -0.831466 0
    outer loop
      vertex 1.43934 3.56066 0
      vertex 1.92597 3.88582 2
      vertex 1.43934 3.56066 2
    endloop
  endfacet
  facet normal 0.555575 -0.831466 0
    outer loop
      vertex 1.92597 3.88582 2
      vertex 1.43934 3.56066 0
      vertex 1.92597 3.88582 0
    endloop
  endfacet
  facet normal -0.980786 0.195088 0
    outer loop
      vertex 3.88582 1.92597 0
      vertex 4 2.5 2
      vertex 4 2.5 0
    endloop
  endfacet
  facet normal -0.980786 0.195088 0
    outer loop
      vertex 4 2.5 2
      vertex 3.88582 1.92597 0
      vertex 3.88582 1.92597 2
    endloop
  endfacet
  facet normal 0.195088 0.980786 -0
    outer loop
      vertex 2.5 1 0
      vertex 1.92597 1.11418 2
      vertex 2.5 1 2
    endloop
  endfacet
  facet normal 0.195088 0.980786 0
    outer loop
      vertex 1.92597 1.11418 2
      vertex 2.5 1 0
      vertex 1.92597 1.11418 0
    endloop
  endfacet
  facet normal 0.831466 0.555575 0
    outer loop
      vertex 1.43934 1.43934 2
      vertex 1.11418 1.92597 0
      vertex 1.11418 1.92597 2
    endloop
  endfacet
  facet normal 0.831466 0.555575 0
    outer loop
      vertex 1.11418 1.92597 0
      vertex 1.43934 1.43934 2
      vertex 1.43934 1.43934 0
    endloop
  endfacet
  facet normal 0.980786 0.195088 0
    outer loop
      vertex 1.11418 1.92597 2
      vertex 1 2.5 0
      vertex 1 2.5 2
    endloop
  endfacet
  facet normal 0.980786 0.195088 0
    outer loop
      vertex 1 2.5 0
      vertex 1.11418 1.92597 2
      vertex 1.11418 1.92597 0
    endloop
  endfacet
  facet normal -0.831466 0.555575 0
    outer loop
      vertex 3.56066 1.43934 0
      vertex 3.88582 1.92597 2
      vertex 3.88582 1.92597 0
    endloop
  endfacet
  facet normal -0.831466 0.555575 0
    outer loop
      vertex 3.88582 1.92597 2
      vertex 3.56066 1.43934 0
      vertex 3.56066 1.43934 2
    endloop
  endfacet
  facet normal -0.195091 0.980785 0
    outer loop
      vertex 3.07402 1.11418 0
      vertex 2.5 1 2
      vertex 3.07402 1.11418 2
    endloop
  endfacet
  facet normal -0.195091 0.980785 0
    outer loop
      vertex 2.5 1 2
      vertex 3.07402 1.11418 0
      vertex 2.5 1 0
    endloop
  endfacet
  facet normal 0.555575 0.831466 -0
    outer loop
      vertex 1.92597 1.11418 0
      vertex 1.43934 1.43934 2
      vertex 1.92597 1.11418 2
    endloop
  endfacet
  facet normal 0.555575 0.831466 0
    outer loop
      vertex 1.43934 1.43934 2
      vertex 1.92597 1.11418 0
      vertex 1.43934 1.43934 0
    endloop
  endfacet
  facet normal -0.980779 -0.195124 0
    outer loop
      vertex 34 2.5 0
      vertex 33.8858 3.07402 2
      vertex 33.8858 3.07402 0
    endloop
  endfacet
  facet normal -0.980779 -0.195124 0
    outer loop
      vertex 33.8858 3.07402 2
      vertex 34 2.5 0
      vertex 34 2.5 2
    endloop
  endfacet
  facet normal 0.980779 0.19512 0
    outer loop
      vertex 31.1142 1.92597 2
      vertex 31 2.5 0
      vertex 31 2.5 2
    endloop
  endfacet
  facet normal 0.980779 0.19512 0
    outer loop
      vertex 31 2.5 0
      vertex 31.1142 1.92597 2
      vertex 31.1142 1.92597 0
    endloop
  endfacet
  facet normal 0.195097 -0.980784 0
    outer loop
      vertex 31.926 3.88582 0
      vertex 32.5 4 2
      vertex 31.926 3.88582 2
    endloop
  endfacet
  facet normal 0.195097 -0.980784 0
    outer loop
      vertex 32.5 4 2
      vertex 31.926 3.88582 0
      vertex 32.5 4 0
    endloop
  endfacet
  facet normal -0.195097 0.980784 0
    outer loop
      vertex 33.074 1.11418 0
      vertex 32.5 1 2
      vertex 33.074 1.11418 2
    endloop
  endfacet
  facet normal -0.195097 0.980784 0
    outer loop
      vertex 32.5 1 2
      vertex 33.074 1.11418 0
      vertex 32.5 1 0
    endloop
  endfacet
  facet normal -0.55552 -0.831503 0
    outer loop
      vertex 33.074 3.88582 0
      vertex 33.5607 3.56066 2
      vertex 33.074 3.88582 2
    endloop
  endfacet
  facet normal -0.55552 -0.831503 -0
    outer loop
      vertex 33.5607 3.56066 2
      vertex 33.074 3.88582 0
      vertex 33.5607 3.56066 0
    endloop
  endfacet
  facet normal -0.831519 -0.555496 0
    outer loop
      vertex 33.8858 3.07402 0
      vertex 33.5607 3.56066 2
      vertex 33.5607 3.56066 0
    endloop
  endfacet
  facet normal -0.831519 -0.555496 0
    outer loop
      vertex 33.5607 3.56066 2
      vertex 33.8858 3.07402 0
      vertex 33.8858 3.07402 2
    endloop
  endfacet
  facet normal -0.195097 -0.980784 0
    outer loop
      vertex 32.5 4 0
      vertex 33.074 3.88582 2
      vertex 32.5 4 2
    endloop
  endfacet
  facet normal -0.195097 -0.980784 -0
    outer loop
      vertex 33.074 3.88582 2
      vertex 32.5 4 0
      vertex 33.074 3.88582 0
    endloop
  endfacet
  facet normal 0.831519 -0.555496 0
    outer loop
      vertex 31.1142 3.07402 2
      vertex 31.4393 3.56066 0
      vertex 31.4393 3.56066 2
    endloop
  endfacet
  facet normal 0.831519 -0.555496 0
    outer loop
      vertex 31.4393 3.56066 0
      vertex 31.1142 3.07402 2
      vertex 31.1142 3.07402 0
    endloop
  endfacet
  facet normal 0.980779 -0.195124 0
    outer loop
      vertex 31 2.5 2
      vertex 31.1142 3.07402 0
      vertex 31.1142 3.07402 2
    endloop
  endfacet
  facet normal 0.980779 -0.195124 0
    outer loop
      vertex 31.1142 3.07402 0
      vertex 31 2.5 2
      vertex 31 2.5 0
    endloop
  endfacet
  facet normal 0.55552 -0.831503 0
    outer loop
      vertex 31.4393 3.56066 0
      vertex 31.926 3.88582 2
      vertex 31.4393 3.56066 2
    endloop
  endfacet
  facet normal 0.55552 -0.831503 0
    outer loop
      vertex 31.926 3.88582 2
      vertex 31.4393 3.56066 0
      vertex 31.926 3.88582 0
    endloop
  endfacet
  facet normal -0.980779 0.19512 0
    outer loop
      vertex 33.8858 1.92597 0
      vertex 34 2.5 2
      vertex 34 2.5 0
    endloop
  endfacet
  facet normal -0.980779 0.19512 0
    outer loop
      vertex 34 2.5 2
      vertex 33.8858 1.92597 0
      vertex 33.8858 1.92597 2
    endloop
  endfacet
  facet normal -0.55552 0.831503 0
    outer loop
      vertex 33.5607 1.43934 0
      vertex 33.074 1.11418 2
      vertex 33.5607 1.43934 2
    endloop
  endfacet
  facet normal -0.55552 0.831503 0
    outer loop
      vertex 33.074 1.11418 2
      vertex 33.5607 1.43934 0
      vertex 33.074 1.11418 0
    endloop
  endfacet
  facet normal -0.831514 0.555504 0
    outer loop
      vertex 33.5607 1.43934 0
      vertex 33.8858 1.92597 2
      vertex 33.8858 1.92597 0
    endloop
  endfacet
  facet normal -0.831514 0.555504 0
    outer loop
      vertex 33.8858 1.92597 2
      vertex 33.5607 1.43934 0
      vertex 33.5607 1.43934 2
    endloop
  endfacet
  facet normal 0.195097 0.980784 -0
    outer loop
      vertex 32.5 1 0
      vertex 31.926 1.11418 2
      vertex 32.5 1 2
    endloop
  endfacet
  facet normal 0.195097 0.980784 0
    outer loop
      vertex 31.926 1.11418 2
      vertex 32.5 1 0
      vertex 31.926 1.11418 0
    endloop
  endfacet
  facet normal 0.55552 0.831503 -0
    outer loop
      vertex 31.926 1.11418 0
      vertex 31.4393 1.43934 2
      vertex 31.926 1.11418 2
    endloop
  endfacet
  facet normal 0.55552 0.831503 0
    outer loop
      vertex 31.4393 1.43934 2
      vertex 31.926 1.11418 0
      vertex 31.4393 1.43934 0
    endloop
  endfacet
  facet normal 0.831514 0.555504 0
    outer loop
      vertex 31.4393 1.43934 2
      vertex 31.1142 1.92597 0
      vertex 31.1142 1.92597 2
    endloop
  endfacet
  facet normal 0.831514 0.555504 0
    outer loop
      vertex 31.1142 1.92597 0
      vertex 31.4393 1.43934 2
      vertex 31.4393 1.43934 0
    endloop
  endfacet
  facet normal -0.980784 -0.195097 0
    outer loop
      vertex 4 32.5 0
      vertex 3.88582 33.074 2
      vertex 3.88582 33.074 0
    endloop
  endfacet
  facet normal -0.980784 -0.195097 0
    outer loop
      vertex 3.88582 33.074 2
      vertex 4 32.5 0
      vertex 4 32.5 2
    endloop
  endfacet
  facet normal 0.19512 -0.980779 0
    outer loop
      vertex 1.92597 33.8858 0
      vertex 2.5 34 2
      vertex 1.92597 33.8858 2
    endloop
  endfacet
  facet normal 0.19512 -0.980779 0
    outer loop
      vertex 2.5 34 2
      vertex 1.92597 33.8858 0
      vertex 2.5 34 0
    endloop
  endfacet
  facet normal -0.555496 -0.831519 0
    outer loop
      vertex 3.07402 33.8858 0
      vertex 3.56066 33.5607 2
      vertex 3.07402 33.8858 2
    endloop
  endfacet
  facet normal -0.555496 -0.831519 -0
    outer loop
      vertex 3.56066 33.5607 2
      vertex 3.07402 33.8858 0
      vertex 3.56066 33.5607 0
    endloop
  endfacet
  facet normal -0.831503 -0.55552 0
    outer loop
      vertex 3.88582 33.074 0
      vertex 3.56066 33.5607 2
      vertex 3.56066 33.5607 0
    endloop
  endfacet
  facet normal -0.831503 -0.55552 0
    outer loop
      vertex 3.56066 33.5607 2
      vertex 3.88582 33.074 0
      vertex 3.88582 33.074 2
    endloop
  endfacet
  facet normal -0.195124 -0.980779 0
    outer loop
      vertex 2.5 34 0
      vertex 3.07402 33.8858 2
      vertex 2.5 34 2
    endloop
  endfacet
  facet normal -0.195124 -0.980779 -0
    outer loop
      vertex 3.07402 33.8858 2
      vertex 2.5 34 0
      vertex 3.07402 33.8858 0
    endloop
  endfacet
  facet normal 0.831503 -0.55552 0
    outer loop
      vertex 1.11418 33.074 2
      vertex 1.43934 33.5607 0
      vertex 1.43934 33.5607 2
    endloop
  endfacet
  facet normal 0.831503 -0.55552 0
    outer loop
      vertex 1.43934 33.5607 0
      vertex 1.11418 33.074 2
      vertex 1.11418 33.074 0
    endloop
  endfacet
  facet normal 0.980784 -0.195097 0
    outer loop
      vertex 1 32.5 2
      vertex 1.11418 33.074 0
      vertex 1.11418 33.074 2
    endloop
  endfacet
  facet normal 0.980784 -0.195097 0
    outer loop
      vertex 1.11418 33.074 0
      vertex 1 32.5 2
      vertex 1 32.5 0
    endloop
  endfacet
  facet normal 0.555504 -0.831514 0
    outer loop
      vertex 1.43934 33.5607 0
      vertex 1.92597 33.8858 2
      vertex 1.43934 33.5607 2
    endloop
  endfacet
  facet normal 0.555504 -0.831514 0
    outer loop
      vertex 1.92597 33.8858 2
      vertex 1.43934 33.5607 0
      vertex 1.92597 33.8858 0
    endloop
  endfacet
  facet normal -0.980784 0.195097 0
    outer loop
      vertex 3.88582 31.926 0
      vertex 4 32.5 2
      vertex 4 32.5 0
    endloop
  endfacet
  facet normal -0.980784 0.195097 0
    outer loop
      vertex 4 32.5 2
      vertex 3.88582 31.926 0
      vertex 3.88582 31.926 2
    endloop
  endfacet
  facet normal 0.19512 0.980779 -0
    outer loop
      vertex 2.5 31 0
      vertex 1.92597 31.1142 2
      vertex 2.5 31 2
    endloop
  endfacet
  facet normal 0.19512 0.980779 0
    outer loop
      vertex 1.92597 31.1142 2
      vertex 2.5 31 0
      vertex 1.92597 31.1142 0
    endloop
  endfacet
  facet normal 0.831503 0.55552 0
    outer loop
      vertex 1.43934 31.4393 2
      vertex 1.11418 31.926 0
      vertex 1.11418 31.926 2
    endloop
  endfacet
  facet normal 0.831503 0.55552 0
    outer loop
      vertex 1.11418 31.926 0
      vertex 1.43934 31.4393 2
      vertex 1.43934 31.4393 0
    endloop
  endfacet
  facet normal 0.980784 0.195097 0
    outer loop
      vertex 1.11418 31.926 2
      vertex 1 32.5 0
      vertex 1 32.5 2
    endloop
  endfacet
  facet normal 0.980784 0.195097 0
    outer loop
      vertex 1 32.5 0
      vertex 1.11418 31.926 2
      vertex 1.11418 31.926 0
    endloop
  endfacet
  facet normal -0.831503 0.55552 0
    outer loop
      vertex 3.56066 31.4393 0
      vertex 3.88582 31.926 2
      vertex 3.88582 31.926 0
    endloop
  endfacet
  facet normal -0.831503 0.55552 0
    outer loop
      vertex 3.88582 31.926 2
      vertex 3.56066 31.4393 0
      vertex 3.56066 31.4393 2
    endloop
  endfacet
  facet normal -0.555496 0.831519 0
    outer loop
      vertex 3.56066 31.4393 0
      vertex 3.07402 31.1142 2
      vertex 3.56066 31.4393 2
    endloop
  endfacet
  facet normal -0.555496 0.831519 0
    outer loop
      vertex 3.07402 31.1142 2
      vertex 3.56066 31.4393 0
      vertex 3.07402 31.1142 0
    endloop
  endfacet
  facet normal -0.195124 0.980779 0
    outer loop
      vertex 3.07402 31.1142 0
      vertex 2.5 31 2
      vertex 3.07402 31.1142 2
    endloop
  endfacet
  facet normal -0.195124 0.980779 0
    outer loop
      vertex 2.5 31 2
      vertex 3.07402 31.1142 0
      vertex 2.5 31 0
    endloop
  endfacet
  facet normal 0.555504 0.831514 -0
    outer loop
      vertex 1.92597 31.1142 0
      vertex 1.43934 31.4393 2
      vertex 1.92597 31.1142 2
    endloop
  endfacet
  facet normal 0.555504 0.831514 0
    outer loop
      vertex 1.43934 31.4393 2
      vertex 1.92597 31.1142 0
      vertex 1.43934 31.4393 0
    endloop
  endfacet
  facet normal -0.980777 -0.19513 0
    outer loop
      vertex 34 32.5 0
      vertex 33.8858 33.074 2
      vertex 33.8858 33.074 0
    endloop
  endfacet
  facet normal -0.980777 -0.19513 0
    outer loop
      vertex 33.8858 33.074 2
      vertex 34 32.5 0
      vertex 34 32.5 2
    endloop
  endfacet
  facet normal 0.980777 0.19513 0
    outer loop
      vertex 31.1142 31.926 2
      vertex 31 32.5 0
      vertex 31 32.5 2
    endloop
  endfacet
  facet normal 0.980777 0.19513 0
    outer loop
      vertex 31 32.5 0
      vertex 31.1142 31.926 2
      vertex 31.1142 31.926 0
    endloop
  endfacet
  facet normal 0.19513 -0.980777 0
    outer loop
      vertex 31.926 33.8858 0
      vertex 32.5 34 2
      vertex 31.926 33.8858 2
    endloop
  endfacet
  facet normal 0.19513 -0.980777 0
    outer loop
      vertex 32.5 34 2
      vertex 31.926 33.8858 0
      vertex 32.5 34 0
    endloop
  endfacet
  facet normal -0.19513 0.980777 0
    outer loop
      vertex 33.074 31.1142 0
      vertex 32.5 31 2
      vertex 33.074 31.1142 2
    endloop
  endfacet
  facet normal -0.19513 0.980777 0
    outer loop
      vertex 32.5 31 2
      vertex 33.074 31.1142 0
      vertex 32.5 31 0
    endloop
  endfacet
  facet normal -0.555449 -0.831551 0
    outer loop
      vertex 33.074 33.8858 0
      vertex 33.5607 33.5607 2
      vertex 33.074 33.8858 2
    endloop
  endfacet
  facet normal -0.555449 -0.831551 -0
    outer loop
      vertex 33.5607 33.5607 2
      vertex 33.074 33.8858 0
      vertex 33.5607 33.5607 0
    endloop
  endfacet
  facet normal -0.831551 -0.555449 0
    outer loop
      vertex 33.8858 33.074 0
      vertex 33.5607 33.5607 2
      vertex 33.5607 33.5607 0
    endloop
  endfacet
  facet normal -0.831551 -0.555449 0
    outer loop
      vertex 33.5607 33.5607 2
      vertex 33.8858 33.074 0
      vertex 33.8858 33.074 2
    endloop
  endfacet
  facet normal -0.19513 -0.980777 0
    outer loop
      vertex 32.5 34 0
      vertex 33.074 33.8858 2
      vertex 32.5 34 2
    endloop
  endfacet
  facet normal -0.19513 -0.980777 -0
    outer loop
      vertex 33.074 33.8858 2
      vertex 32.5 34 0
      vertex 33.074 33.8858 0
    endloop
  endfacet
  facet normal 0.831551 -0.555449 0
    outer loop
      vertex 31.1142 33.074 2
      vertex 31.4393 33.5607 0
      vertex 31.4393 33.5607 2
    endloop
  endfacet
  facet normal 0.831551 -0.555449 0
    outer loop
      vertex 31.4393 33.5607 0
      vertex 31.1142 33.074 2
      vertex 31.1142 33.074 0
    endloop
  endfacet
  facet normal 0.980777 -0.19513 0
    outer loop
      vertex 31 32.5 2
      vertex 31.1142 33.074 0
      vertex 31.1142 33.074 2
    endloop
  endfacet
  facet normal 0.980777 -0.19513 0
    outer loop
      vertex 31.1142 33.074 0
      vertex 31 32.5 2
      vertex 31 32.5 0
    endloop
  endfacet
  facet normal 0.555449 -0.831551 0
    outer loop
      vertex 31.4393 33.5607 0
      vertex 31.926 33.8858 2
      vertex 31.4393 33.5607 2
    endloop
  endfacet
  facet normal 0.555449 -0.831551 0
    outer loop
      vertex 31.926 33.8858 2
      vertex 31.4393 33.5607 0
      vertex 31.926 33.8858 0
    endloop
  endfacet
  facet normal -0.980777 0.19513 0
    outer loop
      vertex 33.8858 31.926 0
      vertex 34 32.5 2
      vertex 34 32.5 0
    endloop
  endfacet
  facet normal -0.980777 0.19513 0
    outer loop
      vertex 34 32.5 2
      vertex 33.8858 31.926 0
      vertex 33.8858 31.926 2
    endloop
  endfacet
  facet normal -0.555449 0.831551 0
    outer loop
      vertex 33.5607 31.4393 0
      vertex 33.074 31.1142 2
      vertex 33.5607 31.4393 2
    endloop
  endfacet
  facet normal -0.555449 0.831551 0
    outer loop
      vertex 33.074 31.1142 2
      vertex 33.5607 31.4393 0
      vertex 33.074 31.1142 0
    endloop
  endfacet
  facet normal -0.831551 0.555449 0
    outer loop
      vertex 33.5607 31.4393 0
      vertex 33.8858 31.926 2
      vertex 33.8858 31.926 0
    endloop
  endfacet
  facet normal -0.831551 0.555449 0
    outer loop
      vertex 33.8858 31.926 2
      vertex 33.5607 31.4393 0
      vertex 33.5607 31.4393 2
    endloop
  endfacet
  facet normal 0.19513 0.980777 -0
    outer loop
      vertex 32.5 31 0
      vertex 31.926 31.1142 2
      vertex 32.5 31 2
    endloop
  endfacet
  facet normal 0.19513 0.980777 0
    outer loop
      vertex 31.926 31.1142 2
      vertex 32.5 31 0
      vertex 31.926 31.1142 0
    endloop
  endfacet
  facet normal 0.555449 0.831551 -0
    outer loop
      vertex 31.926 31.1142 0
      vertex 31.4393 31.4393 2
      vertex 31.926 31.1142 2
    endloop
  endfacet
  facet normal 0.555449 0.831551 0
    outer loop
      vertex 31.4393 31.4393 2
      vertex 31.926 31.1142 0
      vertex 31.4393 31.4393 0
    endloop
  endfacet
  facet normal 0.831551 0.555449 0
    outer loop
      vertex 31.4393 31.4393 2
      vertex 31.1142 31.926 0
      vertex 31.1142 31.926 2
    endloop
  endfacet
  facet normal 0.831551 0.555449 0
    outer loop
      vertex 31.1142 31.926 0
      vertex 31.4393 31.4393 2
      vertex 31.4393 31.4393 0
    endloop
  endfacet
  facet normal 0.980786 0.195086 0
    outer loop
      vertex 10.1 7.5 8.2
      vertex 9.99724 8.01662 2
      vertex 9.99724 8.01662 8.2
    endloop
  endfacet
  facet normal 0.980786 0.195086 0
    outer loop
      vertex 9.99724 8.01662 2
      vertex 10.1 7.5 8.2
      vertex 10.1 7.5 2
    endloop
  endfacet
  facet normal -0.980786 0.195086 0
    outer loop
      vertex 7.4 7.5 2
      vertex 7.50276 8.01662 8.2
      vertex 7.50276 8.01662 2
    endloop
  endfacet
  facet normal -0.980786 0.195086 0
    outer loop
      vertex 7.50276 8.01662 8.2
      vertex 7.4 7.5 2
      vertex 7.4 7.5 8.2
    endloop
  endfacet
  facet normal -0.195086 0.980786 0
    outer loop
      vertex 8.75 8.85 2
      vertex 8.23338 8.74724 8.2
      vertex 8.75 8.85 8.2
    endloop
  endfacet
  facet normal -0.195086 0.980786 0
    outer loop
      vertex 8.23338 8.74724 8.2
      vertex 8.75 8.85 2
      vertex 8.23338 8.74724 2
    endloop
  endfacet
  facet normal 0.195086 -0.980786 0
    outer loop
      vertex 8.75 6.15 2
      vertex 9.26662 6.25276 8.2
      vertex 8.75 6.15 8.2
    endloop
  endfacet
  facet normal 0.195086 -0.980786 0
    outer loop
      vertex 9.26662 6.25276 8.2
      vertex 8.75 6.15 2
      vertex 9.26662 6.25276 2
    endloop
  endfacet
  facet normal 0.831463 -0.55558 0
    outer loop
      vertex 9.70459 6.54541 8.2
      vertex 9.99724 6.98338 2
      vertex 9.99724 6.98338 8.2
    endloop
  endfacet
  facet normal 0.831463 -0.55558 0
    outer loop
      vertex 9.99724 6.98338 2
      vertex 9.70459 6.54541 8.2
      vertex 9.70459 6.54541 2
    endloop
  endfacet
  facet normal 0.55558 0.831463 -0
    outer loop
      vertex 9.70459 8.45459 2
      vertex 9.26662 8.74724 8.2
      vertex 9.70459 8.45459 8.2
    endloop
  endfacet
  facet normal 0.55558 0.831463 0
    outer loop
      vertex 9.26662 8.74724 8.2
      vertex 9.70459 8.45459 2
      vertex 9.26662 8.74724 2
    endloop
  endfacet
  facet normal 0.831463 0.55558 0
    outer loop
      vertex 9.99724 8.01662 8.2
      vertex 9.70459 8.45459 2
      vertex 9.70459 8.45459 8.2
    endloop
  endfacet
  facet normal 0.831463 0.55558 0
    outer loop
      vertex 9.70459 8.45459 2
      vertex 9.99724 8.01662 8.2
      vertex 9.99724 8.01662 2
    endloop
  endfacet
  facet normal 0.195086 0.980786 -0
    outer loop
      vertex 9.26662 8.74724 2
      vertex 8.75 8.85 8.2
      vertex 9.26662 8.74724 8.2
    endloop
  endfacet
  facet normal 0.195086 0.980786 0
    outer loop
      vertex 8.75 8.85 8.2
      vertex 9.26662 8.74724 2
      vertex 8.75 8.85 2
    endloop
  endfacet
  facet normal -0.831463 0.55558 0
    outer loop
      vertex 7.50276 8.01662 2
      vertex 7.79541 8.45459 8.2
      vertex 7.79541 8.45459 2
    endloop
  endfacet
  facet normal -0.831463 0.55558 0
    outer loop
      vertex 7.79541 8.45459 8.2
      vertex 7.50276 8.01662 2
      vertex 7.50276 8.01662 8.2
    endloop
  endfacet
  facet normal -0.55558 0.831463 0
    outer loop
      vertex 8.23338 8.74724 2
      vertex 7.79541 8.45459 8.2
      vertex 8.23338 8.74724 8.2
    endloop
  endfacet
  facet normal -0.55558 0.831463 0
    outer loop
      vertex 7.79541 8.45459 8.2
      vertex 8.23338 8.74724 2
      vertex 7.79541 8.45459 2
    endloop
  endfacet
  facet normal 0.980786 -0.195086 0
    outer loop
      vertex 9.99724 6.98338 8.2
      vertex 10.1 7.5 2
      vertex 10.1 7.5 8.2
    endloop
  endfacet
  facet normal 0.980786 -0.195086 0
    outer loop
      vertex 10.1 7.5 2
      vertex 9.99724 6.98338 8.2
      vertex 9.99724 6.98338 2
    endloop
  endfacet
  facet normal 0.55558 -0.831463 0
    outer loop
      vertex 9.26662 6.25276 2
      vertex 9.70459 6.54541 8.2
      vertex 9.26662 6.25276 8.2
    endloop
  endfacet
  facet normal 0.55558 -0.831463 0
    outer loop
      vertex 9.70459 6.54541 8.2
      vertex 9.26662 6.25276 2
      vertex 9.70459 6.54541 2
    endloop
  endfacet
  facet normal -0.195086 -0.980786 0
    outer loop
      vertex 8.23338 6.25276 2
      vertex 8.75 6.15 8.2
      vertex 8.23338 6.25276 8.2
    endloop
  endfacet
  facet normal -0.195086 -0.980786 -0
    outer loop
      vertex 8.75 6.15 8.2
      vertex 8.23338 6.25276 2
      vertex 8.75 6.15 2
    endloop
  endfacet
  facet normal -0.831463 -0.55558 0
    outer loop
      vertex 7.79541 6.54541 2
      vertex 7.50276 6.98338 8.2
      vertex 7.50276 6.98338 2
    endloop
  endfacet
  facet normal -0.831463 -0.55558 0
    outer loop
      vertex 7.50276 6.98338 8.2
      vertex 7.79541 6.54541 2
      vertex 7.79541 6.54541 8.2
    endloop
  endfacet
  facet normal -0.980786 -0.195086 0
    outer loop
      vertex 7.50276 6.98338 2
      vertex 7.4 7.5 8.2
      vertex 7.4 7.5 2
    endloop
  endfacet
  facet normal -0.980786 -0.195086 0
    outer loop
      vertex 7.4 7.5 8.2
      vertex 7.50276 6.98338 2
      vertex 7.50276 6.98338 8.2
    endloop
  endfacet
  facet normal -0.55558 -0.831463 0
    outer loop
      vertex 7.79541 6.54541 2
      vertex 8.23338 6.25276 8.2
      vertex 7.79541 6.54541 8.2
    endloop
  endfacet
  facet normal -0.55558 -0.831463 -0
    outer loop
      vertex 8.23338 6.25276 8.2
      vertex 7.79541 6.54541 2
      vertex 8.23338 6.25276 2
    endloop
  endfacet
  facet normal 0 0 1
    outer loop
      vertex 9.99724 8.01662 8.2
      vertex 9.99724 6.98338 8.2
      vertex 10.1 7.5 8.2
    endloop
  endfacet
  facet normal 0 0 1
    outer loop
      vertex 9.70459 8.45459 8.2
      vertex 9.99724 6.98338 8.2
      vertex 9.99724 8.01662 8.2
    endloop
  endfacet
  facet normal 0 0 1
    outer loop
      vertex 9.70459 8.45459 8.2
      vertex 9.70459 6.54541 8.2
      vertex 9.99724 6.98338 8.2
    endloop
  endfacet
  facet normal 0 0 1
    outer loop
      vertex 9.26662 8.74724 8.2
      vertex 9.70459 6.54541 8.2
      vertex 9.70459 8.45459 8.2
    endloop
  endfacet
  facet normal 0 0 1
    outer loop
      vertex 9.26662 8.74724 8.2
      vertex 9.26662 6.25276 8.2
      vertex 9.70459 6.54541 8.2
    endloop
  endfacet
  facet normal 0 0 1
    outer loop
      vertex 8.75 8.85 8.2
      vertex 9.26662 6.25276 8.2
      vertex 9.26662 8.74724 8.2
    endloop
  endfacet
  facet normal 0 0 1
    outer loop
      vertex 8.75 8.85 8.2
      vertex 8.75 6.15 8.2
      vertex 9.26662 6.25276 8.2
    endloop
  endfacet
  facet normal -0 0 1
    outer loop
      vertex 8.23338 8.74724 8.2
      vertex 8.75 6.15 8.2
      vertex 8.75 8.85 8.2
    endloop
  endfacet
  facet normal 0 0 1
    outer loop
      vertex 8.23338 8.74724 8.2
      vertex 8.23338 6.25276 8.2
      vertex 8.75 6.15 8.2
    endloop
  endfacet
  facet normal -0 0 1
    outer loop
      vertex 7.79541 8.45459 8.2
      vertex 8.23338 6.25276 8.2
      vertex 8.23338 8.74724 8.2
    endloop
  endfacet
  facet normal 0 0 1
    outer loop
      vertex 7.79541 8.45459 8.2
      vertex 7.79541 6.54541 8.2
      vertex 8.23338 6.25276 8.2
    endloop
  endfacet
  facet normal -0 0 1
    outer loop
      vertex 7.50276 8.01662 8.2
      vertex 7.79541 6.54541 8.2
      vertex 7.79541 8.45459 8.2
    endloop
  endfacet
  facet normal 0 0 1
    outer loop
      vertex 7.50276 8.01662 8.2
      vertex 7.50276 6.98338 8.2
      vertex 7.79541 6.54541 8.2
    endloop
  endfacet
  facet normal 0 -0 1
    outer loop
      vertex 7.50276 6.98338 8.2
      vertex 7.50276 8.01662 8.2
      vertex 7.4 7.5 8.2
    endloop
  endfacet
  facet normal 0.980772 0.19516 0
    outer loop
      vertex 27.6 7.5 8.2
      vertex 27.4972 8.01662 2
      vertex 27.4972 8.01662 8.2
    endloop
  endfacet
  facet normal 0.980772 0.19516 0
    outer loop
      vertex 27.4972 8.01662 2
      vertex 27.6 7.5 8.2
      vertex 27.6 7.5 2
    endloop
  endfacet
  facet normal -0.980772 0.19516 0
    outer loop
      vertex 24.9 7.5 2
      vertex 25.0028 8.01662 8.2
      vertex 25.0028 8.01662 2
    endloop
  endfacet
  facet normal -0.980772 0.19516 0
    outer loop
      vertex 25.0028 8.01662 8.2
      vertex 24.9 7.5 2
      vertex 24.9 7.5 8.2
    endloop
  endfacet
  facet normal -0.195094 0.980785 0
    outer loop
      vertex 26.25 8.85 2
      vertex 25.7334 8.74724 8.2
      vertex 26.25 8.85 8.2
    endloop
  endfacet
  facet normal -0.195094 0.980785 0
    outer loop
      vertex 25.7334 8.74724 8.2
      vertex 26.25 8.85 2
      vertex 25.7334 8.74724 2
    endloop
  endfacet
  facet normal 0.195094 -0.980785 0
    outer loop
      vertex 26.25 6.15 2
      vertex 26.7666 6.25276 8.2
      vertex 26.25 6.15 8.2
    endloop
  endfacet
  facet normal 0.195094 -0.980785 0
    outer loop
      vertex 26.7666 6.25276 8.2
      vertex 26.25 6.15 2
      vertex 26.7666 6.25276 2
    endloop
  endfacet
  facet normal 0.831507 -0.555515 0
    outer loop
      vertex 27.2046 6.54541 8.2
      vertex 27.4972 6.98338 2
      vertex 27.4972 6.98338 8.2
    endloop
  endfacet
  facet normal 0.831507 -0.555515 0
    outer loop
      vertex 27.4972 6.98338 2
      vertex 27.2046 6.54541 8.2
      vertex 27.2046 6.54541 2
    endloop
  endfacet
  facet normal 0.555554 0.83148 -0
    outer loop
      vertex 27.2046 8.45459 2
      vertex 26.7666 8.74724 8.2
      vertex 27.2046 8.45459 8.2
    endloop
  endfacet
  facet normal 0.555554 0.83148 0
    outer loop
      vertex 26.7666 8.74724 8.2
      vertex 27.2046 8.45459 2
      vertex 26.7666 8.74724 2
    endloop
  endfacet
  facet normal 0.831507 0.555515 0
    outer loop
      vertex 27.4972 8.01662 8.2
      vertex 27.2046 8.45459 2
      vertex 27.2046 8.45459 8.2
    endloop
  endfacet
  facet normal 0.831507 0.555515 0
    outer loop
      vertex 27.2046 8.45459 2
      vertex 27.4972 8.01662 8.2
      vertex 27.4972 8.01662 2
    endloop
  endfacet
  facet normal 0.195094 0.980785 -0
    outer loop
      vertex 26.7666 8.74724 2
      vertex 26.25 8.85 8.2
      vertex 26.7666 8.74724 8.2
    endloop
  endfacet
  facet normal 0.195094 0.980785 0
    outer loop
      vertex 26.25 8.85 8.2
      vertex 26.7666 8.74724 2
      vertex 26.25 8.85 2
    endloop
  endfacet
  facet normal -0.831507 0.555515 0
    outer loop
      vertex 25.0028 8.01662 2
      vertex 25.2954 8.45459 8.2
      vertex 25.2954 8.45459 2
    endloop
  endfacet
  facet normal -0.831507 0.555515 0
    outer loop
      vertex 25.2954 8.45459 8.2
      vertex 25.0028 8.01662 2
      vertex 25.0028 8.01662 8.2
    endloop
  endfacet
  facet normal -0.555554 0.83148 0
    outer loop
      vertex 25.7334 8.74724 2
      vertex 25.2954 8.45459 8.2
      vertex 25.7334 8.74724 8.2
    endloop
  endfacet
  facet normal -0.555554 0.83148 0
    outer loop
      vertex 25.2954 8.45459 8.2
      vertex 25.7334 8.74724 2
      vertex 25.2954 8.45459 2
    endloop
  endfacet
  facet normal 0.980772 -0.19516 0
    outer loop
      vertex 27.4972 6.98338 8.2
      vertex 27.6 7.5 2
      vertex 27.6 7.5 8.2
    endloop
  endfacet
  facet normal 0.980772 -0.19516 0
    outer loop
      vertex 27.6 7.5 2
      vertex 27.4972 6.98338 8.2
      vertex 27.4972 6.98338 2
    endloop
  endfacet
  facet normal 0.555554 -0.83148 0
    outer loop
      vertex 26.7666 6.25276 2
      vertex 27.2046 6.54541 8.2
      vertex 26.7666 6.25276 8.2
    endloop
  endfacet
  facet normal 0.555554 -0.83148 0
    outer loop
      vertex 27.2046 6.54541 8.2
      vertex 26.7666 6.25276 2
      vertex 27.2046 6.54541 2
    endloop
  endfacet
  facet normal -0.195094 -0.980785 0
    outer loop
      vertex 25.7334 6.25276 2
      vertex 26.25 6.15 8.2
      vertex 25.7334 6.25276 8.2
    endloop
  endfacet
  facet normal -0.195094 -0.980785 -0
    outer loop
      vertex 26.25 6.15 8.2
      vertex 25.7334 6.25276 2
      vertex 26.25 6.15 2
    endloop
  endfacet
  facet normal -0.831507 -0.555515 0
    outer loop
      vertex 25.2954 6.54541 2
      vertex 25.0028 6.98338 8.2
      vertex 25.0028 6.98338 2
    endloop
  endfacet
  facet normal -0.831507 -0.555515 0
    outer loop
      vertex 25.0028 6.98338 8.2
      vertex 25.2954 6.54541 2
      vertex 25.2954 6.54541 8.2
    endloop
  endfacet
  facet normal -0.980772 -0.19516 0
    outer loop
      vertex 25.0028 6.98338 2
      vertex 24.9 7.5 8.2
      vertex 24.9 7.5 2
    endloop
  endfacet
  facet normal -0.980772 -0.19516 0
    outer loop
      vertex 24.9 7.5 8.2
      vertex 25.0028 6.98338 2
      vertex 25.0028 6.98338 8.2
    endloop
  endfacet
  facet normal -0.555554 -0.83148 0
    outer loop
      vertex 25.2954 6.54541 2
      vertex 25.7334 6.25276 8.2
      vertex 25.2954 6.54541 8.2
    endloop
  endfacet
  facet normal -0.555554 -0.83148 -0
    outer loop
      vertex 25.7334 6.25276 8.2
      vertex 25.2954 6.54541 2
      vertex 25.7334 6.25276 2
    endloop
  endfacet
  facet normal 0 0 1
    outer loop
      vertex 27.4972 8.01662 8.2
      vertex 27.4972 6.98338 8.2
      vertex 27.6 7.5 8.2
    endloop
  endfacet
  facet normal 0 0 1
    outer loop
      vertex 27.2046 8.45459 8.2
      vertex 27.4972 6.98338 8.2
      vertex 27.4972 8.01662 8.2
    endloop
  endfacet
  facet normal 0 0 1
    outer loop
      vertex 27.2046 8.45459 8.2
      vertex 27.2046 6.54541 8.2
      vertex 27.4972 6.98338 8.2
    endloop
  endfacet
  facet normal 0 0 1
    outer loop
      vertex 26.7666 8.74724 8.2
      vertex 27.2046 6.54541 8.2
      vertex 27.2046 8.45459 8.2
    endloop
  endfacet
  facet normal 0 0 1
    outer loop
      vertex 26.7666 8.74724 8.2
      vertex 26.7666 6.25276 8.2
      vertex 27.2046 6.54541 8.2
    endloop
  endfacet
  facet normal 0 0 1
    outer loop
      vertex 26.25 8.85 8.2
      vertex 26.7666 6.25276 8.2
      vertex 26.7666 8.74724 8.2
    endloop
  endfacet
  facet normal 0 0 1
    outer loop
      vertex 26.25 8.85 8.2
      vertex 26.25 6.15 8.2
      vertex 26.7666 6.25276 8.2
    endloop
  endfacet
  facet normal -0 0 1
    outer loop
      vertex 25.7334 8.74724 8.2
      vertex 26.25 6.15 8.2
      vertex 26.25 8.85 8.2
    endloop
  endfacet
  facet normal 0 0 1
    outer loop
      vertex 25.7334 8.74724 8.2
      vertex 25.7334 6.25276 8.2
      vertex 26.25 6.15 8.2
    endloop
  endfacet
  facet normal -0 0 1
    outer loop
      vertex 25.2954 8.45459 8.2
      vertex 25.7334 6.25276 8.2
      vertex 25.7334 8.74724 8.2
    endloop
  endfacet
  facet normal 0 0 1
    outer loop
      vertex 25.2954 8.45459 8.2
      vertex 25.2954 6.54541 8.2
      vertex 25.7334 6.25276 8.2
    endloop
  endfacet
  facet normal -0 0 1
    outer loop
      vertex 25.0028 8.01662 8.2
      vertex 25.2954 6.54541 8.2
      vertex 25.2954 8.45459 8.2
    endloop
  endfacet
  facet normal 0 0 1
    outer loop
      vertex 25.0028 8.01662 8.2
      vertex 25.0028 6.98338 8.2
      vertex 25.2954 6.54541 8.2
    endloop
  endfacet
  facet normal 0 -0 1
    outer loop
      vertex 25.0028 6.98338 8.2
      vertex 25.0028 8.01662 8.2
      vertex 24.9 7.5 8.2
    endloop
  endfacet
  facet normal 0.980785 0.195094 0
    outer loop
      vertex 10.1 27.5 8.2
      vertex 9.99724 28.0166 2
      vertex 9.99724 28.0166 8.2
    endloop
  endfacet
  facet normal 0.980785 0.195094 0
    outer loop
      vertex 9.99724 28.0166 2
      vertex 10.1 27.5 8.2
      vertex 10.1 27.5 2
    endloop
  endfacet
  facet normal -0.980785 0.195094 0
    outer loop
      vertex 7.4 27.5 2
      vertex 7.50276 28.0166 8.2
      vertex 7.50276 28.0166 2
    endloop
  endfacet
  facet normal -0.980785 0.195094 0
    outer loop
      vertex 7.50276 28.0166 8.2
      vertex 7.4 27.5 2
      vertex 7.4 27.5 8.2
    endloop
  endfacet
  facet normal -0.19516 0.980772 0
    outer loop
      vertex 8.75 28.85 2
      vertex 8.23338 28.7472 8.2
      vertex 8.75 28.85 8.2
    endloop
  endfacet
  facet normal -0.19516 0.980772 0
    outer loop
      vertex 8.23338 28.7472 8.2
      vertex 8.75 28.85 2
      vertex 8.23338 28.7472 2
    endloop
  endfacet
  facet normal 0.19516 -0.980772 0
    outer loop
      vertex 8.75 26.15 2
      vertex 9.26662 26.2528 8.2
      vertex 8.75 26.15 8.2
    endloop
  endfacet
  facet normal 0.19516 -0.980772 0
    outer loop
      vertex 9.26662 26.2528 8.2
      vertex 8.75 26.15 2
      vertex 9.26662 26.2528 2
    endloop
  endfacet
  facet normal 0.83148 -0.555554 0
    outer loop
      vertex 9.70459 26.5454 8.2
      vertex 9.99724 26.9834 2
      vertex 9.99724 26.9834 8.2
    endloop
  endfacet
  facet normal 0.83148 -0.555554 0
    outer loop
      vertex 9.99724 26.9834 2
      vertex 9.70459 26.5454 8.2
      vertex 9.70459 26.5454 2
    endloop
  endfacet
  facet normal 0.555515 0.831507 -0
    outer loop
      vertex 9.70459 28.4546 2
      vertex 9.26662 28.7472 8.2
      vertex 9.70459 28.4546 8.2
    endloop
  endfacet
  facet normal 0.555515 0.831507 0
    outer loop
      vertex 9.26662 28.7472 8.2
      vertex 9.70459 28.4546 2
      vertex 9.26662 28.7472 2
    endloop
  endfacet
  facet normal 0.83148 0.555554 0
    outer loop
      vertex 9.99724 28.0166 8.2
      vertex 9.70459 28.4546 2
      vertex 9.70459 28.4546 8.2
    endloop
  endfacet
  facet normal 0.83148 0.555554 0
    outer loop
      vertex 9.70459 28.4546 2
      vertex 9.99724 28.0166 8.2
      vertex 9.99724 28.0166 2
    endloop
  endfacet
  facet normal 0.19516 0.980772 -0
    outer loop
      vertex 9.26662 28.7472 2
      vertex 8.75 28.85 8.2
      vertex 9.26662 28.7472 8.2
    endloop
  endfacet
  facet normal 0.19516 0.980772 0
    outer loop
      vertex 8.75 28.85 8.2
      vertex 9.26662 28.7472 2
      vertex 8.75 28.85 2
    endloop
  endfacet
  facet normal -0.83148 0.555554 0
    outer loop
      vertex 7.50276 28.0166 2
      vertex 7.79541 28.4546 8.2
      vertex 7.79541 28.4546 2
    endloop
  endfacet
  facet normal -0.83148 0.555554 0
    outer loop
      vertex 7.79541 28.4546 8.2
      vertex 7.50276 28.0166 2
      vertex 7.50276 28.0166 8.2
    endloop
  endfacet
  facet normal -0.555515 0.831507 0
    outer loop
      vertex 8.23338 28.7472 2
      vertex 7.79541 28.4546 8.2
      vertex 8.23338 28.7472 8.2
    endloop
  endfacet
  facet normal -0.555515 0.831507 0
    outer loop
      vertex 7.79541 28.4546 8.2
      vertex 8.23338 28.7472 2
      vertex 7.79541 28.4546 2
    endloop
  endfacet
  facet normal 0.980785 -0.195094 0
    outer loop
      vertex 9.99724 26.9834 8.2
      vertex 10.1 27.5 2
      vertex 10.1 27.5 8.2
    endloop
  endfacet
  facet normal 0.980785 -0.195094 0
    outer loop
      vertex 10.1 27.5 2
      vertex 9.99724 26.9834 8.2
      vertex 9.99724 26.9834 2
    endloop
  endfacet
  facet normal 0.555515 -0.831507 0
    outer loop
      vertex 9.26662 26.2528 2
      vertex 9.70459 26.5454 8.2
      vertex 9.26662 26.2528 8.2
    endloop
  endfacet
  facet normal 0.555515 -0.831507 0
    outer loop
      vertex 9.70459 26.5454 8.2
      vertex 9.26662 26.2528 2
      vertex 9.70459 26.5454 2
    endloop
  endfacet
  facet normal -0.19516 -0.980772 0
    outer loop
      vertex 8.23338 26.2528 2
      vertex 8.75 26.15 8.2
      vertex 8.23338 26.2528 8.2
    endloop
  endfacet
  facet normal -0.19516 -0.980772 -0
    outer loop
      vertex 8.75 26.15 8.2
      vertex 8.23338 26.2528 2
      vertex 8.75 26.15 2
    endloop
  endfacet
  facet normal -0.83148 -0.555554 0
    outer loop
      vertex 7.79541 26.5454 2
      vertex 7.50276 26.9834 8.2
      vertex 7.50276 26.9834 2
    endloop
  endfacet
  facet normal -0.83148 -0.555554 0
    outer loop
      vertex 7.50276 26.9834 8.2
      vertex 7.79541 26.5454 2
      vertex 7.79541 26.5454 8.2
    endloop
  endfacet
  facet normal -0.980785 -0.195094 0
    outer loop
      vertex 7.50276 26.9834 2
      vertex 7.4 27.5 8.2
      vertex 7.4 27.5 2
    endloop
  endfacet
  facet normal -0.980785 -0.195094 0
    outer loop
      vertex 7.4 27.5 8.2
      vertex 7.50276 26.9834 2
      vertex 7.50276 26.9834 8.2
    endloop
  endfacet
  facet normal -0.555515 -0.831507 0
    outer loop
      vertex 7.79541 26.5454 2
      vertex 8.23338 26.2528 8.2
      vertex 7.79541 26.5454 8.2
    endloop
  endfacet
  facet normal -0.555515 -0.831507 -0
    outer loop
      vertex 8.23338 26.2528 8.2
      vertex 7.79541 26.5454 2
      vertex 8.23338 26.2528 2
    endloop
  endfacet
  facet normal 0 0 1
    outer loop
      vertex 9.99724 28.0166 8.2
      vertex 9.99724 26.9834 8.2
      vertex 10.1 27.5 8.2
    endloop
  endfacet
  facet normal 0 0 1
    outer loop
      vertex 9.70459 28.4546 8.2
      vertex 9.99724 26.9834 8.2
      vertex 9.99724 28.0166 8.2
    endloop
  endfacet
  facet normal 0 0 1
    outer loop
      vertex 9.70459 28.4546 8.2
      vertex 9.70459 26.5454 8.2
      vertex 9.99724 26.9834 8.2
    endloop
  endfacet
  facet normal 0 0 1
    outer loop
      vertex 9.26662 28.7472 8.2
      vertex 9.70459 26.5454 8.2
      vertex 9.70459 28.4546 8.2
    endloop
  endfacet
  facet normal 0 0 1
    outer loop
      vertex 9.26662 28.7472 8.2
      vertex 9.26662 26.2528 8.2
      vertex 9.70459 26.5454 8.2
    endloop
  endfacet
  facet normal 0 0 1
    outer loop
      vertex 8.75 28.85 8.2
      vertex 9.26662 26.2528 8.2
      vertex 9.26662 28.7472 8.2
    endloop
  endfacet
  facet normal 0 0 1
    outer loop
      vertex 8.75 28.85 8.2
      vertex 8.75 26.15 8.2
      vertex 9.26662 26.2528 8.2
    endloop
  endfacet
  facet normal -0 0 1
    outer loop
      vertex 8.23338 28.7472 8.2
      vertex 8.75 26.15 8.2
      vertex 8.75 28.85 8.2
    endloop
  endfacet
  facet normal 0 0 1
    outer loop
      vertex 8.23338 28.7472 8.2
      vertex 8.23338 26.2528 8.2
      vertex 8.75 26.15 8.2
    endloop
  endfacet
  facet normal -0 0 1
    outer loop
      vertex 7.79541 28.4546 8.2
      vertex 8.23338 26.2528 8.2
      vertex 8.23338 28.7472 8.2
    endloop
  endfacet
  facet normal 0 0 1
    outer loop
      vertex 7.79541 28.4546 8.2
      vertex 7.79541 26.5454 8.2
      vertex 8.23338 26.2528 8.2
    endloop
  endfacet
  facet normal -0 0 1
    outer loop
      vertex 7.50276 28.0166 8.2
      vertex 7.79541 26.5454 8.2
      vertex 7.79541 28.4546 8.2
    endloop
  endfacet
  facet normal 0 0 1
    outer loop
      vertex 7.50276 28.0166 8.2
      vertex 7.50276 26.9834 8.2
      vertex 7.79541 26.5454 8.2
    endloop
  endfacet
  facet normal 0 -0 1
    outer loop
      vertex 7.50276 26.9834 8.2
      vertex 7.50276 28.0166 8.2
      vertex 7.4 27.5 8.2
    endloop
  endfacet
  facet normal 0.98077 0.195167 0
    outer loop
      vertex 27.6 27.5 8.2
      vertex 27.4972 28.0166 2
      vertex 27.4972 28.0166 8.2
    endloop
  endfacet
  facet normal 0.98077 0.195167 0
    outer loop
      vertex 27.4972 28.0166 2
      vertex 27.6 27.5 8.2
      vertex 27.6 27.5 2
    endloop
  endfacet
  facet normal -0.98077 0.195167 0
    outer loop
      vertex 24.9 27.5 2
      vertex 25.0028 28.0166 8.2
      vertex 25.0028 28.0166 2
    endloop
  endfacet
  facet normal -0.98077 0.195167 0
    outer loop
      vertex 25.0028 28.0166 8.2
      vertex 24.9 27.5 2
      vertex 24.9 27.5 8.2
    endloop
  endfacet
  facet normal -0.195167 0.98077 0
    outer loop
      vertex 26.25 28.85 2
      vertex 25.7334 28.7472 8.2
      vertex 26.25 28.85 8.2
    endloop
  endfacet
  facet normal -0.195167 0.98077 0
    outer loop
      vertex 25.7334 28.7472 8.2
      vertex 26.25 28.85 2
      vertex 25.7334 28.7472 2
    endloop
  endfacet
  facet normal 0.195167 -0.98077 0
    outer loop
      vertex 26.25 26.15 2
      vertex 26.7666 26.2528 8.2
      vertex 26.25 26.15 8.2
    endloop
  endfacet
  facet normal 0.195167 -0.98077 0
    outer loop
      vertex 26.7666 26.2528 8.2
      vertex 26.25 26.15 2
      vertex 26.7666 26.2528 2
    endloop
  endfacet
  facet normal 0.831524 -0.555489 0
    outer loop
      vertex 27.2046 26.5454 8.2
      vertex 27.4972 26.9834 2
      vertex 27.4972 26.9834 8.2
    endloop
  endfacet
  facet normal 0.831524 -0.555489 0
    outer loop
      vertex 27.4972 26.9834 2
      vertex 27.2046 26.5454 8.2
      vertex 27.2046 26.5454 2
    endloop
  endfacet
  facet normal 0.555489 0.831524 -0
    outer loop
      vertex 27.2046 28.4546 2
      vertex 26.7666 28.7472 8.2
      vertex 27.2046 28.4546 8.2
    endloop
  endfacet
  facet normal 0.555489 0.831524 0
    outer loop
      vertex 26.7666 28.7472 8.2
      vertex 27.2046 28.4546 2
      vertex 26.7666 28.7472 2
    endloop
  endfacet
  facet normal 0.831524 0.555489 0
    outer loop
      vertex 27.4972 28.0166 8.2
      vertex 27.2046 28.4546 2
      vertex 27.2046 28.4546 8.2
    endloop
  endfacet
  facet normal 0.831524 0.555489 0
    outer loop
      vertex 27.2046 28.4546 2
      vertex 27.4972 28.0166 8.2
      vertex 27.4972 28.0166 2
    endloop
  endfacet
  facet normal 0.195167 0.98077 -0
    outer loop
      vertex 26.7666 28.7472 2
      vertex 26.25 28.85 8.2
      vertex 26.7666 28.7472 8.2
    endloop
  endfacet
  facet normal 0.195167 0.98077 0
    outer loop
      vertex 26.25 28.85 8.2
      vertex 26.7666 28.7472 2
      vertex 26.25 28.85 2
    endloop
  endfacet
  facet normal -0.831524 0.555489 0
    outer loop
      vertex 25.0028 28.0166 2
      vertex 25.2954 28.4546 8.2
      vertex 25.2954 28.4546 2
    endloop
  endfacet
  facet normal -0.831524 0.555489 0
    outer loop
      vertex 25.2954 28.4546 8.2
      vertex 25.0028 28.0166 2
      vertex 25.0028 28.0166 8.2
    endloop
  endfacet
  facet normal -0.555489 0.831524 0
    outer loop
      vertex 25.7334 28.7472 2
      vertex 25.2954 28.4546 8.2
      vertex 25.7334 28.7472 8.2
    endloop
  endfacet
  facet normal -0.555489 0.831524 0
    outer loop
      vertex 25.2954 28.4546 8.2
      vertex 25.7334 28.7472 2
      vertex 25.2954 28.4546 2
    endloop
  endfacet
  facet normal 0.98077 -0.195167 0
    outer loop
      vertex 27.4972 26.9834 8.2
      vertex 27.6 27.5 2
      vertex 27.6 27.5 8.2
    endloop
  endfacet
  facet normal 0.98077 -0.195167 0
    outer loop
      vertex 27.6 27.5 2
      vertex 27.4972 26.9834 8.2
      vertex 27.4972 26.9834 2
    endloop
  endfacet
  facet normal 0.555489 -0.831524 0
    outer loop
      vertex 26.7666 26.2528 2
      vertex 27.2046 26.5454 8.2
      vertex 26.7666 26.2528 8.2
    endloop
  endfacet
  facet normal 0.555489 -0.831524 0
    outer loop
      vertex 27.2046 26.5454 8.2
      vertex 26.7666 26.2528 2
      vertex 27.2046 26.5454 2
    endloop
  endfacet
  facet normal -0.195167 -0.98077 0
    outer loop
      vertex 25.7334 26.2528 2
      vertex 26.25 26.15 8.2
      vertex 25.7334 26.2528 8.2
    endloop
  endfacet
  facet normal -0.195167 -0.98077 -0
    outer loop
      vertex 26.25 26.15 8.2
      vertex 25.7334 26.2528 2
      vertex 26.25 26.15 2
    endloop
  endfacet
  facet normal -0.831524 -0.555489 0
    outer loop
      vertex 25.2954 26.5454 2
      vertex 25.0028 26.9834 8.2
      vertex 25.0028 26.9834 2
    endloop
  endfacet
  facet normal -0.831524 -0.555489 0
    outer loop
      vertex 25.0028 26.9834 8.2
      vertex 25.2954 26.5454 2
      vertex 25.2954 26.5454 8.2
    endloop
  endfacet
  facet normal -0.98077 -0.195167 0
    outer loop
      vertex 25.0028 26.9834 2
      vertex 24.9 27.5 8.2
      vertex 24.9 27.5 2
    endloop
  endfacet
  facet normal -0.98077 -0.195167 0
    outer loop
      vertex 24.9 27.5 8.2
      vertex 25.0028 26.9834 2
      vertex 25.0028 26.9834 8.2
    endloop
  endfacet
  facet normal -0.555489 -0.831524 0
    outer loop
      vertex 25.2954 26.5454 2
      vertex 25.7334 26.2528 8.2
      vertex 25.2954 26.5454 8.2
    endloop
  endfacet
  facet normal -0.555489 -0.831524 -0
    outer loop
      vertex 25.7334 26.2528 8.2
      vertex 25.2954 26.5454 2
      vertex 25.7334 26.2528 2
    endloop
  endfacet
  facet normal 0 0 1
    outer loop
      vertex 27.4972 28.0166 8.2
      vertex 27.4972 26.9834 8.2
      vertex 27.6 27.5 8.2
    endloop
  endfacet
  facet normal 0 0 1
    outer loop
      vertex 27.2046 28.4546 8.2
      vertex 27.4972 26.9834 8.2
      vertex 27.4972 28.0166 8.2
    endloop
  endfacet
  facet normal 0 0 1
    outer loop
      vertex 27.2046 28.4546 8.2
      vertex 27.2046 26.5454 8.2
      vertex 27.4972 26.9834 8.2
    endloop
  endfacet
  facet normal 0 0 1
    outer loop
      vertex 26.7666 28.7472 8.2
      vertex 27.2046 26.5454 8.2
      vertex 27.2046 28.4546 8.2
    endloop
  endfacet
  facet normal 0 0 1
    outer loop
      vertex 26.7666 28.7472 8.2
      vertex 26.7666 26.2528 8.2
      vertex 27.2046 26.5454 8.2
    endloop
  endfacet
  facet normal 0 0 1
    outer loop
      vertex 26.25 28.85 8.2
      vertex 26.7666 26.2528 8.2
      vertex 26.7666 28.7472 8.2
    endloop
  endfacet
  facet normal 0 0 1
    outer loop
      vertex 26.25 28.85 8.2
      vertex 26.25 26.15 8.2
      vertex 26.7666 26.2528 8.2
    endloop
  endfacet
  facet normal -0 0 1
    outer loop
      vertex 25.7334 28.7472 8.2
      vertex 26.25 26.15 8.2
      vertex 26.25 28.85 8.2
    endloop
  endfacet
  facet normal 0 0 1
    outer loop
      vertex 25.7334 28.7472 8.2
      vertex 25.7334 26.2528 8.2
      vertex 26.25 26.15 8.2
    endloop
  endfacet
  facet normal -0 0 1
    outer loop
      vertex 25.2954 28.4546 8.2
      vertex 25.7334 26.2528 8.2
      vertex 25.7334 28.7472 8.2
    endloop
  endfacet
  facet normal 0 0 1
    outer loop
      vertex 25.2954 28.4546 8.2
      vertex 25.2954 26.5454 8.2
      vertex 25.7334 26.2528 8.2
    endloop
  endfacet
  facet normal -0 0 1
    outer loop
      vertex 25.0028 28.0166 8.2
      vertex 25.2954 26.5454 8.2
      vertex 25.2954 28.4546 8.2
    endloop
  endfacet
  facet normal 0 0 1
    outer loop
      vertex 25.0028 28.0166 8.2
      vertex 25.0028 26.9834 8.2
      vertex 25.2954 26.5454 8.2
    endloop
  endfacet
  facet normal 0 -0 1
    outer loop
      vertex 25.0028 26.9834 8.2
      vertex 25.0028 28.0166 8.2
      vertex 24.9 27.5 8.2
    endloop
  endfacet
  facet normal 0.980785 0.195091 0
    outer loop
      vertex 5 9 8
      vertex 4.92388 9.38268 2
      vertex 4.92388 9.38268 8
    endloop
  endfacet
  facet normal 0.980785 0.195091 0
    outer loop
      vertex 4.92388 9.38268 2
      vertex 5 9 8
      vertex 5 9 2
    endloop
  endfacet
  facet normal 0.831478 -0.555557 0
    outer loop
      vertex 4.70711 5.29289 8
      vertex 4.92388 5.61732 2
      vertex 4.92388 5.61732 8
    endloop
  endfacet
  facet normal 0.831478 -0.555557 0
    outer loop
      vertex 4.92388 5.61732 2
      vertex 4.70711 5.29289 8
      vertex 4.70711 5.29289 2
    endloop
  endfacet
  facet normal 0.555557 -0.831478 0
    outer loop
      vertex 4.38268 5.07612 2
      vertex 4.70711 5.29289 8
      vertex 4.38268 5.07612 8
    endloop
  endfacet
  facet normal 0.555557 -0.831478 0
    outer loop
      vertex 4.70711 5.29289 8
      vertex 4.38268 5.07612 2
      vertex 4.70711 5.29289 2
    endloop
  endfacet
  facet normal -0.980785 -0.195092 0
    outer loop
      vertex 0.0761204 5.61732 2
      vertex 0 6 8
      vertex 0 6 2
    endloop
  endfacet
  facet normal -0.980785 -0.195092 0
    outer loop
      vertex 0 6 8
      vertex 0.0761204 5.61732 2
      vertex 0.0761204 5.61732 8
    endloop
  endfacet
  facet normal -0.831476 0.55556 0
    outer loop
      vertex 0.0761204 9.38268 2
      vertex 0.292892 9.70711 8
      vertex 0.292892 9.70711 2
    endloop
  endfacet
  facet normal -0.831476 0.55556 0
    outer loop
      vertex 0.292892 9.70711 8
      vertex 0.0761204 9.38268 2
      vertex 0.0761204 9.38268 8
    endloop
  endfacet
  facet normal 0.831478 0.555557 0
    outer loop
      vertex 4.92388 9.38268 8
      vertex 4.70711 9.70711 2
      vertex 4.70711 9.70711 8
    endloop
  endfacet
  facet normal 0.831478 0.555557 0
    outer loop
      vertex 4.70711 9.70711 2
      vertex 4.92388 9.38268 8
      vertex 4.92388 9.38268 2
    endloop
  endfacet
  facet normal 0.555557 0.831478 -0
    outer loop
      vertex 4.70711 9.70711 2
      vertex 4.38268 9.92388 8
      vertex 4.70711 9.70711 8
    endloop
  endfacet
  facet normal 0.555557 0.831478 0
    outer loop
      vertex 4.38268 9.92388 8
      vertex 4.70711 9.70711 2
      vertex 4.38268 9.92388 2
    endloop
  endfacet
  facet normal 1 -0 0
    outer loop
      vertex 5 6 8
      vertex 5 9 2
      vertex 5 9 8
    endloop
  endfacet
  facet normal 1 0 0
    outer loop
      vertex 5 9 2
      vertex 5 6 8
      vertex 5 6 2
    endloop
  endfacet
  facet normal 0.980785 -0.195091 0
    outer loop
      vertex 4.92388 5.61732 8
      vertex 5 6 2
      vertex 5 6 8
    endloop
  endfacet
  facet normal 0.980785 -0.195091 0
    outer loop
      vertex 5 6 2
      vertex 4.92388 5.61732 8
      vertex 4.92388 5.61732 2
    endloop
  endfacet
  facet normal 0 -1 0
    outer loop
      vertex 0.999999 5 2
      vertex 4 5 8
      vertex 0.999999 5 8
    endloop
  endfacet
  facet normal 0 -1 -0
    outer loop
      vertex 4 5 8
      vertex 0.999999 5 2
      vertex 4 5 2
    endloop
  endfacet
  facet normal 0.195091 -0.980785 0
    outer loop
      vertex 4 5 2
      vertex 4.38268 5.07612 8
      vertex 4 5 8
    endloop
  endfacet
  facet normal 0.195091 -0.980785 0
    outer loop
      vertex 4.38268 5.07612 8
      vertex 4 5 2
      vertex 4.38268 5.07612 2
    endloop
  endfacet
  facet normal -0.831476 -0.55556 0
    outer loop
      vertex 0.292892 5.29289 2
      vertex 0.0761204 5.61732 8
      vertex 0.0761204 5.61732 2
    endloop
  endfacet
  facet normal -0.831476 -0.55556 0
    outer loop
      vertex 0.0761204 5.61732 8
      vertex 0.292892 5.29289 2
      vertex 0.292892 5.29289 8
    endloop
  endfacet
  facet normal -0.980785 0.195092 0
    outer loop
      vertex 0 9 2
      vertex 0.0761204 9.38268 8
      vertex 0.0761204 9.38268 2
    endloop
  endfacet
  facet normal -0.980785 0.195092 0
    outer loop
      vertex 0.0761204 9.38268 8
      vertex 0 9 2
      vertex 0 9 8
    endloop
  endfacet
  facet normal 0 -1 0
    outer loop
      vertex 0.999999 10 2
      vertex 1 10 4
      vertex 0.999999 10 4
    endloop
  endfacet
  facet normal 0 -1 -0
    outer loop
      vertex 1 10 4
      vertex 0.999999 10 2
      vertex 1 10 2
    endloop
  endfacet
  facet normal 0 1 -0
    outer loop
      vertex 4 10 4
      vertex 1 10 8
      vertex 4 10 8
    endloop
  endfacet
  facet normal 0 1 0
    outer loop
      vertex 1 10 8
      vertex 4 10 4
      vertex 1 10 4
    endloop
  endfacet
  facet normal 0.195091 0.980785 0
    outer loop
      vertex 4.38268 9.92388 8
      vertex 4 10 4
      vertex 4 10 8
    endloop
  endfacet
  facet normal 0.195091 0.980785 -0
    outer loop
      vertex 4.38268 9.92388 2
      vertex 4 10 4
      vertex 4.38268 9.92388 8
    endloop
  endfacet
  facet normal 0.195091 0.980785 0
    outer loop
      vertex 4 10 4
      vertex 4.38268 9.92388 2
      vertex 4 10 2
    endloop
  endfacet
  facet normal -0.555565 -0.831473 0
    outer loop
      vertex 0.292892 5.29289 2
      vertex 0.617316 5.07612 8
      vertex 0.292892 5.29289 8
    endloop
  endfacet
  facet normal -0.555565 -0.831473 -0
    outer loop
      vertex 0.617316 5.07612 8
      vertex 0.292892 5.29289 2
      vertex 0.617316 5.07612 2
    endloop
  endfacet
  facet normal -0.195089 -0.980785 0
    outer loop
      vertex 0.617316 5.07612 2
      vertex 0.999999 5 8
      vertex 0.617316 5.07612 8
    endloop
  endfacet
  facet normal -0.195089 -0.980785 -0
    outer loop
      vertex 0.999999 5 8
      vertex 0.617316 5.07612 2
      vertex 0.999999 5 2
    endloop
  endfacet
  facet normal -0.555565 0.831473 0
    outer loop
      vertex 0.617316 9.92388 2
      vertex 0.292892 9.70711 8
      vertex 0.617316 9.92388 8
    endloop
  endfacet
  facet normal -0.555565 0.831473 0
    outer loop
      vertex 0.292892 9.70711 8
      vertex 0.617316 9.92388 2
      vertex 0.292892 9.70711 2
    endloop
  endfacet
  facet normal -0.195089 0.980786 0
    outer loop
      vertex 1 10 4
      vertex 0.617316 9.92388 8
      vertex 1 10 8
    endloop
  endfacet
  facet normal -0.195089 0.980786 0
    outer loop
      vertex 0.617316 9.92388 2
      vertex 1 10 4
      vertex 1 10 2
    endloop
  endfacet
  facet normal -0.195089 0.980786 0
    outer loop
      vertex 1 10 4
      vertex 0.617316 9.92388 2
      vertex 0.617316 9.92388 8
    endloop
  endfacet
  facet normal 0 0 1
    outer loop
      vertex 3.45459 8.45459 8
      vertex 5 9 8
      vertex 4.92388 9.38268 8
    endloop
  endfacet
  facet normal 0 0 1
    outer loop
      vertex 5 9 8
      vertex 3.85 7.5 8
      vertex 5 6 8
    endloop
  endfacet
  facet normal 0 0 1
    outer loop
      vertex 3.45459 8.45459 8
      vertex 4.92388 9.38268 8
      vertex 4.70711 9.70711 8
    endloop
  endfacet
  facet normal -0 0 1
    outer loop
      vertex 3.74724 6.98338 8
      vertex 5 6 8
      vertex 3.85 7.5 8
    endloop
  endfacet
  facet normal 0 0 1
    outer loop
      vertex 3.45459 8.45459 8
      vertex 4.70711 9.70711 8
      vertex 4.38268 9.92388 8
    endloop
  endfacet
  facet normal -0 0 1
    outer loop
      vertex 3.45459 6.54541 8
      vertex 5 6 8
      vertex 3.74724 6.98338 8
    endloop
  endfacet
  facet normal 0 0 1
    outer loop
      vertex 3.45459 8.45459 8
      vertex 4.38268 9.92388 8
      vertex 4 10 8
    endloop
  endfacet
  facet normal 0 0 1
    outer loop
      vertex 5 6 8
      vertex 3.45459 6.54541 8
      vertex 4.92388 5.61732 8
    endloop
  endfacet
  facet normal 0 0 1
    outer loop
      vertex 4.92388 5.61732 8
      vertex 3.45459 6.54541 8
      vertex 4.70711 5.29289 8
    endloop
  endfacet
  facet normal 0 0 1
    outer loop
      vertex 5 9 8
      vertex 3.74724 8.01662 8
      vertex 3.85 7.5 8
    endloop
  endfacet
  facet normal 0 0 1
    outer loop
      vertex 5 9 8
      vertex 3.45459 8.45459 8
      vertex 3.74724 8.01662 8
    endloop
  endfacet
  facet normal 0 0 1
    outer loop
      vertex 4 10 8
      vertex 3.01662 8.74724 8
      vertex 3.45459 8.45459 8
    endloop
  endfacet
  facet normal 0 0 1
    outer loop
      vertex 4 10 8
      vertex 2.5 8.85 8
      vertex 3.01662 8.74724 8
    endloop
  endfacet
  facet normal -0 0 1
    outer loop
      vertex 1 10 8
      vertex 2.5 8.85 8
      vertex 4 10 8
    endloop
  endfacet
  facet normal 0 0 1
    outer loop
      vertex 1.54541 8.45459 8
      vertex 0 9 8
      vertex 1.25276 8.01662 8
    endloop
  endfacet
  facet normal -0 0 1
    outer loop
      vertex 0 9 8
      vertex 1.54541 8.45459 8
      vertex 1 10 8
    endloop
  endfacet
  facet normal 0 0 1
    outer loop
      vertex 1.98338 8.74724 8
      vertex 1 10 8
      vertex 1.54541 8.45459 8
    endloop
  endfacet
  facet normal 0 0 1
    outer loop
      vertex 2.5 8.85 8
      vertex 1 10 8
      vertex 1.98338 8.74724 8
    endloop
  endfacet
  facet normal 0 0 1
    outer loop
      vertex 4.70711 5.29289 8
      vertex 3.45459 6.54541 8
      vertex 4.38268 5.07612 8
    endloop
  endfacet
  facet normal 0 0 1
    outer loop
      vertex 4.38268 5.07612 8
      vertex 3.45459 6.54541 8
      vertex 4 5 8
    endloop
  endfacet
  facet normal -0 0 1
    outer loop
      vertex 3.01662 6.25276 8
      vertex 4 5 8
      vertex 3.45459 6.54541 8
    endloop
  endfacet
  facet normal -0 0 1
    outer loop
      vertex 2.5 6.15 8
      vertex 4 5 8
      vertex 3.01662 6.25276 8
    endloop
  endfacet
  facet normal 0 0 1
    outer loop
      vertex 0.999999 5 8
      vertex 2.5 6.15 8
      vertex 1.98338 6.25276 8
    endloop
  endfacet
  facet normal 0 0 1
    outer loop
      vertex 2.5 6.15 8
      vertex 0.999999 5 8
      vertex 4 5 8
    endloop
  endfacet
  facet normal 0 0 1
    outer loop
      vertex 1.54541 6.54541 8
      vertex 0.999999 5 8
      vertex 1.98338 6.25276 8
    endloop
  endfacet
  facet normal 0 0 1
    outer loop
      vertex 0 6 8
      vertex 1.54541 6.54541 8
      vertex 1.25276 6.98338 8
    endloop
  endfacet
  facet normal 0 0 1
    outer loop
      vertex 0 6 8
      vertex 1.25276 6.98338 8
      vertex 1.15 7.5 8
    endloop
  endfacet
  facet normal 0 0 1
    outer loop
      vertex 1.25276 8.01662 8
      vertex 0 9 8
      vertex 1.15 7.5 8
    endloop
  endfacet
  facet normal 0 0 1
    outer loop
      vertex 0 9 8
      vertex 1 10 8
      vertex 0.617316 9.92388 8
    endloop
  endfacet
  facet normal 0 0 1
    outer loop
      vertex 0 6 8
      vertex 1.15 7.5 8
      vertex 0 9 8
    endloop
  endfacet
  facet normal 0 0 1
    outer loop
      vertex 0 9 8
      vertex 0.617316 9.92388 8
      vertex 0.292892 9.70711 8
    endloop
  endfacet
  facet normal 0 -0 1
    outer loop
      vertex 0.0761204 5.61732 8
      vertex 1.54541 6.54541 8
      vertex 0 6 8
    endloop
  endfacet
  facet normal 0 0 1
    outer loop
      vertex 0 9 8
      vertex 0.292892 9.70711 8
      vertex 0.0761204 9.38268 8
    endloop
  endfacet
  facet normal 0 0 1
    outer loop
      vertex 1.54541 6.54541 8
      vertex 0.617316 5.07612 8
      vertex 0.999999 5 8
    endloop
  endfacet
  facet normal 0 0 1
    outer loop
      vertex 1.54541 6.54541 8
      vertex 0.292892 5.29289 8
      vertex 0.617316 5.07612 8
    endloop
  endfacet
  facet normal 0 0 1
    outer loop
      vertex 1.54541 6.54541 8
      vertex 0.0761204 5.61732 8
      vertex 0.292892 5.29289 8
    endloop
  endfacet
  facet normal 0.980786 0.195086 0
    outer loop
      vertex 3.85 7.5 10.2
      vertex 3.74724 8.01662 8
      vertex 3.74724 8.01662 10.2
    endloop
  endfacet
  facet normal 0.980786 0.195086 0
    outer loop
      vertex 3.74724 8.01662 8
      vertex 3.85 7.5 10.2
      vertex 3.85 7.5 8
    endloop
  endfacet
  facet normal -0.195086 0.980786 0
    outer loop
      vertex 2.5 8.85 8
      vertex 1.98338 8.74724 10.2
      vertex 2.5 8.85 10.2
    endloop
  endfacet
  facet normal -0.195086 0.980786 0
    outer loop
      vertex 1.98338 8.74724 10.2
      vertex 2.5 8.85 8
      vertex 1.98338 8.74724 8
    endloop
  endfacet
  facet normal 0.55558 0.831463 -0
    outer loop
      vertex 3.45459 8.45459 8
      vertex 3.01662 8.74724 10.2
      vertex 3.45459 8.45459 10.2
    endloop
  endfacet
  facet normal 0.55558 0.831463 0
    outer loop
      vertex 3.01662 8.74724 10.2
      vertex 3.45459 8.45459 8
      vertex 3.01662 8.74724 8
    endloop
  endfacet
  facet normal 0.831463 0.55558 0
    outer loop
      vertex 3.74724 8.01662 10.2
      vertex 3.45459 8.45459 8
      vertex 3.45459 8.45459 10.2
    endloop
  endfacet
  facet normal 0.831463 0.55558 0
    outer loop
      vertex 3.45459 8.45459 8
      vertex 3.74724 8.01662 10.2
      vertex 3.74724 8.01662 8
    endloop
  endfacet
  facet normal 0.195086 0.980786 -0
    outer loop
      vertex 3.01662 8.74724 8
      vertex 2.5 8.85 10.2
      vertex 3.01662 8.74724 10.2
    endloop
  endfacet
  facet normal 0.195086 0.980786 0
    outer loop
      vertex 2.5 8.85 10.2
      vertex 3.01662 8.74724 8
      vertex 2.5 8.85 8
    endloop
  endfacet
  facet normal -0.831463 0.55558 0
    outer loop
      vertex 1.25276 8.01662 8
      vertex 1.54541 8.45459 10.2
      vertex 1.54541 8.45459 8
    endloop
  endfacet
  facet normal -0.831463 0.55558 0
    outer loop
      vertex 1.54541 8.45459 10.2
      vertex 1.25276 8.01662 8
      vertex 1.25276 8.01662 10.2
    endloop
  endfacet
  facet normal -0.980786 0.195086 0
    outer loop
      vertex 1.15 7.5 8
      vertex 1.25276 8.01662 10.2
      vertex 1.25276 8.01662 8
    endloop
  endfacet
  facet normal -0.980786 0.195086 0
    outer loop
      vertex 1.25276 8.01662 10.2
      vertex 1.15 7.5 8
      vertex 1.15 7.5 10.2
    endloop
  endfacet
  facet normal 0 0 1
    outer loop
      vertex 3.74724 8.01662 10.2
      vertex 3.74724 6.98338 10.2
      vertex 3.85 7.5 10.2
    endloop
  endfacet
  facet normal 0 0 1
    outer loop
      vertex 3.45459 8.45459 10.2
      vertex 3.74724 6.98338 10.2
      vertex 3.74724 8.01662 10.2
    endloop
  endfacet
  facet normal 0 0 1
    outer loop
      vertex 3.45459 8.45459 10.2
      vertex 3.45459 6.54541 10.2
      vertex 3.74724 6.98338 10.2
    endloop
  endfacet
  facet normal 0 0 1
    outer loop
      vertex 3.01662 8.74724 10.2
      vertex 3.45459 6.54541 10.2
      vertex 3.45459 8.45459 10.2
    endloop
  endfacet
  facet normal 0 0 1
    outer loop
      vertex 3.01662 8.74724 10.2
      vertex 3.01662 6.25276 10.2
      vertex 3.45459 6.54541 10.2
    endloop
  endfacet
  facet normal 0 0 1
    outer loop
      vertex 2.5 8.85 10.2
      vertex 3.01662 6.25276 10.2
      vertex 3.01662 8.74724 10.2
    endloop
  endfacet
  facet normal 0 0 1
    outer loop
      vertex 2.5 8.85 10.2
      vertex 2.5 6.15 10.2
      vertex 3.01662 6.25276 10.2
    endloop
  endfacet
  facet normal -0 0 1
    outer loop
      vertex 1.98338 8.74724 10.2
      vertex 2.5 6.15 10.2
      vertex 2.5 8.85 10.2
    endloop
  endfacet
  facet normal 0 0 1
    outer loop
      vertex 1.98338 8.74724 10.2
      vertex 1.98338 6.25276 10.2
      vertex 2.5 6.15 10.2
    endloop
  endfacet
  facet normal -0 0 1
    outer loop
      vertex 1.54541 8.45459 10.2
      vertex 1.98338 6.25276 10.2
      vertex 1.98338 8.74724 10.2
    endloop
  endfacet
  facet normal 0 0 1
    outer loop
      vertex 1.54541 8.45459 10.2
      vertex 1.54541 6.54541 10.2
      vertex 1.98338 6.25276 10.2
    endloop
  endfacet
  facet normal -0 0 1
    outer loop
      vertex 1.25276 8.01662 10.2
      vertex 1.54541 6.54541 10.2
      vertex 1.54541 8.45459 10.2
    endloop
  endfacet
  facet normal 0 0 1
    outer loop
      vertex 1.25276 8.01662 10.2
      vertex 1.25276 6.98338 10.2
      vertex 1.54541 6.54541 10.2
    endloop
  endfacet
  facet normal 0 -0 1
    outer loop
      vertex 1.25276 6.98338 10.2
      vertex 1.25276 8.01662 10.2
      vertex 1.15 7.5 10.2
    endloop
  endfacet
  facet normal -0.55558 0.831463 0
    outer loop
      vertex 1.98338 8.74724 8
      vertex 1.54541 8.45459 10.2
      vertex 1.98338 8.74724 10.2
    endloop
  endfacet
  facet normal -0.55558 0.831463 0
    outer loop
      vertex 1.54541 8.45459 10.2
      vertex 1.98338 8.74724 8
      vertex 1.54541 8.45459 8
    endloop
  endfacet
  facet normal 0.980786 -0.195086 0
    outer loop
      vertex 3.74724 6.98338 10.2
      vertex 3.85 7.5 8
      vertex 3.85 7.5 10.2
    endloop
  endfacet
  facet normal 0.980786 -0.195086 0
    outer loop
      vertex 3.85 7.5 8
      vertex 3.74724 6.98338 10.2
      vertex 3.74724 6.98338 8
    endloop
  endfacet
  facet normal 0.55558 -0.831463 0
    outer loop
      vertex 3.01662 6.25276 8
      vertex 3.45459 6.54541 10.2
      vertex 3.01662 6.25276 10.2
    endloop
  endfacet
  facet normal 0.55558 -0.831463 0
    outer loop
      vertex 3.45459 6.54541 10.2
      vertex 3.01662 6.25276 8
      vertex 3.45459 6.54541 8
    endloop
  endfacet
  facet normal -0.195086 -0.980786 0
    outer loop
      vertex 1.98338 6.25276 8
      vertex 2.5 6.15 10.2
      vertex 1.98338 6.25276 10.2
    endloop
  endfacet
  facet normal -0.195086 -0.980786 -0
    outer loop
      vertex 2.5 6.15 10.2
      vertex 1.98338 6.25276 8
      vertex 2.5 6.15 8
    endloop
  endfacet
  facet normal -0.831463 -0.55558 0
    outer loop
      vertex 1.54541 6.54541 8
      vertex 1.25276 6.98338 10.2
      vertex 1.25276 6.98338 8
    endloop
  endfacet
  facet normal -0.831463 -0.55558 0
    outer loop
      vertex 1.25276 6.98338 10.2
      vertex 1.54541 6.54541 8
      vertex 1.54541 6.54541 10.2
    endloop
  endfacet
  facet normal -0.980786 -0.195086 0
    outer loop
      vertex 1.25276 6.98338 8
      vertex 1.15 7.5 10.2
      vertex 1.15 7.5 8
    endloop
  endfacet
  facet normal -0.980786 -0.195086 0
    outer loop
      vertex 1.15 7.5 10.2
      vertex 1.25276 6.98338 8
      vertex 1.25276 6.98338 10.2
    endloop
  endfacet
  facet normal 0.831463 -0.55558 0
    outer loop
      vertex 3.45459 6.54541 10.2
      vertex 3.74724 6.98338 8
      vertex 3.74724 6.98338 10.2
    endloop
  endfacet
  facet normal 0.831463 -0.55558 0
    outer loop
      vertex 3.74724 6.98338 8
      vertex 3.45459 6.54541 10.2
      vertex 3.45459 6.54541 8
    endloop
  endfacet
  facet normal 0.195086 -0.980786 0
    outer loop
      vertex 2.5 6.15 8
      vertex 3.01662 6.25276 10.2
      vertex 2.5 6.15 10.2
    endloop
  endfacet
  facet normal 0.195086 -0.980786 0
    outer loop
      vertex 3.01662 6.25276 10.2
      vertex 2.5 6.15 8
      vertex 3.01662 6.25276 8
    endloop
  endfacet
  facet normal -0.55558 -0.831463 0
    outer loop
      vertex 1.54541 6.54541 8
      vertex 1.98338 6.25276 10.2
      vertex 1.54541 6.54541 10.2
    endloop
  endfacet
  facet normal -0.55558 -0.831463 -0
    outer loop
      vertex 1.98338 6.25276 10.2
      vertex 1.54541 6.54541 8
      vertex 1.98338 6.25276 8
    endloop
  endfacet
  facet normal 0.980795 0.195042 0
    outer loop
      vertex 35 9 8
      vertex 34.9239 9.38268 2
      vertex 34.9239 9.38268 8
    endloop
  endfacet
  facet normal 0.980795 0.195042 0
    outer loop
      vertex 34.9239 9.38268 2
      vertex 35 9 8
      vertex 35 9 2
    endloop
  endfacet
  facet normal 0.831443 -0.555611 0
    outer loop
      vertex 34.7071 5.29289 8
      vertex 34.9239 5.61732 2
      vertex 34.9239 5.61732 8
    endloop
  endfacet
  facet normal 0.831443 -0.555611 0
    outer loop
      vertex 34.9239 5.61732 2
      vertex 34.7071 5.29289 8
      vertex 34.7071 5.29289 2
    endloop
  endfacet
  facet normal 0.555593 -0.831454 0
    outer loop
      vertex 34.3827 5.07612 2
      vertex 34.7071 5.29289 8
      vertex 34.3827 5.07612 8
    endloop
  endfacet
  facet normal 0.555593 -0.831454 0
    outer loop
      vertex 34.7071 5.29289 8
      vertex 34.3827 5.07612 2
      vertex 34.7071 5.29289 2
    endloop
  endfacet
  facet normal -1 0 0
    outer loop
      vertex 30 6 2
      vertex 30 9 8
      vertex 30 9 2
    endloop
  endfacet
  facet normal -1 -0 0
    outer loop
      vertex 30 9 8
      vertex 30 6 2
      vertex 30 6 8
    endloop
  endfacet
  facet normal -0.980795 -0.195042 0
    outer loop
      vertex 30.0761 5.61732 2
      vertex 30 6 8
      vertex 30 6 2
    endloop
  endfacet
  facet normal -0.980795 -0.195042 0
    outer loop
      vertex 30 6 8
      vertex 30.0761 5.61732 2
      vertex 30.0761 5.61732 8
    endloop
  endfacet
  facet normal -0.831443 0.555611 0
    outer loop
      vertex 30.0761 9.38268 2
      vertex 30.2929 9.70711 8
      vertex 30.2929 9.70711 2
    endloop
  endfacet
  facet normal -0.831443 0.555611 0
    outer loop
      vertex 30.2929 9.70711 8
      vertex 30.0761 9.38268 2
      vertex 30.0761 9.38268 8
    endloop
  endfacet
  facet normal 0.831443 0.555611 0
    outer loop
      vertex 34.9239 9.38268 8
      vertex 34.7071 9.70711 2
      vertex 34.7071 9.70711 8
    endloop
  endfacet
  facet normal 0.831443 0.555611 0
    outer loop
      vertex 34.7071 9.70711 2
      vertex 34.9239 9.38268 8
      vertex 34.9239 9.38268 2
    endloop
  endfacet
  facet normal 0.555593 0.831454 -0
    outer loop
      vertex 34.7071 9.70711 2
      vertex 34.3827 9.92388 8
      vertex 34.7071 9.70711 8
    endloop
  endfacet
  facet normal 0.555593 0.831454 0
    outer loop
      vertex 34.3827 9.92388 8
      vertex 34.7071 9.70711 2
      vertex 34.3827 9.92388 2
    endloop
  endfacet
  facet normal 0.980795 -0.195042 0
    outer loop
      vertex 34.9239 5.61732 8
      vertex 35 6 2
      vertex 35 6 8
    endloop
  endfacet
  facet normal 0.980795 -0.195042 0
    outer loop
      vertex 35 6 2
      vertex 34.9239 5.61732 8
      vertex 34.9239 5.61732 2
    endloop
  endfacet
  facet normal 0 -1 0
    outer loop
      vertex 31 5 2
      vertex 34 5 8
      vertex 31 5 8
    endloop
  endfacet
  facet normal 0 -1 -0
    outer loop
      vertex 34 5 8
      vertex 31 5 2
      vertex 34 5 2
    endloop
  endfacet
  facet normal 0.195081 -0.980787 0
    outer loop
      vertex 34 5 2
      vertex 34.3827 5.07612 8
      vertex 34 5 8
    endloop
  endfacet
  facet normal 0.195081 -0.980787 0
    outer loop
      vertex 34.3827 5.07612 8
      vertex 34 5 2
      vertex 34.3827 5.07612 2
    endloop
  endfacet
  facet normal -0.831443 -0.555611 0
    outer loop
      vertex 30.2929 5.29289 2
      vertex 30.0761 5.61732 8
      vertex 30.0761 5.61732 2
    endloop
  endfacet
  facet normal -0.831443 -0.555611 0
    outer loop
      vertex 30.0761 5.61732 8
      vertex 30.2929 5.29289 2
      vertex 30.2929 5.29289 8
    endloop
  endfacet
  facet normal -0.980795 0.195042 0
    outer loop
      vertex 30 9 2
      vertex 30.0761 9.38268 8
      vertex 30.0761 9.38268 2
    endloop
  endfacet
  facet normal -0.980795 0.195042 0
    outer loop
      vertex 30.0761 9.38268 8
      vertex 30 9 2
      vertex 30 9 8
    endloop
  endfacet
  facet normal 0 1 -0
    outer loop
      vertex 34 10 4
      vertex 31 10 8
      vertex 34 10 8
    endloop
  endfacet
  facet normal 0 1 0
    outer loop
      vertex 31 10 8
      vertex 34 10 4
      vertex 31 10 4
    endloop
  endfacet
  facet normal 0.195081 0.980787 0
    outer loop
      vertex 34.3827 9.92388 8
      vertex 34 10 4
      vertex 34 10 8
    endloop
  endfacet
  facet normal 0.195081 0.980787 -0
    outer loop
      vertex 34.3827 9.92388 2
      vertex 34 10 4
      vertex 34.3827 9.92388 8
    endloop
  endfacet
  facet normal 0.195081 0.980787 0
    outer loop
      vertex 34 10 4
      vertex 34.3827 9.92388 2
      vertex 34 10 2
    endloop
  endfacet
  facet normal -0.555593 -0.831454 0
    outer loop
      vertex 30.2929 5.29289 2
      vertex 30.6173 5.07612 8
      vertex 30.2929 5.29289 8
    endloop
  endfacet
  facet normal -0.555593 -0.831454 -0
    outer loop
      vertex 30.6173 5.07612 8
      vertex 30.2929 5.29289 2
      vertex 30.6173 5.07612 2
    endloop
  endfacet
  facet normal -0.195081 -0.980787 0
    outer loop
      vertex 30.6173 5.07612 2
      vertex 31 5 8
      vertex 30.6173 5.07612 8
    endloop
  endfacet
  facet normal -0.195081 -0.980787 -0
    outer loop
      vertex 31 5 8
      vertex 30.6173 5.07612 2
      vertex 31 5 2
    endloop
  endfacet
  facet normal -0.555593 0.831454 0
    outer loop
      vertex 30.6173 9.92388 2
      vertex 30.2929 9.70711 8
      vertex 30.6173 9.92388 8
    endloop
  endfacet
  facet normal -0.555593 0.831454 0
    outer loop
      vertex 30.2929 9.70711 8
      vertex 30.6173 9.92388 2
      vertex 30.2929 9.70711 2
    endloop
  endfacet
  facet normal -0.195081 0.980787 0
    outer loop
      vertex 31 10 4
      vertex 30.6173 9.92388 8
      vertex 31 10 8
    endloop
  endfacet
  facet normal -0.195081 0.980787 0
    outer loop
      vertex 30.6173 9.92388 2
      vertex 31 10 4
      vertex 31 10 2
    endloop
  endfacet
  facet normal -0.195081 0.980787 0
    outer loop
      vertex 31 10 4
      vertex 30.6173 9.92388 2
      vertex 30.6173 9.92388 8
    endloop
  endfacet
  facet normal 0 0 1
    outer loop
      vertex 33.4546 8.45459 8
      vertex 35 9 8
      vertex 34.9239 9.38268 8
    endloop
  endfacet
  facet normal 0 0 1
    outer loop
      vertex 35 9 8
      vertex 33.85 7.5 8
      vertex 35 6 8
    endloop
  endfacet
  facet normal 0 0 1
    outer loop
      vertex 33.4546 8.45459 8
      vertex 34.9239 9.38268 8
      vertex 34.7071 9.70711 8
    endloop
  endfacet
  facet normal -0 0 1
    outer loop
      vertex 33.7472 6.98338 8
      vertex 35 6 8
      vertex 33.85 7.5 8
    endloop
  endfacet
  facet normal 0 0 1
    outer loop
      vertex 33.4546 8.45459 8
      vertex 34.7071 9.70711 8
      vertex 34.3827 9.92388 8
    endloop
  endfacet
  facet normal -0 0 1
    outer loop
      vertex 33.4546 6.54541 8
      vertex 35 6 8
      vertex 33.7472 6.98338 8
    endloop
  endfacet
  facet normal 0 0 1
    outer loop
      vertex 33.4546 8.45459 8
      vertex 34.3827 9.92388 8
      vertex 34 10 8
    endloop
  endfacet
  facet normal 0 0 1
    outer loop
      vertex 35 6 8
      vertex 33.4546 6.54541 8
      vertex 34.9239 5.61732 8
    endloop
  endfacet
  facet normal 0 0 1
    outer loop
      vertex 34.9239 5.61732 8
      vertex 33.4546 6.54541 8
      vertex 34.7071 5.29289 8
    endloop
  endfacet
  facet normal 0 0 1
    outer loop
      vertex 35 9 8
      vertex 33.7472 8.01662 8
      vertex 33.85 7.5 8
    endloop
  endfacet
  facet normal 0 0 1
    outer loop
      vertex 35 9 8
      vertex 33.4546 8.45459 8
      vertex 33.7472 8.01662 8
    endloop
  endfacet
  facet normal 0 0 1
    outer loop
      vertex 34 10 8
      vertex 33.0166 8.74724 8
      vertex 33.4546 8.45459 8
    endloop
  endfacet
  facet normal 0 0 1
    outer loop
      vertex 34 10 8
      vertex 32.5 8.85 8
      vertex 33.0166 8.74724 8
    endloop
  endfacet
  facet normal -0 0 1
    outer loop
      vertex 31 10 8
      vertex 32.5 8.85 8
      vertex 34 10 8
    endloop
  endfacet
  facet normal 0 0 1
    outer loop
      vertex 31.5454 8.45459 8
      vertex 30 9 8
      vertex 31.2528 8.01662 8
    endloop
  endfacet
  facet normal -0 0 1
    outer loop
      vertex 30 9 8
      vertex 31.5454 8.45459 8
      vertex 31 10 8
    endloop
  endfacet
  facet normal 0 0 1
    outer loop
      vertex 31.9834 8.74724 8
      vertex 31 10 8
      vertex 31.5454 8.45459 8
    endloop
  endfacet
  facet normal 0 0 1
    outer loop
      vertex 32.5 8.85 8
      vertex 31 10 8
      vertex 31.9834 8.74724 8
    endloop
  endfacet
  facet normal 0 0 1
    outer loop
      vertex 34.7071 5.29289 8
      vertex 33.4546 6.54541 8
      vertex 34.3827 5.07612 8
    endloop
  endfacet
  facet normal 0 0 1
    outer loop
      vertex 34.3827 5.07612 8
      vertex 33.4546 6.54541 8
      vertex 34 5 8
    endloop
  endfacet
  facet normal -0 0 1
    outer loop
      vertex 33.0166 6.25276 8
      vertex 34 5 8
      vertex 33.4546 6.54541 8
    endloop
  endfacet
  facet normal -0 0 1
    outer loop
      vertex 32.5 6.15 8
      vertex 34 5 8
      vertex 33.0166 6.25276 8
    endloop
  endfacet
  facet normal 0 0 1
    outer loop
      vertex 31 5 8
      vertex 32.5 6.15 8
      vertex 31.9834 6.25276 8
    endloop
  endfacet
  facet normal 0 0 1
    outer loop
      vertex 32.5 6.15 8
      vertex 31 5 8
      vertex 34 5 8
    endloop
  endfacet
  facet normal 0 0 1
    outer loop
      vertex 31.5454 6.54541 8
      vertex 31 5 8
      vertex 31.9834 6.25276 8
    endloop
  endfacet
  facet normal 0 0 1
    outer loop
      vertex 30 6 8
      vertex 31.5454 6.54541 8
      vertex 31.2528 6.98338 8
    endloop
  endfacet
  facet normal 0 0 1
    outer loop
      vertex 30 6 8
      vertex 31.2528 6.98338 8
      vertex 31.15 7.5 8
    endloop
  endfacet
  facet normal 0 0 1
    outer loop
      vertex 31.2528 8.01662 8
      vertex 30 9 8
      vertex 31.15 7.5 8
    endloop
  endfacet
  facet normal 0 0 1
    outer loop
      vertex 30 9 8
      vertex 31 10 8
      vertex 30.6173 9.92388 8
    endloop
  endfacet
  facet normal 0 0 1
    outer loop
      vertex 30 6 8
      vertex 31.15 7.5 8
      vertex 30 9 8
    endloop
  endfacet
  facet normal 0 0 1
    outer loop
      vertex 30 9 8
      vertex 30.6173 9.92388 8
      vertex 30.2929 9.70711 8
    endloop
  endfacet
  facet normal 0 -0 1
    outer loop
      vertex 30.0761 5.61732 8
      vertex 31.5454 6.54541 8
      vertex 30 6 8
    endloop
  endfacet
  facet normal 0 0 1
    outer loop
      vertex 30 9 8
      vertex 30.2929 9.70711 8
      vertex 30.0761 9.38268 8
    endloop
  endfacet
  facet normal 0 0 1
    outer loop
      vertex 31.5454 6.54541 8
      vertex 30.6173 5.07612 8
      vertex 31 5 8
    endloop
  endfacet
  facet normal 0 0 1
    outer loop
      vertex 31.5454 6.54541 8
      vertex 30.2929 5.29289 8
      vertex 30.6173 5.07612 8
    endloop
  endfacet
  facet normal 0 0 1
    outer loop
      vertex 31.5454 6.54541 8
      vertex 30.0761 5.61732 8
      vertex 30.2929 5.29289 8
    endloop
  endfacet
  facet normal 0.980772 0.19516 0
    outer loop
      vertex 33.85 7.5 10.2
      vertex 33.7472 8.01662 8
      vertex 33.7472 8.01662 10.2
    endloop
  endfacet
  facet normal 0.980772 0.19516 0
    outer loop
      vertex 33.7472 8.01662 8
      vertex 33.85 7.5 10.2
      vertex 33.85 7.5 8
    endloop
  endfacet
  facet normal -0.195094 0.980785 0
    outer loop
      vertex 32.5 8.85 8
      vertex 31.9834 8.74724 10.2
      vertex 32.5 8.85 10.2
    endloop
  endfacet
  facet normal -0.195094 0.980785 0
    outer loop
      vertex 31.9834 8.74724 10.2
      vertex 32.5 8.85 8
      vertex 31.9834 8.74724 8
    endloop
  endfacet
  facet normal 0.555554 0.83148 -0
    outer loop
      vertex 33.4546 8.45459 8
      vertex 33.0166 8.74724 10.2
      vertex 33.4546 8.45459 10.2
    endloop
  endfacet
  facet normal 0.555554 0.83148 0
    outer loop
      vertex 33.0166 8.74724 10.2
      vertex 33.4546 8.45459 8
      vertex 33.0166 8.74724 8
    endloop
  endfacet
  facet normal 0.831507 0.555515 0
    outer loop
      vertex 33.7472 8.01662 10.2
      vertex 33.4546 8.45459 8
      vertex 33.4546 8.45459 10.2
    endloop
  endfacet
  facet normal 0.831507 0.555515 0
    outer loop
      vertex 33.4546 8.45459 8
      vertex 33.7472 8.01662 10.2
      vertex 33.7472 8.01662 8
    endloop
  endfacet
  facet normal 0.195094 0.980785 -0
    outer loop
      vertex 33.0166 8.74724 8
      vertex 32.5 8.85 10.2
      vertex 33.0166 8.74724 10.2
    endloop
  endfacet
  facet normal 0.195094 0.980785 0
    outer loop
      vertex 32.5 8.85 10.2
      vertex 33.0166 8.74724 8
      vertex 32.5 8.85 8
    endloop
  endfacet
  facet normal -0.831507 0.555515 0
    outer loop
      vertex 31.2528 8.01662 8
      vertex 31.5454 8.45459 10.2
      vertex 31.5454 8.45459 8
    endloop
  endfacet
  facet normal -0.831507 0.555515 0
    outer loop
      vertex 31.5454 8.45459 10.2
      vertex 31.2528 8.01662 8
      vertex 31.2528 8.01662 10.2
    endloop
  endfacet
  facet normal -0.980772 0.19516 0
    outer loop
      vertex 31.15 7.5 8
      vertex 31.2528 8.01662 10.2
      vertex 31.2528 8.01662 8
    endloop
  endfacet
  facet normal -0.980772 0.19516 0
    outer loop
      vertex 31.2528 8.01662 10.2
      vertex 31.15 7.5 8
      vertex 31.15 7.5 10.2
    endloop
  endfacet
  facet normal 0 0 1
    outer loop
      vertex 33.7472 8.01662 10.2
      vertex 33.7472 6.98338 10.2
      vertex 33.85 7.5 10.2
    endloop
  endfacet
  facet normal 0 0 1
    outer loop
      vertex 33.4546 8.45459 10.2
      vertex 33.7472 6.98338 10.2
      vertex 33.7472 8.01662 10.2
    endloop
  endfacet
  facet normal 0 0 1
    outer loop
      vertex 33.4546 8.45459 10.2
      vertex 33.4546 6.54541 10.2
      vertex 33.7472 6.98338 10.2
    endloop
  endfacet
  facet normal 0 0 1
    outer loop
      vertex 33.0166 8.74724 10.2
      vertex 33.4546 6.54541 10.2
      vertex 33.4546 8.45459 10.2
    endloop
  endfacet
  facet normal 0 0 1
    outer loop
      vertex 33.0166 8.74724 10.2
      vertex 33.0166 6.25276 10.2
      vertex 33.4546 6.54541 10.2
    endloop
  endfacet
  facet normal 0 0 1
    outer loop
      vertex 32.5 8.85 10.2
      vertex 33.0166 6.25276 10.2
      vertex 33.0166 8.74724 10.2
    endloop
  endfacet
  facet normal 0 0 1
    outer loop
      vertex 32.5 8.85 10.2
      vertex 32.5 6.15 10.2
      vertex 33.0166 6.25276 10.2
    endloop
  endfacet
  facet normal -0 0 1
    outer loop
      vertex 31.9834 8.74724 10.2
      vertex 32.5 6.15 10.2
      vertex 32.5 8.85 10.2
    endloop
  endfacet
  facet normal 0 0 1
    outer loop
      vertex 31.9834 8.74724 10.2
      vertex 31.9834 6.25276 10.2
      vertex 32.5 6.15 10.2
    endloop
  endfacet
  facet normal -0 0 1
    outer loop
      vertex 31.5454 8.45459 10.2
      vertex 31.9834 6.25276 10.2
      vertex 31.9834 8.74724 10.2
    endloop
  endfacet
  facet normal 0 0 1
    outer loop
      vertex 31.5454 8.45459 10.2
      vertex 31.5454 6.54541 10.2
      vertex 31.9834 6.25276 10.2
    endloop
  endfacet
  facet normal -0 0 1
    outer loop
      vertex 31.2528 8.01662 10.2
      vertex 31.5454 6.54541 10.2
      vertex 31.5454 8.45459 10.2
    endloop
  endfacet
  facet normal 0 0 1
    outer loop
      vertex 31.2528 8.01662 10.2
      vertex 31.2528 6.98338 10.2
      vertex 31.5454 6.54541 10.2
    endloop
  endfacet
  facet normal 0 -0 1
    outer loop
      vertex 31.2528 6.98338 10.2
      vertex 31.2528 8.01662 10.2
      vertex 31.15 7.5 10.2
    endloop
  endfacet
  facet normal -0.555554 0.83148 0
    outer loop
      vertex 31.9834 8.74724 8
      vertex 31.5454 8.45459 10.2
      vertex 31.9834 8.74724 10.2
    endloop
  endfacet
  facet normal -0.555554 0.83148 0
    outer loop
      vertex 31.5454 8.45459 10.2
      vertex 31.9834 8.74724 8
      vertex 31.5454 8.45459 8
    endloop
  endfacet
  facet normal 0.980772 -0.19516 0
    outer loop
      vertex 33.7472 6.98338 10.2
      vertex 33.85 7.5 8
      vertex 33.85 7.5 10.2
    endloop
  endfacet
  facet normal 0.980772 -0.19516 0
    outer loop
      vertex 33.85 7.5 8
      vertex 33.7472 6.98338 10.2
      vertex 33.7472 6.98338 8
    endloop
  endfacet
  facet normal 0.555554 -0.83148 0
    outer loop
      vertex 33.0166 6.25276 8
      vertex 33.4546 6.54541 10.2
      vertex 33.0166 6.25276 10.2
    endloop
  endfacet
  facet normal 0.555554 -0.83148 0
    outer loop
      vertex 33.4546 6.54541 10.2
      vertex 33.0166 6.25276 8
      vertex 33.4546 6.54541 8
    endloop
  endfacet
  facet normal -0.195094 -0.980785 0
    outer loop
      vertex 31.9834 6.25276 8
      vertex 32.5 6.15 10.2
      vertex 31.9834 6.25276 10.2
    endloop
  endfacet
  facet normal -0.195094 -0.980785 -0
    outer loop
      vertex 32.5 6.15 10.2
      vertex 31.9834 6.25276 8
      vertex 32.5 6.15 8
    endloop
  endfacet
  facet normal -0.831507 -0.555515 0
    outer loop
      vertex 31.5454 6.54541 8
      vertex 31.2528 6.98338 10.2
      vertex 31.2528 6.98338 8
    endloop
  endfacet
  facet normal -0.831507 -0.555515 0
    outer loop
      vertex 31.2528 6.98338 10.2
      vertex 31.5454 6.54541 8
      vertex 31.5454 6.54541 10.2
    endloop
  endfacet
  facet normal -0.980772 -0.19516 0
    outer loop
      vertex 31.2528 6.98338 8
      vertex 31.15 7.5 10.2
      vertex 31.15 7.5 8
    endloop
  endfacet
  facet normal -0.980772 -0.19516 0
    outer loop
      vertex 31.15 7.5 10.2
      vertex 31.2528 6.98338 8
      vertex 31.2528 6.98338 10.2
    endloop
  endfacet
  facet normal 0.831507 -0.555515 0
    outer loop
      vertex 33.4546 6.54541 10.2
      vertex 33.7472 6.98338 8
      vertex 33.7472 6.98338 10.2
    endloop
  endfacet
  facet normal 0.831507 -0.555515 0
    outer loop
      vertex 33.7472 6.98338 8
      vertex 33.4546 6.54541 10.2
      vertex 33.4546 6.54541 8
    endloop
  endfacet
  facet normal 0.195094 -0.980785 0
    outer loop
      vertex 32.5 6.15 8
      vertex 33.0166 6.25276 10.2
      vertex 32.5 6.15 10.2
    endloop
  endfacet
  facet normal 0.195094 -0.980785 0
    outer loop
      vertex 33.0166 6.25276 10.2
      vertex 32.5 6.15 8
      vertex 33.0166 6.25276 8
    endloop
  endfacet
  facet normal -0.555554 -0.83148 0
    outer loop
      vertex 31.5454 6.54541 8
      vertex 31.9834 6.25276 10.2
      vertex 31.5454 6.54541 10.2
    endloop
  endfacet
  facet normal -0.555554 -0.83148 -0
    outer loop
      vertex 31.9834 6.25276 10.2
      vertex 31.5454 6.54541 8
      vertex 31.9834 6.25276 8
    endloop
  endfacet
  facet normal 0.980787 0.195081 0
    outer loop
      vertex 5 29 8
      vertex 4.92388 29.3827 2
      vertex 4.92388 29.3827 8
    endloop
  endfacet
  facet normal 0.980787 0.195081 0
    outer loop
      vertex 4.92388 29.3827 2
      vertex 5 29 8
      vertex 5 29 2
    endloop
  endfacet
  facet normal 0.831454 -0.555593 0
    outer loop
      vertex 4.70711 25.2929 8
      vertex 4.92388 25.6173 2
      vertex 4.92388 25.6173 8
    endloop
  endfacet
  facet normal 0.831454 -0.555593 0
    outer loop
      vertex 4.92388 25.6173 2
      vertex 4.70711 25.2929 8
      vertex 4.70711 25.2929 2
    endloop
  endfacet
  facet normal 0.555611 -0.831443 0
    outer loop
      vertex 4.38268 25.0761 2
      vertex 4.70711 25.2929 8
      vertex 4.38268 25.0761 8
    endloop
  endfacet
  facet normal 0.555611 -0.831443 0
    outer loop
      vertex 4.70711 25.2929 8
      vertex 4.38268 25.0761 2
      vertex 4.70711 25.2929 2
    endloop
  endfacet
  facet normal -0.980787 -0.195082 0
    outer loop
      vertex 0.0761204 25.6173 2
      vertex 0 26 8
      vertex 0 26 2
    endloop
  endfacet
  facet normal -0.980787 -0.195082 0
    outer loop
      vertex 0 26 8
      vertex 0.0761204 25.6173 2
      vertex 0.0761204 25.6173 8
    endloop
  endfacet
  facet normal -0.831453 0.555596 0
    outer loop
      vertex 0.0761204 29.3827 2
      vertex 0.292892 29.7071 8
      vertex 0.292892 29.7071 2
    endloop
  endfacet
  facet normal -0.831453 0.555596 0
    outer loop
      vertex 0.292892 29.7071 8
      vertex 0.0761204 29.3827 2
      vertex 0.0761204 29.3827 8
    endloop
  endfacet
  facet normal 0.831454 0.555593 0
    outer loop
      vertex 4.92388 29.3827 8
      vertex 4.70711 29.7071 2
      vertex 4.70711 29.7071 8
    endloop
  endfacet
  facet normal 0.831454 0.555593 0
    outer loop
      vertex 4.70711 29.7071 2
      vertex 4.92388 29.3827 8
      vertex 4.92388 29.3827 2
    endloop
  endfacet
  facet normal 0.555611 0.831443 -0
    outer loop
      vertex 4.70711 29.7071 2
      vertex 4.38268 29.9239 8
      vertex 4.70711 29.7071 8
    endloop
  endfacet
  facet normal 0.555611 0.831443 0
    outer loop
      vertex 4.38268 29.9239 8
      vertex 4.70711 29.7071 2
      vertex 4.38268 29.9239 2
    endloop
  endfacet
  facet normal 1 -0 0
    outer loop
      vertex 5 26 8
      vertex 5 29 2
      vertex 5 29 8
    endloop
  endfacet
  facet normal 1 0 0
    outer loop
      vertex 5 29 2
      vertex 5 26 8
      vertex 5 26 2
    endloop
  endfacet
  facet normal 0.980787 -0.195081 0
    outer loop
      vertex 4.92388 25.6173 8
      vertex 5 26 2
      vertex 5 26 8
    endloop
  endfacet
  facet normal 0.980787 -0.195081 0
    outer loop
      vertex 5 26 2
      vertex 4.92388 25.6173 8
      vertex 4.92388 25.6173 2
    endloop
  endfacet
  facet normal 0 -1 0
    outer loop
      vertex 0.999999 25 8
      vertex 1 25 4
      vertex 4 25 8
    endloop
  endfacet
  facet normal 0 -1 0
    outer loop
      vertex 0.999999 25 2
      vertex 1 25 4
      vertex 0.999999 25 8
    endloop
  endfacet
  facet normal 0 -1 -0
    outer loop
      vertex 1 25 4
      vertex 0.999999 25 2
      vertex 1 25 2
    endloop
  endfacet
  facet normal 0 -1 -0
    outer loop
      vertex 4 25 8
      vertex 1 25 4
      vertex 4 25 4
    endloop
  endfacet
  facet normal 0.195042 -0.980795 0
    outer loop
      vertex 4 25 4
      vertex 4.38268 25.0761 8
      vertex 4 25 8
    endloop
  endfacet
  facet normal 0.195042 -0.980795 0
    outer loop
      vertex 4.38268 25.0761 2
      vertex 4 25 4
      vertex 4 25 2
    endloop
  endfacet
  facet normal 0.195042 -0.980795 0
    outer loop
      vertex 4 25 4
      vertex 4.38268 25.0761 2
      vertex 4.38268 25.0761 8
    endloop
  endfacet
  facet normal -0.831453 -0.555596 0
    outer loop
      vertex 0.292892 25.2929 2
      vertex 0.0761204 25.6173 8
      vertex 0.0761204 25.6173 2
    endloop
  endfacet
  facet normal -0.831453 -0.555596 0
    outer loop
      vertex 0.0761204 25.6173 8
      vertex 0.292892 25.2929 2
      vertex 0.292892 25.2929 8
    endloop
  endfacet
  facet normal -0.980787 0.195082 0
    outer loop
      vertex 0 29 2
      vertex 0.0761204 29.3827 8
      vertex 0.0761204 29.3827 2
    endloop
  endfacet
  facet normal -0.980787 0.195082 0
    outer loop
      vertex 0.0761204 29.3827 8
      vertex 0 29 2
      vertex 0 29 8
    endloop
  endfacet
  facet normal 0 1 -0
    outer loop
      vertex 4 30 2
      vertex 1 30 8
      vertex 4 30 8
    endloop
  endfacet
  facet normal 0 1 0
    outer loop
      vertex 1 30 8
      vertex 4 30 2
      vertex 1 30 2
    endloop
  endfacet
  facet normal 0.195042 0.980795 -0
    outer loop
      vertex 4.38268 29.9239 2
      vertex 4 30 8
      vertex 4.38268 29.9239 8
    endloop
  endfacet
  facet normal 0.195042 0.980795 0
    outer loop
      vertex 4 30 8
      vertex 4.38268 29.9239 2
      vertex 4 30 2
    endloop
  endfacet
  facet normal -0.555618 -0.831438 0
    outer loop
      vertex 0.292892 25.2929 2
      vertex 0.617316 25.0761 8
      vertex 0.292892 25.2929 8
    endloop
  endfacet
  facet normal -0.555618 -0.831438 -0
    outer loop
      vertex 0.617316 25.0761 8
      vertex 0.292892 25.2929 2
      vertex 0.617316 25.0761 2
    endloop
  endfacet
  facet normal -0.19504 -0.980795 0
    outer loop
      vertex 0.617316 25.0761 2
      vertex 0.999999 25 8
      vertex 0.617316 25.0761 8
    endloop
  endfacet
  facet normal -0.19504 -0.980795 -0
    outer loop
      vertex 0.999999 25 8
      vertex 0.617316 25.0761 2
      vertex 0.999999 25 2
    endloop
  endfacet
  facet normal -0.555618 0.831438 0
    outer loop
      vertex 0.617316 29.9239 2
      vertex 0.292892 29.7071 8
      vertex 0.617316 29.9239 8
    endloop
  endfacet
  facet normal -0.555618 0.831438 0
    outer loop
      vertex 0.292892 29.7071 8
      vertex 0.617316 29.9239 2
      vertex 0.292892 29.7071 2
    endloop
  endfacet
  facet normal -0.19504 0.980795 0
    outer loop
      vertex 1 30 2
      vertex 0.617316 29.9239 8
      vertex 1 30 8
    endloop
  endfacet
  facet normal -0.19504 0.980795 0
    outer loop
      vertex 0.617316 29.9239 8
      vertex 1 30 2
      vertex 0.617316 29.9239 2
    endloop
  endfacet
  facet normal 0 0 1
    outer loop
      vertex 3.45459 28.4546 8
      vertex 5 29 8
      vertex 4.92388 29.3827 8
    endloop
  endfacet
  facet normal 0 0 1
    outer loop
      vertex 5 29 8
      vertex 3.85 27.5 8
      vertex 5 26 8
    endloop
  endfacet
  facet normal 0 0 1
    outer loop
      vertex 3.45459 28.4546 8
      vertex 4.92388 29.3827 8
      vertex 4.70711 29.7071 8
    endloop
  endfacet
  facet normal -0 0 1
    outer loop
      vertex 3.74724 26.9834 8
      vertex 5 26 8
      vertex 3.85 27.5 8
    endloop
  endfacet
  facet normal 0 0 1
    outer loop
      vertex 3.45459 28.4546 8
      vertex 4.70711 29.7071 8
      vertex 4.38268 29.9239 8
    endloop
  endfacet
  facet normal -0 0 1
    outer loop
      vertex 3.45459 26.5454 8
      vertex 5 26 8
      vertex 3.74724 26.9834 8
    endloop
  endfacet
  facet normal 0 0 1
    outer loop
      vertex 3.45459 28.4546 8
      vertex 4.38268 29.9239 8
      vertex 4 30 8
    endloop
  endfacet
  facet normal 0 0 1
    outer loop
      vertex 5 26 8
      vertex 3.45459 26.5454 8
      vertex 4.92388 25.6173 8
    endloop
  endfacet
  facet normal 0 0 1
    outer loop
      vertex 4.92388 25.6173 8
      vertex 3.45459 26.5454 8
      vertex 4.70711 25.2929 8
    endloop
  endfacet
  facet normal 0 0 1
    outer loop
      vertex 5 29 8
      vertex 3.74724 28.0166 8
      vertex 3.85 27.5 8
    endloop
  endfacet
  facet normal 0 0 1
    outer loop
      vertex 5 29 8
      vertex 3.45459 28.4546 8
      vertex 3.74724 28.0166 8
    endloop
  endfacet
  facet normal 0 0 1
    outer loop
      vertex 4 30 8
      vertex 3.01662 28.7472 8
      vertex 3.45459 28.4546 8
    endloop
  endfacet
  facet normal 0 0 1
    outer loop
      vertex 4 30 8
      vertex 2.5 28.85 8
      vertex 3.01662 28.7472 8
    endloop
  endfacet
  facet normal -0 0 1
    outer loop
      vertex 1 30 8
      vertex 2.5 28.85 8
      vertex 4 30 8
    endloop
  endfacet
  facet normal 0 0 1
    outer loop
      vertex 1.54541 28.4546 8
      vertex 0 29 8
      vertex 1.25276 28.0166 8
    endloop
  endfacet
  facet normal -0 0 1
    outer loop
      vertex 0 29 8
      vertex 1.54541 28.4546 8
      vertex 1 30 8
    endloop
  endfacet
  facet normal 0 0 1
    outer loop
      vertex 1.98338 28.7472 8
      vertex 1 30 8
      vertex 1.54541 28.4546 8
    endloop
  endfacet
  facet normal 0 0 1
    outer loop
      vertex 2.5 28.85 8
      vertex 1 30 8
      vertex 1.98338 28.7472 8
    endloop
  endfacet
  facet normal 0 0 1
    outer loop
      vertex 4.70711 25.2929 8
      vertex 3.45459 26.5454 8
      vertex 4.38268 25.0761 8
    endloop
  endfacet
  facet normal 0 0 1
    outer loop
      vertex 4.38268 25.0761 8
      vertex 3.45459 26.5454 8
      vertex 4 25 8
    endloop
  endfacet
  facet normal -0 0 1
    outer loop
      vertex 3.01662 26.2528 8
      vertex 4 25 8
      vertex 3.45459 26.5454 8
    endloop
  endfacet
  facet normal -0 0 1
    outer loop
      vertex 2.5 26.15 8
      vertex 4 25 8
      vertex 3.01662 26.2528 8
    endloop
  endfacet
  facet normal 0 0 1
    outer loop
      vertex 0.999999 25 8
      vertex 2.5 26.15 8
      vertex 1.98338 26.2528 8
    endloop
  endfacet
  facet normal 0 0 1
    outer loop
      vertex 2.5 26.15 8
      vertex 0.999999 25 8
      vertex 4 25 8
    endloop
  endfacet
  facet normal 0 0 1
    outer loop
      vertex 1.54541 26.5454 8
      vertex 0.999999 25 8
      vertex 1.98338 26.2528 8
    endloop
  endfacet
  facet normal 0 0 1
    outer loop
      vertex 0 26 8
      vertex 1.54541 26.5454 8
      vertex 1.25276 26.9834 8
    endloop
  endfacet
  facet normal 0 0 1
    outer loop
      vertex 0 26 8
      vertex 1.25276 26.9834 8
      vertex 1.15 27.5 8
    endloop
  endfacet
  facet normal 0 0 1
    outer loop
      vertex 1.25276 28.0166 8
      vertex 0 29 8
      vertex 1.15 27.5 8
    endloop
  endfacet
  facet normal 0 0 1
    outer loop
      vertex 0 29 8
      vertex 1 30 8
      vertex 0.617316 29.9239 8
    endloop
  endfacet
  facet normal 0 0 1
    outer loop
      vertex 0 26 8
      vertex 1.15 27.5 8
      vertex 0 29 8
    endloop
  endfacet
  facet normal 0 0 1
    outer loop
      vertex 0 29 8
      vertex 0.617316 29.9239 8
      vertex 0.292892 29.7071 8
    endloop
  endfacet
  facet normal 0 -0 1
    outer loop
      vertex 0.0761204 25.6173 8
      vertex 1.54541 26.5454 8
      vertex 0 26 8
    endloop
  endfacet
  facet normal 0 0 1
    outer loop
      vertex 0 29 8
      vertex 0.292892 29.7071 8
      vertex 0.0761204 29.3827 8
    endloop
  endfacet
  facet normal 0 0 1
    outer loop
      vertex 1.54541 26.5454 8
      vertex 0.617316 25.0761 8
      vertex 0.999999 25 8
    endloop
  endfacet
  facet normal 0 0 1
    outer loop
      vertex 1.54541 26.5454 8
      vertex 0.292892 25.2929 8
      vertex 0.617316 25.0761 8
    endloop
  endfacet
  facet normal 0 0 1
    outer loop
      vertex 1.54541 26.5454 8
      vertex 0.0761204 25.6173 8
      vertex 0.292892 25.2929 8
    endloop
  endfacet
  facet normal 0.980785 0.195094 0
    outer loop
      vertex 3.85 27.5 10.2
      vertex 3.74724 28.0166 8
      vertex 3.74724 28.0166 10.2
    endloop
  endfacet
  facet normal 0.980785 0.195094 0
    outer loop
      vertex 3.74724 28.0166 8
      vertex 3.85 27.5 10.2
      vertex 3.85 27.5 8
    endloop
  endfacet
  facet normal -0.19516 0.980772 0
    outer loop
      vertex 2.5 28.85 8
      vertex 1.98338 28.7472 10.2
      vertex 2.5 28.85 10.2
    endloop
  endfacet
  facet normal -0.19516 0.980772 0
    outer loop
      vertex 1.98338 28.7472 10.2
      vertex 2.5 28.85 8
      vertex 1.98338 28.7472 8
    endloop
  endfacet
  facet normal 0.555515 0.831507 -0
    outer loop
      vertex 3.45459 28.4546 8
      vertex 3.01662 28.7472 10.2
      vertex 3.45459 28.4546 10.2
    endloop
  endfacet
  facet normal 0.555515 0.831507 0
    outer loop
      vertex 3.01662 28.7472 10.2
      vertex 3.45459 28.4546 8
      vertex 3.01662 28.7472 8
    endloop
  endfacet
  facet normal 0.83148 0.555554 0
    outer loop
      vertex 3.74724 28.0166 10.2
      vertex 3.45459 28.4546 8
      vertex 3.45459 28.4546 10.2
    endloop
  endfacet
  facet normal 0.83148 0.555554 0
    outer loop
      vertex 3.45459 28.4546 8
      vertex 3.74724 28.0166 10.2
      vertex 3.74724 28.0166 8
    endloop
  endfacet
  facet normal 0.19516 0.980772 -0
    outer loop
      vertex 3.01662 28.7472 8
      vertex 2.5 28.85 10.2
      vertex 3.01662 28.7472 10.2
    endloop
  endfacet
  facet normal 0.19516 0.980772 0
    outer loop
      vertex 2.5 28.85 10.2
      vertex 3.01662 28.7472 8
      vertex 2.5 28.85 8
    endloop
  endfacet
  facet normal -0.83148 0.555554 0
    outer loop
      vertex 1.25276 28.0166 8
      vertex 1.54541 28.4546 10.2
      vertex 1.54541 28.4546 8
    endloop
  endfacet
  facet normal -0.83148 0.555554 0
    outer loop
      vertex 1.54541 28.4546 10.2
      vertex 1.25276 28.0166 8
      vertex 1.25276 28.0166 10.2
    endloop
  endfacet
  facet normal -0.980785 0.195094 0
    outer loop
      vertex 1.15 27.5 8
      vertex 1.25276 28.0166 10.2
      vertex 1.25276 28.0166 8
    endloop
  endfacet
  facet normal -0.980785 0.195094 0
    outer loop
      vertex 1.25276 28.0166 10.2
      vertex 1.15 27.5 8
      vertex 1.15 27.5 10.2
    endloop
  endfacet
  facet normal 0 0 1
    outer loop
      vertex 3.74724 28.0166 10.2
      vertex 3.74724 26.9834 10.2
      vertex 3.85 27.5 10.2
    endloop
  endfacet
  facet normal 0 0 1
    outer loop
      vertex 3.45459 28.4546 10.2
      vertex 3.74724 26.9834 10.2
      vertex 3.74724 28.0166 10.2
    endloop
  endfacet
  facet normal 0 0 1
    outer loop
      vertex 3.45459 28.4546 10.2
      vertex 3.45459 26.5454 10.2
      vertex 3.74724 26.9834 10.2
    endloop
  endfacet
  facet normal 0 0 1
    outer loop
      vertex 3.01662 28.7472 10.2
      vertex 3.45459 26.5454 10.2
      vertex 3.45459 28.4546 10.2
    endloop
  endfacet
  facet normal 0 0 1
    outer loop
      vertex 3.01662 28.7472 10.2
      vertex 3.01662 26.2528 10.2
      vertex 3.45459 26.5454 10.2
    endloop
  endfacet
  facet normal 0 0 1
    outer loop
      vertex 2.5 28.85 10.2
      vertex 3.01662 26.2528 10.2
      vertex 3.01662 28.7472 10.2
    endloop
  endfacet
  facet normal 0 0 1
    outer loop
      vertex 2.5 28.85 10.2
      vertex 2.5 26.15 10.2
      vertex 3.01662 26.2528 10.2
    endloop
  endfacet
  facet normal -0 0 1
    outer loop
      vertex 1.98338 28.7472 10.2
      vertex 2.5 26.15 10.2
      vertex 2.5 28.85 10.2
    endloop
  endfacet
  facet normal 0 0 1
    outer loop
      vertex 1.98338 28.7472 10.2
      vertex 1.98338 26.2528 10.2
      vertex 2.5 26.15 10.2
    endloop
  endfacet
  facet normal -0 0 1
    outer loop
      vertex 1.54541 28.4546 10.2
      vertex 1.98338 26.2528 10.2
      vertex 1.98338 28.7472 10.2
    endloop
  endfacet
  facet normal 0 0 1
    outer loop
      vertex 1.54541 28.4546 10.2
      vertex 1.54541 26.5454 10.2
      vertex 1.98338 26.2528 10.2
    endloop
  endfacet
  facet normal -0 0 1
    outer loop
      vertex 1.25276 28.0166 10.2
      vertex 1.54541 26.5454 10.2
      vertex 1.54541 28.4546 10.2
    endloop
  endfacet
  facet normal 0 0 1
    outer loop
      vertex 1.25276 28.0166 10.2
      vertex 1.25276 26.9834 10.2
      vertex 1.54541 26.5454 10.2
    endloop
  endfacet
  facet normal 0 -0 1
    outer loop
      vertex 1.25276 26.9834 10.2
      vertex 1.25276 28.0166 10.2
      vertex 1.15 27.5 10.2
    endloop
  endfacet
  facet normal -0.555515 0.831507 0
    outer loop
      vertex 1.98338 28.7472 8
      vertex 1.54541 28.4546 10.2
      vertex 1.98338 28.7472 10.2
    endloop
  endfacet
  facet normal -0.555515 0.831507 0
    outer loop
      vertex 1.54541 28.4546 10.2
      vertex 1.98338 28.7472 8
      vertex 1.54541 28.4546 8
    endloop
  endfacet
  facet normal 0.980785 -0.195094 0
    outer loop
      vertex 3.74724 26.9834 10.2
      vertex 3.85 27.5 8
      vertex 3.85 27.5 10.2
    endloop
  endfacet
  facet normal 0.980785 -0.195094 0
    outer loop
      vertex 3.85 27.5 8
      vertex 3.74724 26.9834 10.2
      vertex 3.74724 26.9834 8
    endloop
  endfacet
  facet normal 0.555515 -0.831507 0
    outer loop
      vertex 3.01662 26.2528 8
      vertex 3.45459 26.5454 10.2
      vertex 3.01662 26.2528 10.2
    endloop
  endfacet
  facet normal 0.555515 -0.831507 0
    outer loop
      vertex 3.45459 26.5454 10.2
      vertex 3.01662 26.2528 8
      vertex 3.45459 26.5454 8
    endloop
  endfacet
  facet normal -0.19516 -0.980772 0
    outer loop
      vertex 1.98338 26.2528 8
      vertex 2.5 26.15 10.2
      vertex 1.98338 26.2528 10.2
    endloop
  endfacet
  facet normal -0.19516 -0.980772 -0
    outer loop
      vertex 2.5 26.15 10.2
      vertex 1.98338 26.2528 8
      vertex 2.5 26.15 8
    endloop
  endfacet
  facet normal -0.83148 -0.555554 0
    outer loop
      vertex 1.54541 26.5454 8
      vertex 1.25276 26.9834 10.2
      vertex 1.25276 26.9834 8
    endloop
  endfacet
  facet normal -0.83148 -0.555554 0
    outer loop
      vertex 1.25276 26.9834 10.2
      vertex 1.54541 26.5454 8
      vertex 1.54541 26.5454 10.2
    endloop
  endfacet
  facet normal -0.980785 -0.195094 0
    outer loop
      vertex 1.25276 26.9834 8
      vertex 1.15 27.5 10.2
      vertex 1.15 27.5 8
    endloop
  endfacet
  facet normal -0.980785 -0.195094 0
    outer loop
      vertex 1.15 27.5 10.2
      vertex 1.25276 26.9834 8
      vertex 1.25276 26.9834 10.2
    endloop
  endfacet
  facet normal 0.83148 -0.555554 0
    outer loop
      vertex 3.45459 26.5454 10.2
      vertex 3.74724 26.9834 8
      vertex 3.74724 26.9834 10.2
    endloop
  endfacet
  facet normal 0.83148 -0.555554 0
    outer loop
      vertex 3.74724 26.9834 8
      vertex 3.45459 26.5454 10.2
      vertex 3.45459 26.5454 8
    endloop
  endfacet
  facet normal 0.19516 -0.980772 0
    outer loop
      vertex 2.5 26.15 8
      vertex 3.01662 26.2528 10.2
      vertex 2.5 26.15 10.2
    endloop
  endfacet
  facet normal 0.19516 -0.980772 0
    outer loop
      vertex 3.01662 26.2528 10.2
      vertex 2.5 26.15 8
      vertex 3.01662 26.2528 8
    endloop
  endfacet
  facet normal -0.555515 -0.831507 0
    outer loop
      vertex 1.54541 26.5454 8
      vertex 1.98338 26.2528 10.2
      vertex 1.54541 26.5454 10.2
    endloop
  endfacet
  facet normal -0.555515 -0.831507 -0
    outer loop
      vertex 1.98338 26.2528 10.2
      vertex 1.54541 26.5454 8
      vertex 1.98338 26.2528 8
    endloop
  endfacet
  facet normal 0.980797 0.195032 0
    outer loop
      vertex 35 29 8
      vertex 34.9239 29.3827 2
      vertex 34.9239 29.3827 8
    endloop
  endfacet
  facet normal 0.980797 0.195032 0
    outer loop
      vertex 34.9239 29.3827 2
      vertex 35 29 8
      vertex 35 29 2
    endloop
  endfacet
  facet normal 0.831419 -0.555646 0
    outer loop
      vertex 34.7071 25.2929 8
      vertex 34.9239 25.6173 2
      vertex 34.9239 25.6173 8
    endloop
  endfacet
  facet normal 0.831419 -0.555646 0
    outer loop
      vertex 34.9239 25.6173 2
      vertex 34.7071 25.2929 8
      vertex 34.7071 25.2929 2
    endloop
  endfacet
  facet normal 0.555646 -0.831419 0
    outer loop
      vertex 34.3827 25.0761 2
      vertex 34.7071 25.2929 8
      vertex 34.3827 25.0761 8
    endloop
  endfacet
  facet normal 0.555646 -0.831419 0
    outer loop
      vertex 34.7071 25.2929 8
      vertex 34.3827 25.0761 2
      vertex 34.7071 25.2929 2
    endloop
  endfacet
  facet normal -1 0 0
    outer loop
      vertex 30 26 2
      vertex 30 29 8
      vertex 30 29 2
    endloop
  endfacet
  facet normal -1 -0 0
    outer loop
      vertex 30 29 8
      vertex 30 26 2
      vertex 30 26 8
    endloop
  endfacet
  facet normal -0.980797 -0.195032 0
    outer loop
      vertex 30.0761 25.6173 2
      vertex 30 26 8
      vertex 30 26 2
    endloop
  endfacet
  facet normal -0.980797 -0.195032 0
    outer loop
      vertex 30 26 8
      vertex 30.0761 25.6173 2
      vertex 30.0761 25.6173 8
    endloop
  endfacet
  facet normal -0.831419 0.555646 0
    outer loop
      vertex 30.0761 29.3827 2
      vertex 30.2929 29.7071 8
      vertex 30.2929 29.7071 2
    endloop
  endfacet
  facet normal -0.831419 0.555646 0
    outer loop
      vertex 30.2929 29.7071 8
      vertex 30.0761 29.3827 2
      vertex 30.0761 29.3827 8
    endloop
  endfacet
  facet normal 0.831419 0.555646 0
    outer loop
      vertex 34.9239 29.3827 8
      vertex 34.7071 29.7071 2
      vertex 34.7071 29.7071 8
    endloop
  endfacet
  facet normal 0.831419 0.555646 0
    outer loop
      vertex 34.7071 29.7071 2
      vertex 34.9239 29.3827 8
      vertex 34.9239 29.3827 2
    endloop
  endfacet
  facet normal 0.555646 0.831419 -0
    outer loop
      vertex 34.7071 29.7071 2
      vertex 34.3827 29.9239 8
      vertex 34.7071 29.7071 8
    endloop
  endfacet
  facet normal 0.555646 0.831419 0
    outer loop
      vertex 34.3827 29.9239 8
      vertex 34.7071 29.7071 2
      vertex 34.3827 29.9239 2
    endloop
  endfacet
  facet normal 0.980797 -0.195032 0
    outer loop
      vertex 34.9239 25.6173 8
      vertex 35 26 2
      vertex 35 26 8
    endloop
  endfacet
  facet normal 0.980797 -0.195032 0
    outer loop
      vertex 35 26 2
      vertex 34.9239 25.6173 8
      vertex 34.9239 25.6173 2
    endloop
  endfacet
  facet normal 0 -1 0
    outer loop
      vertex 31 25 4
      vertex 34 25 8
      vertex 31 25 8
    endloop
  endfacet
  facet normal 0 -1 -0
    outer loop
      vertex 34 25 8
      vertex 31 25 4
      vertex 34 25 4
    endloop
  endfacet
  facet normal 0 0 0
    outer loop
      vertex 31 25 8
      vertex 31 25 2
      vertex 31 25 4
    endloop
  endfacet
  facet normal 0.195032 -0.980797 0
    outer loop
      vertex 34 25 4
      vertex 34.3827 25.0761 8
      vertex 34 25 8
    endloop
  endfacet
  facet normal 0.195032 -0.980797 0
    outer loop
      vertex 34.3827 25.0761 2
      vertex 34 25 4
      vertex 34 25 2
    endloop
  endfacet
  facet normal 0.195032 -0.980797 0
    outer loop
      vertex 34 25 4
      vertex 34.3827 25.0761 2
      vertex 34.3827 25.0761 8
    endloop
  endfacet
  facet normal -0.831419 -0.555646 0
    outer loop
      vertex 30.2929 25.2929 2
      vertex 30.0761 25.6173 8
      vertex 30.0761 25.6173 2
    endloop
  endfacet
  facet normal -0.831419 -0.555646 0
    outer loop
      vertex 30.0761 25.6173 8
      vertex 30.2929 25.2929 2
      vertex 30.2929 25.2929 8
    endloop
  endfacet
  facet normal -0.980797 0.195032 0
    outer loop
      vertex 30 29 2
      vertex 30.0761 29.3827 8
      vertex 30.0761 29.3827 2
    endloop
  endfacet
  facet normal -0.980797 0.195032 0
    outer loop
      vertex 30.0761 29.3827 8
      vertex 30 29 2
      vertex 30 29 8
    endloop
  endfacet
  facet normal 0 1 -0
    outer loop
      vertex 34 30 2
      vertex 31 30 8
      vertex 34 30 8
    endloop
  endfacet
  facet normal 0 1 0
    outer loop
      vertex 31 30 8
      vertex 34 30 2
      vertex 31 30 2
    endloop
  endfacet
  facet normal 0.195032 0.980797 -0
    outer loop
      vertex 34.3827 29.9239 2
      vertex 34 30 8
      vertex 34.3827 29.9239 8
    endloop
  endfacet
  facet normal 0.195032 0.980797 0
    outer loop
      vertex 34 30 8
      vertex 34.3827 29.9239 2
      vertex 34 30 2
    endloop
  endfacet
  facet normal -0.555646 -0.831419 0
    outer loop
      vertex 30.2929 25.2929 2
      vertex 30.6173 25.0761 8
      vertex 30.2929 25.2929 8
    endloop
  endfacet
  facet normal -0.555646 -0.831419 -0
    outer loop
      vertex 30.6173 25.0761 8
      vertex 30.2929 25.2929 2
      vertex 30.6173 25.0761 2
    endloop
  endfacet
  facet normal -0.195032 -0.980797 0
    outer loop
      vertex 30.6173 25.0761 2
      vertex 31 25 8
      vertex 30.6173 25.0761 8
    endloop
  endfacet
  facet normal -0.195032 -0.980797 -0
    outer loop
      vertex 31 25 8
      vertex 30.6173 25.0761 2
      vertex 31 25 2
    endloop
  endfacet
  facet normal -0.555646 0.831419 0
    outer loop
      vertex 30.6173 29.9239 2
      vertex 30.2929 29.7071 8
      vertex 30.6173 29.9239 8
    endloop
  endfacet
  facet normal -0.555646 0.831419 0
    outer loop
      vertex 30.2929 29.7071 8
      vertex 30.6173 29.9239 2
      vertex 30.2929 29.7071 2
    endloop
  endfacet
  facet normal -0.195032 0.980797 0
    outer loop
      vertex 31 30 2
      vertex 30.6173 29.9239 8
      vertex 31 30 8
    endloop
  endfacet
  facet normal -0.195032 0.980797 0
    outer loop
      vertex 30.6173 29.9239 8
      vertex 31 30 2
      vertex 30.6173 29.9239 2
    endloop
  endfacet
  facet normal 0 0 1
    outer loop
      vertex 33.4546 28.4546 8
      vertex 35 29 8
      vertex 34.9239 29.3827 8
    endloop
  endfacet
  facet normal 0 0 1
    outer loop
      vertex 35 29 8
      vertex 33.85 27.5 8
      vertex 35 26 8
    endloop
  endfacet
  facet normal 0 0 1
    outer loop
      vertex 33.4546 28.4546 8
      vertex 34.9239 29.3827 8
      vertex 34.7071 29.7071 8
    endloop
  endfacet
  facet normal -0 0 1
    outer loop
      vertex 33.7472 26.9834 8
      vertex 35 26 8
      vertex 33.85 27.5 8
    endloop
  endfacet
  facet normal 0 0 1
    outer loop
      vertex 33.4546 28.4546 8
      vertex 34.7071 29.7071 8
      vertex 34.3827 29.9239 8
    endloop
  endfacet
  facet normal -0 0 1
    outer loop
      vertex 33.4546 26.5454 8
      vertex 35 26 8
      vertex 33.7472 26.9834 8
    endloop
  endfacet
  facet normal 0 0 1
    outer loop
      vertex 33.4546 28.4546 8
      vertex 34.3827 29.9239 8
      vertex 34 30 8
    endloop
  endfacet
  facet normal 0 0 1
    outer loop
      vertex 35 26 8
      vertex 33.4546 26.5454 8
      vertex 34.9239 25.6173 8
    endloop
  endfacet
  facet normal 0 0 1
    outer loop
      vertex 34.9239 25.6173 8
      vertex 33.4546 26.5454 8
      vertex 34.7071 25.2929 8
    endloop
  endfacet
  facet normal 0 0 1
    outer loop
      vertex 35 29 8
      vertex 33.7472 28.0166 8
      vertex 33.85 27.5 8
    endloop
  endfacet
  facet normal 0 0 1
    outer loop
      vertex 35 29 8
      vertex 33.4546 28.4546 8
      vertex 33.7472 28.0166 8
    endloop
  endfacet
  facet normal 0 0 1
    outer loop
      vertex 34 30 8
      vertex 33.0166 28.7472 8
      vertex 33.4546 28.4546 8
    endloop
  endfacet
  facet normal 0 0 1
    outer loop
      vertex 34 30 8
      vertex 32.5 28.85 8
      vertex 33.0166 28.7472 8
    endloop
  endfacet
  facet normal -0 0 1
    outer loop
      vertex 31 30 8
      vertex 32.5 28.85 8
      vertex 34 30 8
    endloop
  endfacet
  facet normal 0 0 1
    outer loop
      vertex 31.5454 28.4546 8
      vertex 30 29 8
      vertex 31.2528 28.0166 8
    endloop
  endfacet
  facet normal -0 0 1
    outer loop
      vertex 30 29 8
      vertex 31.5454 28.4546 8
      vertex 31 30 8
    endloop
  endfacet
  facet normal 0 0 1
    outer loop
      vertex 31.9834 28.7472 8
      vertex 31 30 8
      vertex 31.5454 28.4546 8
    endloop
  endfacet
  facet normal 0 0 1
    outer loop
      vertex 32.5 28.85 8
      vertex 31 30 8
      vertex 31.9834 28.7472 8
    endloop
  endfacet
  facet normal 0 0 1
    outer loop
      vertex 34.7071 25.2929 8
      vertex 33.4546 26.5454 8
      vertex 34.3827 25.0761 8
    endloop
  endfacet
  facet normal 0 0 1
    outer loop
      vertex 34.3827 25.0761 8
      vertex 33.4546 26.5454 8
      vertex 34 25 8
    endloop
  endfacet
  facet normal -0 0 1
    outer loop
      vertex 33.0166 26.2528 8
      vertex 34 25 8
      vertex 33.4546 26.5454 8
    endloop
  endfacet
  facet normal -0 0 1
    outer loop
      vertex 32.5 26.15 8
      vertex 34 25 8
      vertex 33.0166 26.2528 8
    endloop
  endfacet
  facet normal 0 0 1
    outer loop
      vertex 31 25 8
      vertex 32.5 26.15 8
      vertex 31.9834 26.2528 8
    endloop
  endfacet
  facet normal 0 0 1
    outer loop
      vertex 32.5 26.15 8
      vertex 31 25 8
      vertex 34 25 8
    endloop
  endfacet
  facet normal 0 0 1
    outer loop
      vertex 31.5454 26.5454 8
      vertex 31 25 8
      vertex 31.9834 26.2528 8
    endloop
  endfacet
  facet normal 0 0 1
    outer loop
      vertex 30 26 8
      vertex 31.5454 26.5454 8
      vertex 31.2528 26.9834 8
    endloop
  endfacet
  facet normal 0 0 1
    outer loop
      vertex 30 26 8
      vertex 31.2528 26.9834 8
      vertex 31.15 27.5 8
    endloop
  endfacet
  facet normal 0 0 1
    outer loop
      vertex 31.2528 28.0166 8
      vertex 30 29 8
      vertex 31.15 27.5 8
    endloop
  endfacet
  facet normal 0 0 1
    outer loop
      vertex 30 29 8
      vertex 31 30 8
      vertex 30.6173 29.9239 8
    endloop
  endfacet
  facet normal 0 0 1
    outer loop
      vertex 30 26 8
      vertex 31.15 27.5 8
      vertex 30 29 8
    endloop
  endfacet
  facet normal 0 0 1
    outer loop
      vertex 30 29 8
      vertex 30.6173 29.9239 8
      vertex 30.2929 29.7071 8
    endloop
  endfacet
  facet normal 0 -0 1
    outer loop
      vertex 30.0761 25.6173 8
      vertex 31.5454 26.5454 8
      vertex 30 26 8
    endloop
  endfacet
  facet normal 0 0 1
    outer loop
      vertex 30 29 8
      vertex 30.2929 29.7071 8
      vertex 30.0761 29.3827 8
    endloop
  endfacet
  facet normal 0 0 1
    outer loop
      vertex 31.5454 26.5454 8
      vertex 30.6173 25.0761 8
      vertex 31 25 8
    endloop
  endfacet
  facet normal 0 0 1
    outer loop
      vertex 31.5454 26.5454 8
      vertex 30.2929 25.2929 8
      vertex 30.6173 25.0761 8
    endloop
  endfacet
  facet normal 0 0 1
    outer loop
      vertex 31.5454 26.5454 8
      vertex 30.0761 25.6173 8
      vertex 30.2929 25.2929 8
    endloop
  endfacet
  facet normal 0.98077 0.195167 0
    outer loop
      vertex 33.85 27.5 10.2
      vertex 33.7472 28.0166 8
      vertex 33.7472 28.0166 10.2
    endloop
  endfacet
  facet normal 0.98077 0.195167 0
    outer loop
      vertex 33.7472 28.0166 8
      vertex 33.85 27.5 10.2
      vertex 33.85 27.5 8
    endloop
  endfacet
  facet normal -0.195167 0.98077 0
    outer loop
      vertex 32.5 28.85 8
      vertex 31.9834 28.7472 10.2
      vertex 32.5 28.85 10.2
    endloop
  endfacet
  facet normal -0.195167 0.98077 0
    outer loop
      vertex 31.9834 28.7472 10.2
      vertex 32.5 28.85 8
      vertex 31.9834 28.7472 8
    endloop
  endfacet
  facet normal 0.555489 0.831524 -0
    outer loop
      vertex 33.4546 28.4546 8
      vertex 33.0166 28.7472 10.2
      vertex 33.4546 28.4546 10.2
    endloop
  endfacet
  facet normal 0.555489 0.831524 0
    outer loop
      vertex 33.0166 28.7472 10.2
      vertex 33.4546 28.4546 8
      vertex 33.0166 28.7472 8
    endloop
  endfacet
  facet normal 0.831524 0.555489 0
    outer loop
      vertex 33.7472 28.0166 10.2
      vertex 33.4546 28.4546 8
      vertex 33.4546 28.4546 10.2
    endloop
  endfacet
  facet normal 0.831524 0.555489 0
    outer loop
      vertex 33.4546 28.4546 8
      vertex 33.7472 28.0166 10.2
      vertex 33.7472 28.0166 8
    endloop
  endfacet
  facet normal 0.195167 0.98077 -0
    outer loop
      vertex 33.0166 28.7472 8
      vertex 32.5 28.85 10.2
      vertex 33.0166 28.7472 10.2
    endloop
  endfacet
  facet normal 0.195167 0.98077 0
    outer loop
      vertex 32.5 28.85 10.2
      vertex 33.0166 28.7472 8
      vertex 32.5 28.85 8
    endloop
  endfacet
  facet normal -0.831524 0.555489 0
    outer loop
      vertex 31.2528 28.0166 8
      vertex 31.5454 28.4546 10.2
      vertex 31.5454 28.4546 8
    endloop
  endfacet
  facet normal -0.831524 0.555489 0
    outer loop
      vertex 31.5454 28.4546 10.2
      vertex 31.2528 28.0166 8
      vertex 31.2528 28.0166 10.2
    endloop
  endfacet
  facet normal -0.98077 0.195167 0
    outer loop
      vertex 31.15 27.5 8
      vertex 31.2528 28.0166 10.2
      vertex 31.2528 28.0166 8
    endloop
  endfacet
  facet normal -0.98077 0.195167 0
    outer loop
      vertex 31.2528 28.0166 10.2
      vertex 31.15 27.5 8
      vertex 31.15 27.5 10.2
    endloop
  endfacet
  facet normal 0 0 1
    outer loop
      vertex 33.7472 28.0166 10.2
      vertex 33.7472 26.9834 10.2
      vertex 33.85 27.5 10.2
    endloop
  endfacet
  facet normal 0 0 1
    outer loop
      vertex 33.4546 28.4546 10.2
      vertex 33.7472 26.9834 10.2
      vertex 33.7472 28.0166 10.2
    endloop
  endfacet
  facet normal 0 0 1
    outer loop
      vertex 33.4546 28.4546 10.2
      vertex 33.4546 26.5454 10.2
      vertex 33.7472 26.9834 10.2
    endloop
  endfacet
  facet normal 0 0 1
    outer loop
      vertex 33.0166 28.7472 10.2
      vertex 33.4546 26.5454 10.2
      vertex 33.4546 28.4546 10.2
    endloop
  endfacet
  facet normal 0 0 1
    outer loop
      vertex 33.0166 28.7472 10.2
      vertex 33.0166 26.2528 10.2
      vertex 33.4546 26.5454 10.2
    endloop
  endfacet
  facet normal 0 0 1
    outer loop
      vertex 32.5 28.85 10.2
      vertex 33.0166 26.2528 10.2
      vertex 33.0166 28.7472 10.2
    endloop
  endfacet
  facet normal 0 0 1
    outer loop
      vertex 32.5 28.85 10.2
      vertex 32.5 26.15 10.2
      vertex 33.0166 26.2528 10.2
    endloop
  endfacet
  facet normal -0 0 1
    outer loop
      vertex 31.9834 28.7472 10.2
      vertex 32.5 26.15 10.2
      vertex 32.5 28.85 10.2
    endloop
  endfacet
  facet normal 0 0 1
    outer loop
      vertex 31.9834 28.7472 10.2
      vertex 31.9834 26.2528 10.2
      vertex 32.5 26.15 10.2
    endloop
  endfacet
  facet normal -0 0 1
    outer loop
      vertex 31.5454 28.4546 10.2
      vertex 31.9834 26.2528 10.2
      vertex 31.9834 28.7472 10.2
    endloop
  endfacet
  facet normal 0 0 1
    outer loop
      vertex 31.5454 28.4546 10.2
      vertex 31.5454 26.5454 10.2
      vertex 31.9834 26.2528 10.2
    endloop
  endfacet
  facet normal -0 0 1
    outer loop
      vertex 31.2528 28.0166 10.2
      vertex 31.5454 26.5454 10.2
      vertex 31.5454 28.4546 10.2
    endloop
  endfacet
  facet normal 0 0 1
    outer loop
      vertex 31.2528 28.0166 10.2
      vertex 31.2528 26.9834 10.2
      vertex 31.5454 26.5454 10.2
    endloop
  endfacet
  facet normal 0 -0 1
    outer loop
      vertex 31.2528 26.9834 10.2
      vertex 31.2528 28.0166 10.2
      vertex 31.15 27.5 10.2
    endloop
  endfacet
  facet normal -0.555489 0.831524 0
    outer loop
      vertex 31.9834 28.7472 8
      vertex 31.5454 28.4546 10.2
      vertex 31.9834 28.7472 10.2
    endloop
  endfacet
  facet normal -0.555489 0.831524 0
    outer loop
      vertex 31.5454 28.4546 10.2
      vertex 31.9834 28.7472 8
      vertex 31.5454 28.4546 8
    endloop
  endfacet
  facet normal 0.98077 -0.195167 0
    outer loop
      vertex 33.7472 26.9834 10.2
      vertex 33.85 27.5 8
      vertex 33.85 27.5 10.2
    endloop
  endfacet
  facet normal 0.98077 -0.195167 0
    outer loop
      vertex 33.85 27.5 8
      vertex 33.7472 26.9834 10.2
      vertex 33.7472 26.9834 8
    endloop
  endfacet
  facet normal 0.555489 -0.831524 0
    outer loop
      vertex 33.0166 26.2528 8
      vertex 33.4546 26.5454 10.2
      vertex 33.0166 26.2528 10.2
    endloop
  endfacet
  facet normal 0.555489 -0.831524 0
    outer loop
      vertex 33.4546 26.5454 10.2
      vertex 33.0166 26.2528 8
      vertex 33.4546 26.5454 8
    endloop
  endfacet
  facet normal -0.195167 -0.98077 0
    outer loop
      vertex 31.9834 26.2528 8
      vertex 32.5 26.15 10.2
      vertex 31.9834 26.2528 10.2
    endloop
  endfacet
  facet normal -0.195167 -0.98077 -0
    outer loop
      vertex 32.5 26.15 10.2
      vertex 31.9834 26.2528 8
      vertex 32.5 26.15 8
    endloop
  endfacet
  facet normal -0.831524 -0.555489 0
    outer loop
      vertex 31.5454 26.5454 8
      vertex 31.2528 26.9834 10.2
      vertex 31.2528 26.9834 8
    endloop
  endfacet
  facet normal -0.831524 -0.555489 0
    outer loop
      vertex 31.2528 26.9834 10.2
      vertex 31.5454 26.5454 8
      vertex 31.5454 26.5454 10.2
    endloop
  endfacet
  facet normal -0.98077 -0.195167 0
    outer loop
      vertex 31.2528 26.9834 8
      vertex 31.15 27.5 10.2
      vertex 31.15 27.5 8
    endloop
  endfacet
  facet normal -0.98077 -0.195167 0
    outer loop
      vertex 31.15 27.5 10.2
      vertex 31.2528 26.9834 8
      vertex 31.2528 26.9834 10.2
    endloop
  endfacet
  facet normal 0.831524 -0.555489 0
    outer loop
      vertex 33.4546 26.5454 10.2
      vertex 33.7472 26.9834 8
      vertex 33.7472 26.9834 10.2
    endloop
  endfacet
  facet normal 0.831524 -0.555489 0
    outer loop
      vertex 33.7472 26.9834 8
      vertex 33.4546 26.5454 10.2
      vertex 33.4546 26.5454 8
    endloop
  endfacet
  facet normal 0.195167 -0.98077 0
    outer loop
      vertex 32.5 26.15 8
      vertex 33.0166 26.2528 10.2
      vertex 32.5 26.15 10.2
    endloop
  endfacet
  facet normal 0.195167 -0.98077 0
    outer loop
      vertex 33.0166 26.2528 10.2
      vertex 32.5 26.15 8
      vertex 33.0166 26.2528 8
    endloop
  endfacet
  facet normal -0.555489 -0.831524 0
    outer loop
      vertex 31.5454 26.5454 8
      vertex 31.9834 26.2528 10.2
      vertex 31.5454 26.5454 10.2
    endloop
  endfacet
  facet normal -0.555489 -0.831524 -0
    outer loop
      vertex 31.9834 26.2528 10.2
      vertex 31.5454 26.5454 8
      vertex 31.9834 26.2528 8
    endloop
  endfacet
  facet normal 0.980787 0.195081 0
    outer loop
      vertex 5 14 4
      vertex 4.92388 14.3827 2
      vertex 4.92388 14.3827 4
    endloop
  endfacet
  facet normal 0.980787 0.195081 0
    outer loop
      vertex 4.92388 14.3827 2
      vertex 5 14 4
      vertex 5 14 2
    endloop
  endfacet
  facet normal -0.831453 -0.555596 0
    outer loop
      vertex 0.292892 10.2929 2
      vertex 0.0761204 10.6173 4
      vertex 0.0761204 10.6173 2
    endloop
  endfacet
  facet normal -0.831453 -0.555596 0
    outer loop
      vertex 0.0761204 10.6173 4
      vertex 0.292892 10.2929 2
      vertex 0.292892 10.2929 4
    endloop
  endfacet
  facet normal 0 0 1
    outer loop
      vertex 4 15 4
      vertex 5 14 4
      vertex 4.92388 14.3827 4
    endloop
  endfacet
  facet normal 0 0 1
    outer loop
      vertex 5 14 4
      vertex 4 15 4
      vertex 5 11 4
    endloop
  endfacet
  facet normal 0 0 1
    outer loop
      vertex 4 15 4
      vertex 4.92388 14.3827 4
      vertex 4.70711 14.7071 4
    endloop
  endfacet
  facet normal 0 0 1
    outer loop
      vertex 4 10 4
      vertex 5 11 4
      vertex 4 15 4
    endloop
  endfacet
  facet normal 0 0 1
    outer loop
      vertex 4 15 4
      vertex 4.70711 14.7071 4
      vertex 4.38268 14.9239 4
    endloop
  endfacet
  facet normal 0 0 1
    outer loop
      vertex 5 11 4
      vertex 4 10 4
      vertex 4.92388 10.6173 4
    endloop
  endfacet
  facet normal 0 0 1
    outer loop
      vertex 4.92388 10.6173 4
      vertex 4 10 4
      vertex 4.70711 10.2929 4
    endloop
  endfacet
  facet normal 0 0 1
    outer loop
      vertex 4.70711 10.2929 4
      vertex 4 10 4
      vertex 4.38268 10.0761 4
    endloop
  endfacet
  facet normal -0 0 1
    outer loop
      vertex 1 15 4
      vertex 4 10 4
      vertex 4 15 4
    endloop
  endfacet
  facet normal 0 0 1
    outer loop
      vertex 1 15 4
      vertex 1 10 4
      vertex 4 10 4
    endloop
  endfacet
  facet normal -0 0 1
    outer loop
      vertex 0 14 4
      vertex 1 10 4
      vertex 1 15 4
    endloop
  endfacet
  facet normal 0 0 1
    outer loop
      vertex 0 14 4
      vertex 1 15 4
      vertex 0.617316 14.9239 4
    endloop
  endfacet
  facet normal -0 0 1
    outer loop
      vertex 0 11 4
      vertex 1 10 4
      vertex 0 14 4
    endloop
  endfacet
  facet normal 0 0 1
    outer loop
      vertex 0 14 4
      vertex 0.617316 14.9239 4
      vertex 0.292892 14.7071 4
    endloop
  endfacet
  facet normal 0 0 1
    outer loop
      vertex 1 10 4
      vertex 0 11 4
      vertex 0.999999 10 4
    endloop
  endfacet
  facet normal 0 0 1
    outer loop
      vertex 0 14 4
      vertex 0.292892 14.7071 4
      vertex 0.0761204 14.3827 4
    endloop
  endfacet
  facet normal 0 0 1
    outer loop
      vertex 0.999999 10 4
      vertex 0 11 4
      vertex 0.617316 10.0761 4
    endloop
  endfacet
  facet normal 0 0 1
    outer loop
      vertex 0.617316 10.0761 4
      vertex 0 11 4
      vertex 0.292892 10.2929 4
    endloop
  endfacet
  facet normal 0 0 1
    outer loop
      vertex 0.292892 10.2929 4
      vertex 0 11 4
      vertex 0.0761204 10.6173 4
    endloop
  endfacet
  facet normal -0.980787 -0.195082 0
    outer loop
      vertex 0.0761204 10.6173 2
      vertex 0 11 4
      vertex 0 11 2
    endloop
  endfacet
  facet normal -0.980787 -0.195082 0
    outer loop
      vertex 0 11 4
      vertex 0.0761204 10.6173 2
      vertex 0.0761204 10.6173 4
    endloop
  endfacet
  facet normal 0 1 -0
    outer loop
      vertex 4 15 2
      vertex 1 15 4
      vertex 4 15 4
    endloop
  endfacet
  facet normal 0 1 0
    outer loop
      vertex 1 15 4
      vertex 4 15 2
      vertex 1 15 2
    endloop
  endfacet
  facet normal -0.980787 0.195082 0
    outer loop
      vertex 0 14 2
      vertex 0.0761204 14.3827 4
      vertex 0.0761204 14.3827 2
    endloop
  endfacet
  facet normal -0.980787 0.195082 0
    outer loop
      vertex 0.0761204 14.3827 4
      vertex 0 14 2
      vertex 0 14 4
    endloop
  endfacet
  facet normal -0.831453 0.555596 0
    outer loop
      vertex 0.0761204 14.3827 2
      vertex 0.292892 14.7071 4
      vertex 0.292892 14.7071 2
    endloop
  endfacet
  facet normal -0.831453 0.555596 0
    outer loop
      vertex 0.292892 14.7071 4
      vertex 0.0761204 14.3827 2
      vertex 0.0761204 14.3827 4
    endloop
  endfacet
  facet normal 1 -0 0
    outer loop
      vertex 5 11 4
      vertex 5 14 2
      vertex 5 14 4
    endloop
  endfacet
  facet normal 1 0 0
    outer loop
      vertex 5 14 2
      vertex 5 11 4
      vertex 5 11 2
    endloop
  endfacet
  facet normal 0.831454 -0.555593 0
    outer loop
      vertex 4.70711 10.2929 4
      vertex 4.92388 10.6173 2
      vertex 4.92388 10.6173 4
    endloop
  endfacet
  facet normal 0.831454 -0.555593 0
    outer loop
      vertex 4.92388 10.6173 2
      vertex 4.70711 10.2929 4
      vertex 4.70711 10.2929 2
    endloop
  endfacet
  facet normal -0.555618 -0.831438 0
    outer loop
      vertex 0.292892 10.2929 2
      vertex 0.617316 10.0761 4
      vertex 0.292892 10.2929 4
    endloop
  endfacet
  facet normal -0.555618 -0.831438 -0
    outer loop
      vertex 0.617316 10.0761 4
      vertex 0.292892 10.2929 2
      vertex 0.617316 10.0761 2
    endloop
  endfacet
  facet normal 0.195042 0.980795 -0
    outer loop
      vertex 4.38268 14.9239 2
      vertex 4 15 4
      vertex 4.38268 14.9239 4
    endloop
  endfacet
  facet normal 0.195042 0.980795 0
    outer loop
      vertex 4 15 4
      vertex 4.38268 14.9239 2
      vertex 4 15 2
    endloop
  endfacet
  facet normal 0.831454 0.555593 0
    outer loop
      vertex 4.92388 14.3827 4
      vertex 4.70711 14.7071 2
      vertex 4.70711 14.7071 4
    endloop
  endfacet
  facet normal 0.831454 0.555593 0
    outer loop
      vertex 4.70711 14.7071 2
      vertex 4.92388 14.3827 4
      vertex 4.92388 14.3827 2
    endloop
  endfacet
  facet normal 0.195042 -0.980795 0
    outer loop
      vertex 4 10 2
      vertex 4.38268 10.0761 4
      vertex 4 10 4
    endloop
  endfacet
  facet normal 0.195042 -0.980795 0
    outer loop
      vertex 4.38268 10.0761 4
      vertex 4 10 2
      vertex 4.38268 10.0761 2
    endloop
  endfacet
  facet normal 0.555611 -0.831443 0
    outer loop
      vertex 4.38268 10.0761 2
      vertex 4.70711 10.2929 4
      vertex 4.38268 10.0761 4
    endloop
  endfacet
  facet normal 0.555611 -0.831443 0
    outer loop
      vertex 4.70711 10.2929 4
      vertex 4.38268 10.0761 2
      vertex 4.70711 10.2929 2
    endloop
  endfacet
  facet normal -0.19504 -0.980795 0
    outer loop
      vertex 0.617316 10.0761 2
      vertex 0.999999 10 4
      vertex 0.617316 10.0761 4
    endloop
  endfacet
  facet normal -0.19504 -0.980795 -0
    outer loop
      vertex 0.999999 10 4
      vertex 0.617316 10.0761 2
      vertex 0.999999 10 2
    endloop
  endfacet
  facet normal 0.555611 0.831443 -0
    outer loop
      vertex 4.70711 14.7071 2
      vertex 4.38268 14.9239 4
      vertex 4.70711 14.7071 4
    endloop
  endfacet
  facet normal 0.555611 0.831443 0
    outer loop
      vertex 4.38268 14.9239 4
      vertex 4.70711 14.7071 2
      vertex 4.38268 14.9239 2
    endloop
  endfacet
  facet normal 0.980787 -0.195081 0
    outer loop
      vertex 4.92388 10.6173 4
      vertex 5 11 2
      vertex 5 11 4
    endloop
  endfacet
  facet normal 0.980787 -0.195081 0
    outer loop
      vertex 5 11 2
      vertex 4.92388 10.6173 4
      vertex 4.92388 10.6173 2
    endloop
  endfacet
  facet normal -0.555618 0.831438 0
    outer loop
      vertex 0.617316 14.9239 2
      vertex 0.292892 14.7071 4
      vertex 0.617316 14.9239 4
    endloop
  endfacet
  facet normal -0.555618 0.831438 0
    outer loop
      vertex 0.292892 14.7071 4
      vertex 0.617316 14.9239 2
      vertex 0.292892 14.7071 2
    endloop
  endfacet
  facet normal -0.19504 0.980795 0
    outer loop
      vertex 1 15 2
      vertex 0.617316 14.9239 4
      vertex 1 15 4
    endloop
  endfacet
  facet normal -0.19504 0.980795 0
    outer loop
      vertex 0.617316 14.9239 4
      vertex 1 15 2
      vertex 0.617316 14.9239 2
    endloop
  endfacet
  facet normal 0.831454 -0.555593 0
    outer loop
      vertex 4.70711 20.2929 4
      vertex 4.92388 20.6173 2
      vertex 4.92388 20.6173 4
    endloop
  endfacet
  facet normal 0.831454 -0.555593 0
    outer loop
      vertex 4.92388 20.6173 2
      vertex 4.70711 20.2929 4
      vertex 4.70711 20.2929 2
    endloop
  endfacet
  facet normal 0.555611 -0.831443 0
    outer loop
      vertex 4.38268 20.0761 2
      vertex 4.70711 20.2929 4
      vertex 4.38268 20.0761 4
    endloop
  endfacet
  facet normal 0.555611 -0.831443 0
    outer loop
      vertex 4.70711 20.2929 4
      vertex 4.38268 20.0761 2
      vertex 4.70711 20.2929 2
    endloop
  endfacet
  facet normal -0.980787 -0.195082 0
    outer loop
      vertex 0.0761204 20.6173 2
      vertex 0 21 4
      vertex 0 21 2
    endloop
  endfacet
  facet normal -0.980787 -0.195082 0
    outer loop
      vertex 0 21 4
      vertex 0.0761204 20.6173 2
      vertex 0.0761204 20.6173 4
    endloop
  endfacet
  facet normal -0.980787 0.195082 0
    outer loop
      vertex 0 24 2
      vertex 0.0761204 24.3827 4
      vertex 0.0761204 24.3827 2
    endloop
  endfacet
  facet normal -0.980787 0.195082 0
    outer loop
      vertex 0.0761204 24.3827 4
      vertex 0 24 2
      vertex 0 24 4
    endloop
  endfacet
  facet normal -0.831453 0.555596 0
    outer loop
      vertex 0.0761204 24.3827 2
      vertex 0.292892 24.7071 4
      vertex 0.292892 24.7071 2
    endloop
  endfacet
  facet normal -0.831453 0.555596 0
    outer loop
      vertex 0.292892 24.7071 4
      vertex 0.0761204 24.3827 2
      vertex 0.0761204 24.3827 4
    endloop
  endfacet
  facet normal 0.831454 0.555593 0
    outer loop
      vertex 4.92388 24.3827 4
      vertex 4.70711 24.7071 2
      vertex 4.70711 24.7071 4
    endloop
  endfacet
  facet normal 0.831454 0.555593 0
    outer loop
      vertex 4.70711 24.7071 2
      vertex 4.92388 24.3827 4
      vertex 4.92388 24.3827 2
    endloop
  endfacet
  facet normal 0.555611 0.831443 -0
    outer loop
      vertex 4.70711 24.7071 2
      vertex 4.38268 24.9239 4
      vertex 4.70711 24.7071 4
    endloop
  endfacet
  facet normal 0.555611 0.831443 0
    outer loop
      vertex 4.38268 24.9239 4
      vertex 4.70711 24.7071 2
      vertex 4.38268 24.9239 2
    endloop
  endfacet
  facet normal 1 -0 0
    outer loop
      vertex 5 21 4
      vertex 5 24 2
      vertex 5 24 4
    endloop
  endfacet
  facet normal 1 0 0
    outer loop
      vertex 5 24 2
      vertex 5 21 4
      vertex 5 21 2
    endloop
  endfacet
  facet normal 0.980787 -0.195081 0
    outer loop
      vertex 4.92388 20.6173 4
      vertex 5 21 2
      vertex 5 21 4
    endloop
  endfacet
  facet normal 0.980787 -0.195081 0
    outer loop
      vertex 5 21 2
      vertex 4.92388 20.6173 4
      vertex 4.92388 20.6173 2
    endloop
  endfacet
  facet normal 0 -1 0
    outer loop
      vertex 0.999999 20 2
      vertex 4 20 4
      vertex 0.999999 20 4
    endloop
  endfacet
  facet normal 0 -1 -0
    outer loop
      vertex 4 20 4
      vertex 0.999999 20 2
      vertex 4 20 2
    endloop
  endfacet
  facet normal 0.195042 -0.980795 0
    outer loop
      vertex 4 20 2
      vertex 4.38268 20.0761 4
      vertex 4 20 4
    endloop
  endfacet
  facet normal 0.195042 -0.980795 0
    outer loop
      vertex 4.38268 20.0761 4
      vertex 4 20 2
      vertex 4.38268 20.0761 2
    endloop
  endfacet
  facet normal 0 0 1
    outer loop
      vertex 4 25 4
      vertex 5 24 4
      vertex 4.92388 24.3827 4
    endloop
  endfacet
  facet normal 0 0 1
    outer loop
      vertex 5 24 4
      vertex 4 25 4
      vertex 5 21 4
    endloop
  endfacet
  facet normal 0 0 1
    outer loop
      vertex 4 25 4
      vertex 4.92388 24.3827 4
      vertex 4.70711 24.7071 4
    endloop
  endfacet
  facet normal 0 0 1
    outer loop
      vertex 4 20 4
      vertex 5 21 4
      vertex 4 25 4
    endloop
  endfacet
  facet normal 0 0 1
    outer loop
      vertex 4 25 4
      vertex 4.70711 24.7071 4
      vertex 4.38268 24.9239 4
    endloop
  endfacet
  facet normal 0 0 1
    outer loop
      vertex 5 21 4
      vertex 4 20 4
      vertex 4.92388 20.6173 4
    endloop
  endfacet
  facet normal 0 0 1
    outer loop
      vertex 4.92388 20.6173 4
      vertex 4 20 4
      vertex 4.70711 20.2929 4
    endloop
  endfacet
  facet normal 0 0 1
    outer loop
      vertex 4.70711 20.2929 4
      vertex 4 20 4
      vertex 4.38268 20.0761 4
    endloop
  endfacet
  facet normal -0 0 1
    outer loop
      vertex 1 25 4
      vertex 4 20 4
      vertex 4 25 4
    endloop
  endfacet
  facet normal 0 0 1
    outer loop
      vertex 1 25 4
      vertex 0.999999 20 4
      vertex 4 20 4
    endloop
  endfacet
  facet normal 0 0 1
    outer loop
      vertex 0 24 4
      vertex 1 25 4
      vertex 0.617316 24.9239 4
    endloop
  endfacet
  facet normal 0 0 1
    outer loop
      vertex 1 25 4
      vertex 0 24 4
      vertex 0.999999 20 4
    endloop
  endfacet
  facet normal 0 0 1
    outer loop
      vertex 0 24 4
      vertex 0.617316 24.9239 4
      vertex 0.292892 24.7071 4
    endloop
  endfacet
  facet normal -0 0 1
    outer loop
      vertex 0 21 4
      vertex 0.999999 20 4
      vertex 0 24 4
    endloop
  endfacet
  facet normal 0 0 1
    outer loop
      vertex 0 24 4
      vertex 0.292892 24.7071 4
      vertex 0.0761204 24.3827 4
    endloop
  endfacet
  facet normal 0 0 1
    outer loop
      vertex 0.999999 20 4
      vertex 0 21 4
      vertex 0.617316 20.0761 4
    endloop
  endfacet
  facet normal 0 0 1
    outer loop
      vertex 0.617316 20.0761 4
      vertex 0 21 4
      vertex 0.292892 20.2929 4
    endloop
  endfacet
  facet normal 0 0 1
    outer loop
      vertex 0.292892 20.2929 4
      vertex 0 21 4
      vertex 0.0761204 20.6173 4
    endloop
  endfacet
  facet normal 0.195042 0.980795 -0
    outer loop
      vertex 4.38268 24.9239 2
      vertex 4 25 4
      vertex 4.38268 24.9239 4
    endloop
  endfacet
  facet normal 0.195042 0.980795 0
    outer loop
      vertex 4 25 4
      vertex 4.38268 24.9239 2
      vertex 4 25 2
    endloop
  endfacet
  facet normal -0.555618 -0.831438 0
    outer loop
      vertex 0.292892 20.2929 2
      vertex 0.617316 20.0761 4
      vertex 0.292892 20.2929 4
    endloop
  endfacet
  facet normal -0.555618 -0.831438 -0
    outer loop
      vertex 0.617316 20.0761 4
      vertex 0.292892 20.2929 2
      vertex 0.617316 20.0761 2
    endloop
  endfacet
  facet normal -0.831453 -0.555596 0
    outer loop
      vertex 0.292892 20.2929 2
      vertex 0.0761204 20.6173 4
      vertex 0.0761204 20.6173 2
    endloop
  endfacet
  facet normal -0.831453 -0.555596 0
    outer loop
      vertex 0.0761204 20.6173 4
      vertex 0.292892 20.2929 2
      vertex 0.292892 20.2929 4
    endloop
  endfacet
  facet normal -0.19504 -0.980795 0
    outer loop
      vertex 0.617316 20.0761 2
      vertex 0.999999 20 4
      vertex 0.617316 20.0761 4
    endloop
  endfacet
  facet normal -0.19504 -0.980795 -0
    outer loop
      vertex 0.999999 20 4
      vertex 0.617316 20.0761 2
      vertex 0.999999 20 2
    endloop
  endfacet
  facet normal -0.555618 0.831438 0
    outer loop
      vertex 0.617316 24.9239 2
      vertex 0.292892 24.7071 4
      vertex 0.617316 24.9239 4
    endloop
  endfacet
  facet normal -0.555618 0.831438 0
    outer loop
      vertex 0.292892 24.7071 4
      vertex 0.617316 24.9239 2
      vertex 0.292892 24.7071 2
    endloop
  endfacet
  facet normal 0.980787 0.195081 0
    outer loop
      vertex 5 24 4
      vertex 4.92388 24.3827 2
      vertex 4.92388 24.3827 4
    endloop
  endfacet
  facet normal 0.980787 0.195081 0
    outer loop
      vertex 4.92388 24.3827 2
      vertex 5 24 4
      vertex 5 24 2
    endloop
  endfacet
  facet normal -0.19504 0.980795 0
    outer loop
      vertex 1 25 2
      vertex 0.617316 24.9239 4
      vertex 1 25 4
    endloop
  endfacet
  facet normal -0.19504 0.980795 0
    outer loop
      vertex 0.617316 24.9239 4
      vertex 1 25 2
      vertex 0.617316 24.9239 2
    endloop
  endfacet
  facet normal 0.980797 0.195032 0
    outer loop
      vertex 35 14 4
      vertex 34.9239 14.3827 2
      vertex 34.9239 14.3827 4
    endloop
  endfacet
  facet normal 0.980797 0.195032 0
    outer loop
      vertex 34.9239 14.3827 2
      vertex 35 14 4
      vertex 35 14 2
    endloop
  endfacet
  facet normal -0.831419 -0.555646 0
    outer loop
      vertex 30.2929 10.2929 2
      vertex 30.0761 10.6173 4
      vertex 30.0761 10.6173 2
    endloop
  endfacet
  facet normal -0.831419 -0.555646 0
    outer loop
      vertex 30.0761 10.6173 4
      vertex 30.2929 10.2929 2
      vertex 30.2929 10.2929 4
    endloop
  endfacet
  facet normal 0 0 1
    outer loop
      vertex 34 15 4
      vertex 35 14 4
      vertex 34.9239 14.3827 4
    endloop
  endfacet
  facet normal 0 0 1
    outer loop
      vertex 35 14 4
      vertex 34 15 4
      vertex 35 11 4
    endloop
  endfacet
  facet normal 0 0 1
    outer loop
      vertex 34 15 4
      vertex 34.9239 14.3827 4
      vertex 34.7071 14.7071 4
    endloop
  endfacet
  facet normal 0 0 1
    outer loop
      vertex 34 10 4
      vertex 35 11 4
      vertex 34 15 4
    endloop
  endfacet
  facet normal 0 0 1
    outer loop
      vertex 34 15 4
      vertex 34.7071 14.7071 4
      vertex 34.3827 14.9239 4
    endloop
  endfacet
  facet normal 0 0 1
    outer loop
      vertex 35 11 4
      vertex 34 10 4
      vertex 34.9239 10.6173 4
    endloop
  endfacet
  facet normal 0 0 1
    outer loop
      vertex 34.9239 10.6173 4
      vertex 34 10 4
      vertex 34.7071 10.2929 4
    endloop
  endfacet
  facet normal 0 0 1
    outer loop
      vertex 34.7071 10.2929 4
      vertex 34 10 4
      vertex 34.3827 10.0761 4
    endloop
  endfacet
  facet normal -0 0 1
    outer loop
      vertex 31 15 4
      vertex 34 10 4
      vertex 34 15 4
    endloop
  endfacet
  facet normal 0 0 1
    outer loop
      vertex 31 15 4
      vertex 31 10 4
      vertex 34 10 4
    endloop
  endfacet
  facet normal 0 0 1
    outer loop
      vertex 30 14 4
      vertex 31 15 4
      vertex 30.6173 14.9239 4
    endloop
  endfacet
  facet normal 0 0 1
    outer loop
      vertex 31 15 4
      vertex 30 14 4
      vertex 31 10 4
    endloop
  endfacet
  facet normal 0 0 1
    outer loop
      vertex 30 14 4
      vertex 30.6173 14.9239 4
      vertex 30.2929 14.7071 4
    endloop
  endfacet
  facet normal -0 0 1
    outer loop
      vertex 30 11 4
      vertex 31 10 4
      vertex 30 14 4
    endloop
  endfacet
  facet normal 0 0 1
    outer loop
      vertex 30 14 4
      vertex 30.2929 14.7071 4
      vertex 30.0761 14.3827 4
    endloop
  endfacet
  facet normal 0 0 1
    outer loop
      vertex 31 10 4
      vertex 30 11 4
      vertex 30.6173 10.0761 4
    endloop
  endfacet
  facet normal 0 0 1
    outer loop
      vertex 30.6173 10.0761 4
      vertex 30 11 4
      vertex 30.2929 10.2929 4
    endloop
  endfacet
  facet normal 0 0 1
    outer loop
      vertex 30.2929 10.2929 4
      vertex 30 11 4
      vertex 30.0761 10.6173 4
    endloop
  endfacet
  facet normal -1 0 0
    outer loop
      vertex 30 11 2
      vertex 30 14 4
      vertex 30 14 2
    endloop
  endfacet
  facet normal -1 -0 0
    outer loop
      vertex 30 14 4
      vertex 30 11 2
      vertex 30 11 4
    endloop
  endfacet
  facet normal -0.980797 -0.195032 0
    outer loop
      vertex 30.0761 10.6173 2
      vertex 30 11 4
      vertex 30 11 2
    endloop
  endfacet
  facet normal -0.980797 -0.195032 0
    outer loop
      vertex 30 11 4
      vertex 30.0761 10.6173 2
      vertex 30.0761 10.6173 4
    endloop
  endfacet
  facet normal 0 1 -0
    outer loop
      vertex 34 15 2
      vertex 31 15 4
      vertex 34 15 4
    endloop
  endfacet
  facet normal 0 1 0
    outer loop
      vertex 31 15 4
      vertex 34 15 2
      vertex 31 15 2
    endloop
  endfacet
  facet normal -0.980797 0.195032 0
    outer loop
      vertex 30 14 2
      vertex 30.0761 14.3827 4
      vertex 30.0761 14.3827 2
    endloop
  endfacet
  facet normal -0.980797 0.195032 0
    outer loop
      vertex 30.0761 14.3827 4
      vertex 30 14 2
      vertex 30 14 4
    endloop
  endfacet
  facet normal -0.831419 0.555646 0
    outer loop
      vertex 30.0761 14.3827 2
      vertex 30.2929 14.7071 4
      vertex 30.2929 14.7071 2
    endloop
  endfacet
  facet normal -0.831419 0.555646 0
    outer loop
      vertex 30.2929 14.7071 4
      vertex 30.0761 14.3827 2
      vertex 30.0761 14.3827 4
    endloop
  endfacet
  facet normal 0.555646 0.831419 -0
    outer loop
      vertex 34.7071 14.7071 2
      vertex 34.3827 14.9239 4
      vertex 34.7071 14.7071 4
    endloop
  endfacet
  facet normal 0.555646 0.831419 0
    outer loop
      vertex 34.3827 14.9239 4
      vertex 34.7071 14.7071 2
      vertex 34.3827 14.9239 2
    endloop
  endfacet
  facet normal 0.831419 -0.555646 0
    outer loop
      vertex 34.7071 10.2929 4
      vertex 34.9239 10.6173 2
      vertex 34.9239 10.6173 4
    endloop
  endfacet
  facet normal 0.831419 -0.555646 0
    outer loop
      vertex 34.9239 10.6173 2
      vertex 34.7071 10.2929 4
      vertex 34.7071 10.2929 2
    endloop
  endfacet
  facet normal -0.555646 -0.831419 0
    outer loop
      vertex 30.2929 10.2929 2
      vertex 30.6173 10.0761 4
      vertex 30.2929 10.2929 4
    endloop
  endfacet
  facet normal -0.555646 -0.831419 -0
    outer loop
      vertex 30.6173 10.0761 4
      vertex 30.2929 10.2929 2
      vertex 30.6173 10.0761 2
    endloop
  endfacet
  facet normal 0.195032 0.980797 -0
    outer loop
      vertex 34.3827 14.9239 2
      vertex 34 15 4
      vertex 34.3827 14.9239 4
    endloop
  endfacet
  facet normal 0.195032 0.980797 0
    outer loop
      vertex 34 15 4
      vertex 34.3827 14.9239 2
      vertex 34 15 2
    endloop
  endfacet
  facet normal 0.831419 0.555646 0
    outer loop
      vertex 34.9239 14.3827 4
      vertex 34.7071 14.7071 2
      vertex 34.7071 14.7071 4
    endloop
  endfacet
  facet normal 0.831419 0.555646 0
    outer loop
      vertex 34.7071 14.7071 2
      vertex 34.9239 14.3827 4
      vertex 34.9239 14.3827 2
    endloop
  endfacet
  facet normal 0.195032 -0.980797 0
    outer loop
      vertex 34 10 2
      vertex 34.3827 10.0761 4
      vertex 34 10 4
    endloop
  endfacet
  facet normal 0.195032 -0.980797 0
    outer loop
      vertex 34.3827 10.0761 4
      vertex 34 10 2
      vertex 34.3827 10.0761 2
    endloop
  endfacet
  facet normal 0.555646 -0.831419 0
    outer loop
      vertex 34.3827 10.0761 2
      vertex 34.7071 10.2929 4
      vertex 34.3827 10.0761 4
    endloop
  endfacet
  facet normal 0.555646 -0.831419 0
    outer loop
      vertex 34.7071 10.2929 4
      vertex 34.3827 10.0761 2
      vertex 34.7071 10.2929 2
    endloop
  endfacet
  facet normal -0.195032 -0.980797 0
    outer loop
      vertex 30.6173 10.0761 2
      vertex 31 10 4
      vertex 30.6173 10.0761 4
    endloop
  endfacet
  facet normal -0.195032 -0.980797 -0
    outer loop
      vertex 31 10 4
      vertex 30.6173 10.0761 2
      vertex 31 10 2
    endloop
  endfacet
  facet normal 0.980797 -0.195032 0
    outer loop
      vertex 34.9239 10.6173 4
      vertex 35 11 2
      vertex 35 11 4
    endloop
  endfacet
  facet normal 0.980797 -0.195032 0
    outer loop
      vertex 35 11 2
      vertex 34.9239 10.6173 4
      vertex 34.9239 10.6173 2
    endloop
  endfacet
  facet normal -0.555646 0.831419 0
    outer loop
      vertex 30.6173 14.9239 2
      vertex 30.2929 14.7071 4
      vertex 30.6173 14.9239 4
    endloop
  endfacet
  facet normal -0.555646 0.831419 0
    outer loop
      vertex 30.2929 14.7071 4
      vertex 30.6173 14.9239 2
      vertex 30.2929 14.7071 2
    endloop
  endfacet
  facet normal -0.195032 0.980797 0
    outer loop
      vertex 31 15 2
      vertex 30.6173 14.9239 4
      vertex 31 15 4
    endloop
  endfacet
  facet normal -0.195032 0.980797 0
    outer loop
      vertex 30.6173 14.9239 4
      vertex 31 15 2
      vertex 30.6173 14.9239 2
    endloop
  endfacet
  facet normal 0.831419 -0.555646 0
    outer loop
      vertex 34.7071 20.2929 4
      vertex 34.9239 20.6173 2
      vertex 34.9239 20.6173 4
    endloop
  endfacet
  facet normal 0.831419 -0.555646 0
    outer loop
      vertex 34.9239 20.6173 2
      vertex 34.7071 20.2929 4
      vertex 34.7071 20.2929 2
    endloop
  endfacet
  facet normal 0.555646 -0.831419 0
    outer loop
      vertex 34.3827 20.0761 2
      vertex 34.7071 20.2929 4
      vertex 34.3827 20.0761 4
    endloop
  endfacet
  facet normal 0.555646 -0.831419 0
    outer loop
      vertex 34.7071 20.2929 4
      vertex 34.3827 20.0761 2
      vertex 34.7071 20.2929 2
    endloop
  endfacet
  facet normal -1 0 0
    outer loop
      vertex 30 21 2
      vertex 30 24 4
      vertex 30 24 2
    endloop
  endfacet
  facet normal -1 -0 0
    outer loop
      vertex 30 24 4
      vertex 30 21 2
      vertex 30 21 4
    endloop
  endfacet
  facet normal -0.980797 -0.195032 0
    outer loop
      vertex 30.0761 20.6173 2
      vertex 30 21 4
      vertex 30 21 2
    endloop
  endfacet
  facet normal -0.980797 -0.195032 0
    outer loop
      vertex 30 21 4
      vertex 30.0761 20.6173 2
      vertex 30.0761 20.6173 4
    endloop
  endfacet
  facet normal -0.831419 0.555646 0
    outer loop
      vertex 30.0761 24.3827 2
      vertex 30.2929 24.7071 4
      vertex 30.2929 24.7071 2
    endloop
  endfacet
  facet normal -0.831419 0.555646 0
    outer loop
      vertex 30.2929 24.7071 4
      vertex 30.0761 24.3827 2
      vertex 30.0761 24.3827 4
    endloop
  endfacet
  facet normal 0.831419 0.555646 0
    outer loop
      vertex 34.9239 24.3827 4
      vertex 34.7071 24.7071 2
      vertex 34.7071 24.7071 4
    endloop
  endfacet
  facet normal 0.831419 0.555646 0
    outer loop
      vertex 34.7071 24.7071 2
      vertex 34.9239 24.3827 4
      vertex 34.9239 24.3827 2
    endloop
  endfacet
  facet normal 0.555646 0.831419 -0
    outer loop
      vertex 34.7071 24.7071 2
      vertex 34.3827 24.9239 4
      vertex 34.7071 24.7071 4
    endloop
  endfacet
  facet normal 0.555646 0.831419 0
    outer loop
      vertex 34.3827 24.9239 4
      vertex 34.7071 24.7071 2
      vertex 34.3827 24.9239 2
    endloop
  endfacet
  facet normal 0.980797 -0.195032 0
    outer loop
      vertex 34.9239 20.6173 4
      vertex 35 21 2
      vertex 35 21 4
    endloop
  endfacet
  facet normal 0.980797 -0.195032 0
    outer loop
      vertex 35 21 2
      vertex 34.9239 20.6173 4
      vertex 34.9239 20.6173 2
    endloop
  endfacet
  facet normal 0 -1 0
    outer loop
      vertex 31 20 2
      vertex 34 20 4
      vertex 31 20 4
    endloop
  endfacet
  facet normal 0 -1 -0
    outer loop
      vertex 34 20 4
      vertex 31 20 2
      vertex 34 20 2
    endloop
  endfacet
  facet normal 0.195032 -0.980797 0
    outer loop
      vertex 34 20 2
      vertex 34.3827 20.0761 4
      vertex 34 20 4
    endloop
  endfacet
  facet normal 0.195032 -0.980797 0
    outer loop
      vertex 34.3827 20.0761 4
      vertex 34 20 2
      vertex 34.3827 20.0761 2
    endloop
  endfacet
  facet normal 0 0 1
    outer loop
      vertex 34 25 4
      vertex 35 24 4
      vertex 34.9239 24.3827 4
    endloop
  endfacet
  facet normal 0 0 1
    outer loop
      vertex 35 24 4
      vertex 34 25 4
      vertex 35 21 4
    endloop
  endfacet
  facet normal 0 0 1
    outer loop
      vertex 34 25 4
      vertex 34.9239 24.3827 4
      vertex 34.7071 24.7071 4
    endloop
  endfacet
  facet normal 0 0 1
    outer loop
      vertex 34 20 4
      vertex 35 21 4
      vertex 34 25 4
    endloop
  endfacet
  facet normal 0 0 1
    outer loop
      vertex 34 25 4
      vertex 34.7071 24.7071 4
      vertex 34.3827 24.9239 4
    endloop
  endfacet
  facet normal 0 0 1
    outer loop
      vertex 35 21 4
      vertex 34 20 4
      vertex 34.9239 20.6173 4
    endloop
  endfacet
  facet normal 0 0 1
    outer loop
      vertex 34.9239 20.6173 4
      vertex 34 20 4
      vertex 34.7071 20.2929 4
    endloop
  endfacet
  facet normal 0 0 1
    outer loop
      vertex 34.7071 20.2929 4
      vertex 34 20 4
      vertex 34.3827 20.0761 4
    endloop
  endfacet
  facet normal -0 0 1
    outer loop
      vertex 31 25 4
      vertex 34 20 4
      vertex 34 25 4
    endloop
  endfacet
  facet normal 0 0 1
    outer loop
      vertex 31 25 4
      vertex 31 20 4
      vertex 34 20 4
    endloop
  endfacet
  facet normal 0 0 1
    outer loop
      vertex 30 24 4
      vertex 31 25 4
      vertex 30.6173 24.9239 4
    endloop
  endfacet
  facet normal 0 0 1
    outer loop
      vertex 31 25 4
      vertex 30 24 4
      vertex 31 20 4
    endloop
  endfacet
  facet normal 0 0 1
    outer loop
      vertex 30 24 4
      vertex 30.6173 24.9239 4
      vertex 30.2929 24.7071 4
    endloop
  endfacet
  facet normal -0 0 1
    outer loop
      vertex 30 21 4
      vertex 31 20 4
      vertex 30 24 4
    endloop
  endfacet
  facet normal 0 0 1
    outer loop
      vertex 30 24 4
      vertex 30.2929 24.7071 4
      vertex 30.0761 24.3827 4
    endloop
  endfacet
  facet normal 0 0 1
    outer loop
      vertex 31 20 4
      vertex 30 21 4
      vertex 30.6173 20.0761 4
    endloop
  endfacet
  facet normal 0 0 1
    outer loop
      vertex 30.6173 20.0761 4
      vertex 30 21 4
      vertex 30.2929 20.2929 4
    endloop
  endfacet
  facet normal 0 0 1
    outer loop
      vertex 30.2929 20.2929 4
      vertex 30 21 4
      vertex 30.0761 20.6173 4
    endloop
  endfacet
  facet normal -0.980797 0.195032 0
    outer loop
      vertex 30 24 2
      vertex 30.0761 24.3827 4
      vertex 30.0761 24.3827 2
    endloop
  endfacet
  facet normal -0.980797 0.195032 0
    outer loop
      vertex 30.0761 24.3827 4
      vertex 30 24 2
      vertex 30 24 4
    endloop
  endfacet
  facet normal 0.195032 0.980797 -0
    outer loop
      vertex 34.3827 24.9239 2
      vertex 34 25 4
      vertex 34.3827 24.9239 4
    endloop
  endfacet
  facet normal 0.195032 0.980797 0
    outer loop
      vertex 34 25 4
      vertex 34.3827 24.9239 2
      vertex 34 25 2
    endloop
  endfacet
  facet normal -0.555646 -0.831419 0
    outer loop
      vertex 30.2929 20.2929 2
      vertex 30.6173 20.0761 4
      vertex 30.2929 20.2929 4
    endloop
  endfacet
  facet normal -0.555646 -0.831419 -0
    outer loop
      vertex 30.6173 20.0761 4
      vertex 30.2929 20.2929 2
      vertex 30.6173 20.0761 2
    endloop
  endfacet
  facet normal -0.831419 -0.555646 0
    outer loop
      vertex 30.2929 20.2929 2
      vertex 30.0761 20.6173 4
      vertex 30.0761 20.6173 2
    endloop
  endfacet
  facet normal -0.831419 -0.555646 0
    outer loop
      vertex 30.0761 20.6173 4
      vertex 30.2929 20.2929 2
      vertex 30.2929 20.2929 4
    endloop
  endfacet
  facet normal -0.195032 -0.980797 0
    outer loop
      vertex 30.6173 20.0761 2
      vertex 31 20 4
      vertex 30.6173 20.0761 4
    endloop
  endfacet
  facet normal -0.195032 -0.980797 -0
    outer loop
      vertex 31 20 4
      vertex 30.6173 20.0761 2
      vertex 31 20 2
    endloop
  endfacet
  facet normal -0.555646 0.831419 0
    outer loop
      vertex 30.6173 24.9239 2
      vertex 30.2929 24.7071 4
      vertex 30.6173 24.9239 4
    endloop
  endfacet
  facet normal -0.555646 0.831419 0
    outer loop
      vertex 30.2929 24.7071 4
      vertex 30.6173 24.9239 2
      vertex 30.2929 24.7071 2
    endloop
  endfacet
  facet normal 0.980797 0.195032 0
    outer loop
      vertex 35 24 4
      vertex 34.9239 24.3827 2
      vertex 34.9239 24.3827 4
    endloop
  endfacet
  facet normal 0.980797 0.195032 0
    outer loop
      vertex 34.9239 24.3827 2
      vertex 35 24 4
      vertex 35 24 2
    endloop
  endfacet
  facet normal -0.195032 0.980797 0
    outer loop
      vertex 31 25 2
      vertex 30.6173 24.9239 4
      vertex 31 25 4
    endloop
  endfacet
  facet normal -0.195032 0.980797 0
    outer loop
      vertex 30.6173 24.9239 4
      vertex 31 25 2
      vertex 30.6173 24.9239 2
    endloop
  endfacet
endsolid OpenSCAD_Model
